base_yaw,shoulder,elbow,wrist_pitch,wrist_roll,gripper
0.000000,0.000000,0.000000,0.000000,0.000000,0.000000
0.000000,0.000000,-0.000000,-0.000000,0.000000,0.000000
0.000001,0.000001,-0.000001,-0.000000,0.000000,0.000001
0.000001,0.000002,-0.000002,-0.000001,0.000000,0.000002
0.000003,0.000004,-0.000003,-0.000002,0.000000,0.000004
0.000004,0.000006,-0.000005,-0.000003,0.000000,0.000007
0.000006,0.000009,-0.000007,-0.000004,0.000000,0.000010
0.000008,0.000012,-0.000010,-0.000006,0.000000,0.000014
0.000010,0.000015,-0.000013,-0.000008,0.000000,0.000018
0.000013,0.000019,-0.000016,-0.000010,0.000000,0.000022
0.000016,0.000024,-0.000020,-0.000012,0.000000,0.000028
0.000019,0.000029,-0.000024,-0.000014,0.000000,0.000033
0.000023,0.000034,-0.000028,-0.000017,0.000000,0.000040
0.000027,0.000040,-0.000033,-0.000020,0.000000,0.000047
0.000031,0.000046,-0.000039,-0.000023,0.000000,0.000054
0.000036,0.000053,-0.000044,-0.000027,0.000000,0.000062
0.000040,0.000061,-0.000051,-0.000030,0.000000,0.000071
0.000046,0.000068,-0.000057,-0.000034,0.000000,0.000080
0.000051,0.000077,-0.000064,-0.000038,0.000000,0.000090
0.000057,0.000086,-0.000071,-0.000043,0.000000,0.000100
0.000063,0.000095,-0.000079,-0.000047,0.000000,0.000111
0.000070,0.000104,-0.000087,-0.000052,0.000000,0.000122
0.000076,0.000115,-0.000096,-0.000057,0.000000,0.000134
0.000084,0.000125,-0.000104,-0.000063,0.000000,0.000146
0.000091,0.000136,-0.000114,-0.000068,0.000000,0.000159
0.000099,0.000148,-0.000123,-0.000074,0.000000,0.000173
0.000107,0.000160,-0.000133,-0.000080,0.000000,0.000187
0.000115,0.000173,-0.000144,-0.000086,0.000000,0.000201
0.000124,0.000186,-0.000155,-0.000093,0.000000,0.000217
0.000133,0.000199,-0.000166,-0.000100,0.000000,0.000232
0.000142,0.000213,-0.000178,-0.000107,0.000000,0.000249
0.000152,0.000228,-0.000190,-0.000114,0.000000,0.000266
0.000162,0.000243,-0.000202,-0.000121,0.000000,0.000283
0.000172,0.000258,-0.000215,-0.000129,0.000000,0.000301
0.000183,0.000274,-0.000228,-0.000137,0.000000,0.000319
0.000193,0.000290,-0.000242,-0.000145,0.000000,0.000339
0.000205,0.000307,-0.000256,-0.000153,0.000000,0.000358
0.000216,0.000324,-0.000270,-0.000162,0.000000,0.000378
0.000228,0.000342,-0.000285,-0.000171,0.000000,0.000399
0.000240,0.000360,-0.000300,-0.000180,0.000000,0.000420
0.000253,0.000379,-0.000316,-0.000189,0.000000,0.000442
0.000265,0.000398,-0.000332,-0.000199,0.000000,0.000465
0.000279,0.000418,-0.000348,-0.000209,0.000000,0.000487
0.000292,0.000438,-0.000365,-0.000219,0.000000,0.000511
0.000306,0.000459,-0.000382,-0.000229,0.000000,0.000535
0.000320,0.000480,-0.000400,-0.000240,0.000000,0.000560
0.000334,0.000501,-0.000418,-0.000251,0.000000,0.000585
0.000349,0.000523,-0.000436,-0.000262,0.000000,0.000610
0.000364,0.000546,-0.000455,-0.000273,0.000000,0.000637
0.000379,0.000569,-0.000474,-0.000284,0.000000,0.000663
0.000395,0.000592,-0.000493,-0.000296,0.000000,0.000691
0.000411,0.000616,-0.000513,-0.000308,0.000000,0.000719
0.000427,0.000640,-0.000534,-0.000320,0.000000,0.000747
0.000444,0.000665,-0.000554,-0.000333,0.000000,0.000776
0.000460,0.000691,-0.000575,-0.000345,0.000000,0.000806
0.000478,0.000716,-0.000597,-0.000358,0.000000,0.000836
0.000495,0.000743,-0.000619,-0.000371,0.000000,0.000866
0.000513,0.000769,-0.000641,-0.000385,0.000000,0.000898
0.000531,0.000797,-0.000664,-0.000398,0.000000,0.000929
0.000550,0.000824,-0.000687,-0.000412,0.000000,0.000962
0.000568,0.000853,-0.000710,-0.000426,0.000000,0.000995
0.000587,0.000881,-0.000734,-0.000441,0.000000,0.001028
0.000607,0.000910,-0.000759,-0.000455,0.000000,0.001062
0.000627,0.000940,-0.000783,-0.000470,0.000000,0.001096
0.000647,0.000970,-0.000808,-0.000485,0.000000,0.001132
0.000667,0.001000,-0.000834,-0.000500,0.000000,0.001167
0.000688,0.001031,-0.000860,-0.000516,0.000000,0.001203
0.000709,0.001063,-0.000886,-0.000531,0.000000,0.001240
0.000730,0.001095,-0.000912,-0.000547,0.000000,0.001277
0.000752,0.001127,-0.000939,-0.000564,0.000000,0.001315
0.000773,0.001160,-0.000967,-0.000580,0.000000,0.001354
0.000796,0.001194,-0.000995,-0.000597,0.000000,0.001392
0.000818,0.001227,-0.001023,-0.000614,0.000000,0.001432
0.000841,0.001262,-0.001051,-0.000631,0.000000,0.001472
0.000864,0.001296,-0.001080,-0.000648,0.000000,0.001512
0.000888,0.001332,-0.001110,-0.000666,0.000000,0.001554
0.000912,0.001367,-0.001139,-0.000684,0.000000,0.001595
0.000936,0.001404,-0.001170,-0.000702,0.000000,0.001638
0.000960,0.001440,-0.001200,-0.000720,0.000000,0.001680
0.000985,0.001477,-0.001231,-0.000739,0.000000,0.001724
0.001010,0.001515,-0.001262,-0.000757,0.000000,0.001767
0.001035,0.001553,-0.001294,-0.000777,0.000000,0.001812
0.001061,0.001592,-0.001326,-0.000796,0.000000,0.001857
0.001087,0.001631,-0.001359,-0.000815,0.000000,0.001902
0.001113,0.001670,-0.001392,-0.000835,0.000000,0.001948
0.001140,0.001710,-0.001425,-0.000855,0.000000,0.001995
0.001167,0.001751,-0.001459,-0.000875,0.000000,0.002042
0.001194,0.001791,-0.001493,-0.000896,0.000000,0.002090
0.001222,0.001833,-0.001527,-0.000916,0.000000,0.002138
0.001250,0.001875,-0.001562,-0.000937,0.000000,0.002187
0.001278,0.001917,-0.001597,-0.000958,0.000000,0.002236
0.001307,0.001960,-0.001633,-0.000980,0.000000,0.002286
0.001335,0.002003,-0.001669,-0.001002,0.000000,0.002337
0.001365,0.002047,-0.001706,-0.001023,0.000000,0.002388
0.001394,0.002091,-0.001742,-0.001045,0.000000,0.002439
0.001424,0.002136,-0.001780,-0.001068,0.000000,0.002492
0.001454,0.002181,-0.001817,-0.001090,0.000000,0.002544
0.001484,0.002226,-0.001855,-0.001113,0.000000,0.002597
0.001515,0.002272,-0.001894,-0.001136,0.000000,0.002651
0.001546,0.002319,-0.001933,-0.001160,0.000000,0.002706
0.001577,0.002366,-0.001972,-0.001183,0.000000,0.002760
0.001609,0.002414,-0.002011,-0.001207,0.000000,0.002816
0.001641,0.002462,-0.002051,-0.001231,0.000000,0.002872
0.001673,0.002510,-0.002092,-0.001255,0.000000,0.002928
0.001706,0.002559,-0.002132,-0.001279,0.000000,0.002985
0.001739,0.002608,-0.002174,-0.001304,0.000000,0.003043
0.001772,0.002658,-0.002215,-0.001329,0.000000,0.003101
0.001806,0.002708,-0.002257,-0.001354,0.000000,0.003160
0.001839,0.002759,-0.002299,-0.001380,0.000000,0.003219
0.001874,0.002810,-0.002342,-0.001405,0.000000,0.003279
0.001908,0.002862,-0.002385,-0.001431,0.000000,0.003339
0.001943,0.002914,-0.002429,-0.001457,0.000000,0.003400
0.001978,0.002967,-0.002472,-0.001483,0.000000,0.003461
0.002013,0.003020,-0.002517,-0.001510,0.000000,0.003523
0.002049,0.003074,-0.002561,-0.001537,0.000000,0.003586
0.002085,0.003128,-0.002606,-0.001564,0.000000,0.003649
0.002122,0.003182,-0.002652,-0.001591,0.000000,0.003713
0.002158,0.003237,-0.002698,-0.001619,0.000000,0.003777
0.002195,0.003293,-0.002744,-0.001646,0.000000,0.003842
0.002232,0.003349,-0.002791,-0.001674,0.000000,0.003907
0.002270,0.003405,-0.002838,-0.001703,0.000000,0.003973
0.002308,0.003462,-0.002885,-0.001731,0.000000,0.004039
0.002346,0.003519,-0.002933,-0.001760,0.000000,0.004106
0.002385,0.003577,-0.002981,-0.001789,0.000000,0.004173
0.002424,0.003635,-0.003030,-0.001818,0.000000,0.004241
0.002463,0.003694,-0.003079,-0.001847,0.000000,0.004310
0.002502,0.003753,-0.003128,-0.001877,0.000000,0.004379
0.002542,0.003813,-0.003178,-0.001907,0.000000,0.004449
0.002582,0.003873,-0.003228,-0.001937,0.000000,0.004519
0.002623,0.003934,-0.003278,-0.001967,0.000000,0.004590
0.002663,0.003995,-0.003329,-0.001998,0.000000,0.004661
0.002704,0.004057,-0.003380,-0.002028,0.000000,0.004733
0.002746,0.004119,-0.003432,-0.002059,0.000000,0.004805
0.002787,0.004181,-0.003484,-0.002091,0.000000,0.004878
0.002829,0.004244,-0.003537,-0.002122,0.000000,0.004951
0.002872,0.004307,-0.003590,-0.002154,0.000000,0.005025
0.002914,0.004371,-0.003643,-0.002186,0.000000,0.005100
0.002957,0.004436,-0.003696,-0.002218,0.000000,0.005175
0.003000,0.004501,-0.003750,-0.002250,0.000000,0.005251
0.003044,0.004566,-0.003805,-0.002283,0.000000,0.005327
0.003088,0.004632,-0.003860,-0.002316,0.000000,0.005404
0.003132,0.004698,-0.003915,-0.002349,0.000000,0.005481
0.003176,0.004765,-0.003970,-0.002382,0.000000,0.005559
0.003221,0.004832,-0.004026,-0.002416,0.000000,0.005637
0.003266,0.004899,-0.004083,-0.002450,0.000000,0.005716
0.003312,0.004967,-0.004140,-0.002484,0.000000,0.005795
0.003357,0.005036,-0.004197,-0.002518,0.000000,0.005875
0.003403,0.005105,-0.004254,-0.002553,0.000000,0.005956
0.003450,0.005175,-0.004312,-0.002587,0.000000,0.006037
0.003496,0.005244,-0.004370,-0.002622,0.000000,0.006119
0.003543,0.005315,-0.004429,-0.002657,0.000000,0.006201
0.003591,0.005386,-0.004488,-0.002693,0.000000,0.006283
0.003638,0.005457,-0.004548,-0.002729,0.000000,0.006367
0.003686,0.005529,-0.004607,-0.002764,0.000000,0.006450
0.003734,0.005601,-0.004668,-0.002801,0.000000,0.006535
0.003783,0.005674,-0.004728,-0.002837,0.000000,0.006620
0.003831,0.005747,-0.004789,-0.002874,0.000000,0.006705
0.003881,0.005821,-0.004851,-0.002910,0.000000,0.006791
0.003930,0.005895,-0.004913,-0.002948,0.000000,0.006878
0.003980,0.005970,-0.004975,-0.002985,0.000000,0.006965
0.004030,0.006045,-0.005037,-0.003022,0.000000,0.007052
0.004080,0.006120,-0.005100,-0.003060,0.000000,0.007140
0.004131,0.006196,-0.005164,-0.003098,0.000000,0.007229
0.004182,0.006273,-0.005227,-0.003136,0.000000,0.007318
0.004233,0.006350,-0.005291,-0.003175,0.000000,0.007408
0.004285,0.006427,-0.005356,-0.003214,0.000000,0.007498
0.004337,0.006505,-0.005421,-0.003252,0.000000,0.007589
0.004389,0.006583,-0.005486,-0.003292,0.000000,0.007680
0.004441,0.006662,-0.005552,-0.003331,0.000000,0.007772
0.004494,0.006741,-0.005618,-0.003371,0.000000,0.007865
0.004547,0.006821,-0.005684,-0.003410,0.000000,0.007958
0.004601,0.006901,-0.005751,-0.003451,0.000000,0.008051
0.004654,0.006982,-0.005818,-0.003491,0.000000,0.008145
0.004709,0.007063,-0.005886,-0.003531,0.000000,0.008240
0.004763,0.007144,-0.005954,-0.003572,0.000000,0.008335
0.004818,0.007226,-0.006022,-0.003613,0.000000,0.008431
0.004873,0.007309,-0.006091,-0.003654,0.000000,0.008527
0.004928,0.007392,-0.006160,-0.003696,0.000000,0.008624
0.004984,0.007475,-0.006229,-0.003738,0.000000,0.008721
0.005039,0.007559,-0.006299,-0.003780,0.000000,0.008819
0.005096,0.007643,-0.006370,-0.003822,0.000000,0.008917
0.005152,0.007728,-0.006440,-0.003864,0.000000,0.009016
0.005209,0.007814,-0.006511,-0.003907,0.000000,0.009116
0.005266,0.007899,-0.006583,-0.003950,0.000000,0.009216
0.005324,0.007985,-0.006655,-0.003993,0.000000,0.009316
0.005381,0.008072,-0.006727,-0.004036,0.000000,0.009417
0.005439,0.008159,-0.006799,-0.004080,0.000000,0.009519
0.005498,0.008247,-0.006872,-0.004123,0.000000,0.009621
0.005556,0.008335,-0.006946,-0.004167,0.000000,0.009724
0.005615,0.008423,-0.007019,-0.004212,0.000000,0.009827
0.005675,0.008512,-0.007093,-0.004256,0.000000,0.009931
0.005734,0.008602,-0.007168,-0.004301,0.000000,0.010035
0.005794,0.008691,-0.007243,-0.004346,0.000000,0.010140
0.005855,0.008782,-0.007318,-0.004391,0.000000,0.010245
0.005915,0.008873,-0.007394,-0.004436,0.000000,0.010351
0.005976,0.008964,-0.007470,-0.004482,0.000000,0.010458
0.006037,0.009056,-0.007546,-0.004528,0.000000,0.010565
0.006098,0.009148,-0.007623,-0.004574,0.000000,0.010672
0.006160,0.009240,-0.007700,-0.004620,0.000000,0.010780
0.006222,0.009333,-0.007778,-0.004667,0.000000,0.010889
0.006285,0.009427,-0.007856,-0.004713,0.000000,0.010998
0.006347,0.009521,-0.007934,-0.004760,0.000000,0.011108
0.006410,0.009615,-0.008013,-0.004808,0.000000,0.011218
0.006474,0.009710,-0.008092,-0.004855,0.000000,0.011329
0.006537,0.009806,-0.008171,-0.004903,0.000000,0.011440
0.006601,0.009902,-0.008251,-0.004951,0.000000,0.011552
0.006665,0.009998,-0.008332,-0.004999,0.000000,0.011664
0.006730,0.010095,-0.008412,-0.005047,0.000000,0.011777
0.006795,0.010192,-0.008493,-0.005096,0.000000,0.011890
0.006860,0.010289,-0.008575,-0.005145,0.000000,0.012004
0.006925,0.010388,-0.008656,-0.005194,0.000000,0.012119
0.006991,0.010486,-0.008738,-0.005243,0.000000,0.012234
0.007057,0.010585,-0.008821,-0.005293,0.000000,0.012349
0.007123,0.010685,-0.008904,-0.005342,0.000000,0.012465
0.007190,0.010785,-0.008987,-0.005392,0.000000,0.012582
0.007257,0.010885,-0.009071,-0.005443,0.000000,0.012699
0.007324,0.010986,-0.009155,-0.005493,0.000000,0.012817
0.007392,0.011087,-0.009239,-0.005544,0.000000,0.012935
0.007459,0.011189,-0.009324,-0.005595,0.000000,0.013054
0.007528,0.011291,-0.009409,-0.005646,0.000000,0.013173
0.007596,0.011394,-0.009495,-0.005697,0.000000,0.013293
0.007665,0.011497,-0.009581,-0.005749,0.000000,0.013413
0.007734,0.011601,-0.009667,-0.005800,0.000000,0.013534
0.007803,0.011705,-0.009754,-0.005852,0.000000,0.013656
0.007873,0.011809,-0.009841,-0.005905,0.000000,0.013778
0.007943,0.011914,-0.009929,-0.005957,0.000000,0.013900
0.008013,0.012020,-0.010016,-0.006010,0.000000,0.014023
0.008084,0.012126,-0.010105,-0.006063,0.000000,0.014146
0.008155,0.012232,-0.010193,-0.006116,0.000000,0.014271
0.008226,0.012339,-0.010282,-0.006169,0.000000,0.014395
0.008297,0.012446,-0.010372,-0.006223,0.000000,0.014520
0.008369,0.012554,-0.010461,-0.006277,0.000000,0.014646
0.008441,0.012662,-0.010551,-0.006331,0.000000,0.014772
0.008514,0.012770,-0.010642,-0.006385,0.000000,0.014899
0.008586,0.012879,-0.010733,-0.006440,0.000000,0.015026
0.008659,0.012989,-0.010824,-0.006494,0.000000,0.015154
0.008733,0.013099,-0.010916,-0.006549,0.000000,0.015282
0.008806,0.013209,-0.011008,-0.006605,0.000000,0.015411
0.008880,0.013320,-0.011100,-0.006660,0.000000,0.015540
0.008954,0.013432,-0.011193,-0.006716,0.000000,0.015670
0.009029,0.013543,-0.011286,-0.006772,0.000000,0.015801
0.009104,0.013656,-0.011380,-0.006828,0.000000,0.015931
0.009179,0.013768,-0.011474,-0.006884,0.000000,0.016063
0.009254,0.013881,-0.011568,-0.006941,0.000000,0.016195
0.009330,0.013995,-0.011662,-0.006997,0.000000,0.016327
0.009406,0.014109,-0.011757,-0.007054,0.000000,0.016460
0.009482,0.014223,-0.011853,-0.007112,0.000000,0.016594
0.009559,0.014338,-0.011949,-0.007169,0.000000,0.016728
0.009636,0.014454,-0.012045,-0.007227,0.000000,0.016863
0.009713,0.014570,-0.012141,-0.007285,0.000000,0.016998
0.009791,0.014686,-0.012238,-0.007343,0.000000,0.017134
0.009868,0.014803,-0.012336,-0.007401,0.000000,0.017270
0.009947,0.014920,-0.012433,-0.007460,0.000000,0.017407
0.010025,0.015038,-0.012531,-0.007519,0.000000,0.017544
0.010104,0.015156,-0.012630,-0.007578,0.000000,0.017682
0.010183,0.015274,-0.012728,-0.007637,0.000000,0.017820
0.010262,0.015393,-0.012828,-0.007697,0.000000,0.017959
0.010342,0.015513,-0.012927,-0.007756,0.000000,0.018098
0.010422,0.015633,-0.013027,-0.007816,0.000000,0.018238
0.010502,0.015753,-0.013127,-0.007876,0.000000,0.018378
0.010582,0.015874,-0.013228,-0.007937,0.000000,0.018519
0.010663,0.015995,-0.013329,-0.007997,0.000000,0.018661
0.010744,0.016117,-0.013430,-0.008058,0.000000,0.018803
0.010826,0.016239,-0.013532,-0.008119,0.000000,0.018945
0.010908,0.016361,-0.013634,-0.008181,0.000000,0.019088
0.010990,0.016484,-0.013737,-0.008242,0.000000,0.019232
0.011072,0.016608,-0.013840,-0.008304,0.000000,0.019376
0.011155,0.016732,-0.013943,-0.008366,0.000000,0.019520
0.011237,0.016856,-0.014047,-0.008428,0.000000,0.019665
0.011321,0.016981,-0.014151,-0.008490,0.000000,0.019811
0.011404,0.017106,-0.014255,-0.008553,0.000000,0.019957
0.011488,0.017232,-0.014360,-0.008616,0.000000,0.020104
0.011572,0.017358,-0.014465,-0.008679,0.000000,0.020251
0.011656,0.017485,-0.014571,-0.008742,0.000000,0.020399
0.011741,0.017612,-0.014676,-0.008806,0.000000,0.020547
0.011826,0.017739,-0.014783,-0.008870,0.000000,0.020696
0.011911,0.017867,-0.014889,-0.008934,0.000000,0.020845
0.011997,0.017996,-0.014996,-0.008998,0.000000,0.020995
0.012083,0.018124,-0.015104,-0.009062,0.000000,0.021145
0.012169,0.018254,-0.015211,-0.009127,0.000000,0.021296
0.012256,0.018383,-0.015320,-0.009192,0.000000,0.021447
0.012342,0.018514,-0.015428,-0.009257,0.000000,0.021599
0.012430,0.018644,-0.015537,-0.009322,0.000000,0.021752
0.012517,0.018775,-0.015646,-0.009388,0.000000,0.021905
0.012605,0.018907,-0.015756,-0.009453,0.000000,0.022058
0.012693,0.019039,-0.015866,-0.009519,0.000000,0.022212
0.012781,0.019171,-0.015976,-0.009586,0.000000,0.022366
0.012869,0.019304,-0.016087,-0.009652,0.000000,0.022521
0.012958,0.019437,-0.016198,-0.009719,0.000000,0.022677
0.013047,0.019571,-0.016309,-0.009786,0.000000,0.022833
0.013137,0.019705,-0.016421,-0.009853,0.000000,0.022989
0.013227,0.019840,-0.016533,-0.009920,0.000000,0.023146
0.013317,0.019975,-0.016646,-0.009987,0.000000,0.023304
0.013407,0.020110,-0.016759,-0.010055,0.000000,0.023462
0.013498,0.020246,-0.016872,-0.010123,0.000000,0.023621
0.013588,0.020383,-0.016986,-0.010191,0.000000,0.023780
0.013680,0.020520,-0.017100,-0.010260,0.000000,0.023939
0.013771,0.020657,-0.017214,-0.010328,0.000000,0.024100
0.013863,0.020794,-0.017329,-0.010397,0.000000,0.024260
0.013955,0.020933,-0.017444,-0.010466,0.000000,0.024421
0.014047,0.021071,-0.017559,-0.010536,0.000000,0.024583
0.014140,0.021210,-0.017675,-0.010605,0.000000,0.024745
0.014233,0.021350,-0.017791,-0.010675,0.000000,0.024908
0.014326,0.021490,-0.017908,-0.010745,0.000000,0.025071
0.014420,0.021630,-0.018025,-0.010815,0.000000,0.025235
0.014514,0.021771,-0.018142,-0.010885,0.000000,0.025399
0.014608,0.021912,-0.018260,-0.010956,0.000000,0.025564
0.014702,0.022054,-0.018378,-0.011027,0.000000,0.025729
0.014797,0.022196,-0.018496,-0.011098,0.000000,0.025895
0.014892,0.022338,-0.018615,-0.011169,0.000000,0.026061
0.014988,0.022481,-0.018734,-0.011241,0.000000,0.026228
0.015083,0.022625,-0.018854,-0.011312,0.000000,0.026395
0.015179,0.022769,-0.018974,-0.011384,0.000000,0.026563
0.015275,0.022913,-0.019094,-0.011456,0.000000,0.026732
0.015372,0.023058,-0.019215,-0.011529,0.000000,0.026901
0.015469,0.023203,-0.019336,-0.011601,0.000000,0.027070
0.015566,0.023348,-0.019457,-0.011674,0.000000,0.027240
0.015663,0.023494,-0.019579,-0.011747,0.000000,0.027410
0.015761,0.023641,-0.019701,-0.011820,0.000000,0.027581
0.015859,0.023788,-0.019823,-0.011894,0.000000,0.027752
0.015957,0.023935,-0.019946,-0.011968,0.000000,0.027924
0.016055,0.024083,-0.020069,-0.012041,0.000000,0.028097
0.016154,0.024231,-0.020193,-0.012116,0.000000,0.028270
0.016253,0.024380,-0.020317,-0.012190,0.000000,0.028443
0.016353,0.024529,-0.020441,-0.012264,0.000000,0.028617
0.016452,0.024678,-0.020565,-0.012339,0.000000,0.028792
0.016552,0.024828,-0.020690,-0.012414,0.000000,0.028967
0.016653,0.024979,-0.020816,-0.012489,0.000000,0.029142
0.016753,0.025130,-0.020941,-0.012565,0.000000,0.029318
0.016854,0.025281,-0.021067,-0.012640,0.000000,0.029494
0.016955,0.025433,-0.021194,-0.012716,0.000000,0.029671
0.017057,0.025585,-0.021321,-0.012792,0.000000,0.029849
0.017158,0.025737,-0.021448,-0.012869,0.000000,0.030027
0.017260,0.025890,-0.021575,-0.012945,0.000000,0.030205
0.017363,0.026044,-0.021703,-0.013022,0.000000,0.030384
0.017465,0.026198,-0.021831,-0.013099,0.000000,0.030564
0.017568,0.026352,-0.021960,-0.013176,0.000000,0.030744
0.017671,0.026507,-0.022089,-0.013253,0.000000,0.030925
0.017775,0.026662,-0.022218,-0.013331,0.000000,0.031106
0.017878,0.026817,-0.022348,-0.013409,0.000000,0.031287
0.017982,0.026974,-0.022478,-0.013487,0.000000,0.031469
0.018087,0.027130,-0.022608,-0.013565,0.000000,0.031652
0.018191,0.027287,-0.022739,-0.013643,0.000000,0.031835
0.018296,0.027444,-0.022870,-0.013722,0.000000,0.032018
0.018401,0.027602,-0.023002,-0.013801,0.000000,0.032202
0.018507,0.027760,-0.023133,-0.013880,0.000000,0.032387
0.018613,0.027919,-0.023266,-0.013959,0.000000,0.032572
0.018719,0.028078,-0.023398,-0.014039,0.000000,0.032757
0.018825,0.028237,-0.023531,-0.014119,0.000000,0.032943
0.018931,0.028397,-0.023664,-0.014199,0.000000,0.033130
0.019038,0.028558,-0.023798,-0.014279,0.000000,0.033317
0.019146,0.028718,-0.023932,-0.014359,0.000000,0.033505
0.019253,0.028879,-0.024066,-0.014440,0.000000,0.033693
0.019361,0.029041,-0.024201,-0.014521,0.000000,0.033881
0.019469,0.029203,-0.024336,-0.014602,0.000000,0.034070
0.019577,0.029366,-0.024471,-0.014683,0.000000,0.034260
0.019686,0.029528,-0.024607,-0.014764,0.000000,0.034450
0.019795,0.029692,-0.024743,-0.014846,0.000000,0.034640
0.019904,0.029856,-0.024880,-0.014928,0.000000,0.034831
0.020013,0.030020,-0.025016,-0.015010,0.000000,0.035023
0.020123,0.030184,-0.025154,-0.015092,0.000000,0.035215
0.020233,0.030349,-0.025291,-0.015175,0.000000,0.035408
0.020343,0.030515,-0.025429,-0.015257,0.000000,0.035601
0.020454,0.030681,-0.025567,-0.015340,0.000000,0.035794
0.020565,0.030847,-0.025706,-0.015424,0.000000,0.035988
0.020676,0.031014,-0.025845,-0.015507,0.000000,0.036183
0.020787,0.031181,-0.025984,-0.015590,0.000000,0.036378
0.020899,0.031349,-0.026124,-0.015674,0.000000,0.036573
0.021011,0.031517,-0.026264,-0.015758,0.000000,0.036769
0.021123,0.031685,-0.026404,-0.015842,0.000000,0.036966
0.021236,0.031854,-0.026545,-0.015927,0.000000,0.037163
0.021349,0.032023,-0.026686,-0.016012,0.000000,0.037360
0.021462,0.032193,-0.026827,-0.016096,0.000000,0.037558
0.021575,0.032363,-0.026969,-0.016181,0.000000,0.037757
0.021689,0.032533,-0.027111,-0.016267,0.000000,0.037956
0.021803,0.032704,-0.027254,-0.016352,0.000000,0.038155
0.021917,0.032876,-0.027397,-0.016438,0.000000,0.038355
0.022032,0.033048,-0.027540,-0.016524,0.000000,0.038556
0.022147,0.033220,-0.027683,-0.016610,0.000000,0.038757
0.022262,0.033393,-0.027827,-0.016696,0.000000,0.038958
0.022377,0.033566,-0.027971,-0.016783,0.000000,0.039160
0.022493,0.033739,-0.028116,-0.016870,0.000000,0.039362
0.022609,0.033913,-0.028261,-0.016957,0.000000,0.039565
0.022725,0.034087,-0.028406,-0.017044,0.000000,0.039769
0.022841,0.034262,-0.028552,-0.017131,0.000000,0.039973
0.022958,0.034437,-0.028698,-0.017219,0.000000,0.040177
0.023075,0.034613,-0.028844,-0.017306,0.000000,0.040382
0.023193,0.034789,-0.028991,-0.017394,0.000000,0.040587
0.023310,0.034965,-0.029138,-0.017483,0.000000,0.040793
0.023428,0.035142,-0.029285,-0.017571,0.000000,0.040999
0.023546,0.035320,-0.029433,-0.017660,0.000000,0.041206
0.023665,0.035497,-0.029581,-0.017749,0.000000,0.041413
0.023784,0.035675,-0.029729,-0.017838,0.000000,0.041621
0.023903,0.035854,-0.029878,-0.017927,0.000000,0.041830
0.024022,0.036033,-0.030027,-0.018016,0.000000,0.042038
0.024141,0.036212,-0.030177,-0.018106,0.000000,0.042248
0.024261,0.036392,-0.030327,-0.018196,0.000000,0.042457
0.024381,0.036572,-0.030477,-0.018286,0.000000,0.042668
0.024502,0.036753,-0.030627,-0.018376,0.000000,0.042878
0.024623,0.036934,-0.030778,-0.018467,0.000000,0.043089
0.024744,0.037115,-0.030929,-0.018558,0.000000,0.043301
0.024865,0.037297,-0.031081,-0.018649,0.000000,0.043513
0.024986,0.037479,-0.031233,-0.018740,0.000000,0.043726
0.025108,0.037662,-0.031385,-0.018831,0.000000,0.043939
0.025230,0.037845,-0.031538,-0.018923,0.000000,0.044153
0.025352,0.038029,-0.031691,-0.019014,0.000000,0.044367
0.025475,0.038213,-0.031844,-0.019106,0.000000,0.044581
0.025598,0.038397,-0.031997,-0.019198,0.000000,0.044796
0.025721,0.038582,-0.032151,-0.019291,0.000000,0.045012
0.025845,0.038767,-0.032306,-0.019383,0.000000,0.045228
0.025968,0.038952,-0.032460,-0.019476,0.000000,0.045445
0.026092,0.039138,-0.032615,-0.019569,0.000000,0.045662
0.026217,0.039325,-0.032771,-0.019662,0.000000,0.045879
0.026341,0.039512,-0.032926,-0.019756,0.000000,0.046097
0.026466,0.039699,-0.033082,-0.019849,0.000000,0.046315
0.026591,0.039887,-0.033239,-0.019943,0.000000,0.046534
0.026716,0.040075,-0.033396,-0.020037,0.000000,0.046754
0.026842,0.040263,-0.033553,-0.020132,0.000000,0.046974
0.026968,0.040452,-0.033710,-0.020226,0.000000,0.047194
0.027094,0.040641,-0.033868,-0.020321,0.000000,0.047415
0.027221,0.040831,-0.034026,-0.020415,0.000000,0.047636
0.027347,0.041021,-0.034184,-0.020511,0.000000,0.047858
0.027474,0.041212,-0.034343,-0.020606,0.000000,0.048080
0.027602,0.041402,-0.034502,-0.020701,0.000000,0.048303
0.027729,0.041594,-0.034662,-0.020797,0.000000,0.048526
0.027857,0.041786,-0.034821,-0.020893,0.000000,0.048750
0.027985,0.041978,-0.034981,-0.020989,0.000000,0.048974
0.028113,0.042170,-0.035142,-0.021085,0.000000,0.049199
0.028242,0.042363,-0.035303,-0.021182,0.000000,0.049424
0.028371,0.042557,-0.035464,-0.021278,0.000000,0.049649
0.028500,0.042750,-0.035625,-0.021375,0.000000,0.049875
0.028630,0.042945,-0.035787,-0.021472,0.000000,0.050102
0.028759,0.043139,-0.035949,-0.021570,0.000000,0.050329
0.028889,0.043334,-0.036112,-0.021667,0.000000,0.050556
0.029020,0.043529,-0.036275,-0.021765,0.000000,0.050784
0.029150,0.043725,-0.036438,-0.021863,0.000000,0.051013
0.029281,0.043922,-0.036601,-0.021961,0.000000,0.051242
0.029412,0.044118,-0.036765,-0.022059,0.000000,0.051471
0.029543,0.044315,-0.036929,-0.022158,0.000000,0.051701
0.029675,0.044513,-0.037094,-0.022256,0.000000,0.051931
0.029807,0.044710,-0.037259,-0.022355,0.000000,0.052162
0.029939,0.044909,-0.037424,-0.022454,0.000000,0.052393
0.030071,0.045107,-0.037589,-0.022554,0.000000,0.052625
0.030204,0.045306,-0.037755,-0.022653,0.000000,0.052857
0.030337,0.045506,-0.037921,-0.022753,0.000000,0.053090
0.030470,0.045706,-0.038088,-0.022853,0.000000,0.053323
0.030604,0.045906,-0.038255,-0.022953,0.000000,0.053557
0.030738,0.046106,-0.038422,-0.023053,0.000000,0.053791
0.030872,0.046307,-0.038590,-0.023154,0.000000,0.054025
0.031006,0.046509,-0.038757,-0.023254,0.000000,0.054260
0.031140,0.046711,-0.038926,-0.023355,0.000000,0.054496
0.031275,0.046913,-0.039094,-0.023456,0.000000,0.054732
0.031410,0.047116,-0.039263,-0.023558,0.000000,0.054968
0.031546,0.047319,-0.039432,-0.023659,0.000000,0.055205
0.031681,0.047522,-0.039602,-0.023761,0.000000,0.055442
0.031817,0.047726,-0.039772,-0.023863,0.000000,0.055680
0.031953,0.047930,-0.039942,-0.023965,0.000000,0.055919
0.032090,0.048135,-0.040112,-0.024067,0.000000,0.056157
0.032227,0.048340,-0.040283,-0.024170,0.000000,0.056396
0.032363,0.048545,-0.040454,-0.024273,0.000000,0.056636
0.032501,0.048751,-0.040626,-0.024376,0.000000,0.056876
0.032638,0.048957,-0.040798,-0.024479,0.000000,0.057117
0.032776,0.049164,-0.040970,-0.024582,0.000000,0.057358
0.032914,0.049371,-0.041142,-0.024685,0.000000,0.057599
0.033052,0.049578,-0.041315,-0.024789,0.000000,0.057841
0.033191,0.049786,-0.041488,-0.024893,0.000000,0.058084
0.033330,0.049994,-0.041662,-0.024997,0.000000,0.058327
0.033469,0.050203,-0.041836,-0.025101,0.000000,0.058570
0.033608,0.050412,-0.042010,-0.025206,0.000000,0.058814
0.033748,0.050621,-0.042184,-0.025311,0.000000,0.059058
0.033887,0.050831,-0.042359,-0.025416,0.000000,0.059303
0.034028,0.051041,-0.042534,-0.025521,0.000000,0.059548
0.034168,0.051252,-0.042710,-0.025626,0.000000,0.059794
0.034309,0.051463,-0.042886,-0.025731,0.000000,0.060040
0.034449,0.051674,-0.043062,-0.025837,0.000000,0.060287
0.034591,0.051886,-0.043238,-0.025943,0.000000,0.060534
0.034732,0.052098,-0.043415,-0.026049,0.000000,0.060781
0.034874,0.052311,-0.043592,-0.026155,0.000000,0.061029
0.035016,0.052523,-0.043770,-0.026262,0.000000,0.061277
0.035158,0.052737,-0.043947,-0.026368,0.000000,0.061526
0.035300,0.052950,-0.044125,-0.026475,0.000000,0.061776
0.035443,0.053165,-0.044304,-0.026582,0.000000,0.062025
0.035586,0.053379,-0.044483,-0.026690,0.000000,0.062276
0.035729,0.053594,-0.044662,-0.026797,0.000000,0.062526
0.035873,0.053809,-0.044841,-0.026905,0.000000,0.062777
0.036017,0.054025,-0.045021,-0.027012,0.000000,0.063029
0.036161,0.054241,-0.045201,-0.027120,0.000000,0.063281
0.036305,0.054457,-0.045381,-0.027229,0.000000,0.063534
0.036449,0.054674,-0.045562,-0.027337,0.000000,0.063786
0.036594,0.054891,-0.045743,-0.027446,0.000000,0.064040
0.036739,0.055109,-0.045924,-0.027554,0.000000,0.064294
0.036885,0.055327,-0.046106,-0.027663,0.000000,0.064548
0.037030,0.055545,-0.046288,-0.027773,0.000000,0.064803
0.037176,0.055764,-0.046470,-0.027882,0.000000,0.065058
0.037322,0.055983,-0.046653,-0.027992,0.000000,0.065314
0.037468,0.056203,-0.046836,-0.028101,0.000000,0.065570
0.037615,0.056423,-0.047019,-0.028211,0.000000,0.065826
0.037762,0.056643,-0.047202,-0.028321,0.000000,0.066083
0.037909,0.056863,-0.047386,-0.028432,0.000000,0.066341
0.038056,0.057085,-0.047570,-0.028542,0.000000,0.066599
0.038204,0.057306,-0.047755,-0.028653,0.000000,0.066857
0.038352,0.057528,-0.047940,-0.028764,0.000000,0.067116
0.038500,0.057750,-0.048125,-0.028875,0.000000,0.067375
0.038648,0.057973,-0.048310,-0.028986,0.000000,0.067635
0.038797,0.058196,-0.048496,-0.029098,0.000000,0.067895
0.038946,0.058419,-0.048682,-0.029209,0.000000,0.068155
0.039095,0.058643,-0.048869,-0.029321,0.000000,0.068416
0.039245,0.058867,-0.049056,-0.029433,0.000000,0.068678
0.039394,0.059091,-0.049243,-0.029546,0.000000,0.068940
0.039544,0.059316,-0.049430,-0.029658,0.000000,0.069202
0.039694,0.059541,-0.049618,-0.029771,0.000000,0.069465
0.039845,0.059767,-0.049806,-0.029884,0.000000,0.069728
0.039995,0.059993,-0.049994,-0.029997,0.000000,0.069992
0.040146,0.060219,-0.050183,-0.030110,0.000000,0.070256
0.040297,0.060446,-0.050372,-0.030223,0.000000,0.070521
0.040449,0.060673,-0.050561,-0.030337,0.000000,0.070786
0.040601,0.060901,-0.050751,-0.030450,0.000000,0.071051
0.040753,0.061129,-0.050941,-0.030564,0.000000,0.071317
0.040905,0.061357,-0.051131,-0.030679,0.000000,0.071583
0.041057,0.061586,-0.051321,-0.030793,0.000000,0.071850
0.041210,0.061815,-0.051512,-0.030907,0.000000,0.072117
0.041363,0.062044,-0.051704,-0.031022,0.000000,0.072385
0.041516,0.062274,-0.051895,-0.031137,0.000000,0.072653
0.041669,0.062504,-0.052087,-0.031252,0.000000,0.072922
0.041823,0.062735,-0.052279,-0.031367,0.000000,0.073190
0.041977,0.062966,-0.052471,-0.031483,0.000000,0.073460
0.042131,0.063197,-0.052664,-0.031598,0.000000,0.073730
0.042286,0.063429,-0.052857,-0.031714,0.000000,0.074000
0.042440,0.063661,-0.053051,-0.031830,0.000000,0.074271
0.042595,0.063893,-0.053244,-0.031947,0.000000,0.074542
0.042751,0.064126,-0.053438,-0.032063,0.000000,0.074813
0.042906,0.064359,-0.053632,-0.032179,0.000000,0.075085
0.043062,0.064593,-0.053827,-0.032296,0.000000,0.075358
0.043218,0.064826,-0.054022,-0.032413,0.000000,0.075631
0.043374,0.065061,-0.054217,-0.032530,0.000000,0.075904
0.043530,0.065295,-0.054413,-0.032648,0.000000,0.076178
0.043687,0.065530,-0.054609,-0.032765,0.000000,0.076452
0.043844,0.065766,-0.054805,-0.032883,0.000000,0.076727
0.044001,0.066001,-0.055001,-0.033001,0.000000,0.077002
0.044158,0.066238,-0.055198,-0.033119,0.000000,0.077277
0.044316,0.066474,-0.055395,-0.033237,0.000000,0.077553
0.044474,0.066711,-0.055592,-0.033355,0.000000,0.077829
0.044632,0.066948,-0.055790,-0.033474,0.000000,0.078106
0.044791,0.067186,-0.055988,-0.033593,0.000000,0.078383
0.044949,0.067424,-0.056186,-0.033712,0.000000,0.078661
0.045108,0.067662,-0.056385,-0.033831,0.000000,0.078939
0.045267,0.067901,-0.056584,-0.033950,0.000000,0.079218
0.045427,0.068140,-0.056783,-0.034070,0.000000,0.079496
0.045586,0.068379,-0.056983,-0.034190,0.000000,0.079776
0.045746,0.068619,-0.057183,-0.034310,0.000000,0.080056
0.045906,0.068859,-0.057383,-0.034430,0.000000,0.080336
0.046067,0.069100,-0.057583,-0.034550,0.000000,0.080616
0.046227,0.069341,-0.057784,-0.034670,0.000000,0.080897
0.046388,0.069582,-0.057985,-0.034791,0.000000,0.081179
0.046549,0.069824,-0.058186,-0.034912,0.000000,0.081461
0.046710,0.070066,-0.058388,-0.035033,0.000000,0.081743
0.046872,0.070308,-0.058590,-0.035154,0.000000,0.082026
0.047034,0.070551,-0.058792,-0.035275,0.000000,0.082309
0.047196,0.070794,-0.058995,-0.035397,0.000000,0.082593
0.047358,0.071037,-0.059198,-0.035519,0.000000,0.082877
0.047521,0.071281,-0.059401,-0.035640,0.000000,0.083161
0.047683,0.071525,-0.059604,-0.035763,0.000000,0.083446
0.047846,0.071770,-0.059808,-0.035885,0.000000,0.083731
0.048010,0.072014,-0.060012,-0.036007,0.000000,0.084017
0.048173,0.072260,-0.060216,-0.036130,0.000000,0.084303
0.048337,0.072505,-0.060421,-0.036253,0.000000,0.084590
0.048501,0.072751,-0.060626,-0.036376,0.000000,0.084876
0.048665,0.072998,-0.060831,-0.036499,0.000000,0.085164
0.048830,0.073244,-0.061037,-0.036622,0.000000,0.085452
0.048994,0.073491,-0.061243,-0.036746,0.000000,0.085740
0.049159,0.073739,-0.061449,-0.036869,0.000000,0.086028
0.049324,0.073986,-0.061655,-0.036993,0.000000,0.086318
0.049490,0.074235,-0.061862,-0.037117,0.000000,0.086607
0.049655,0.074483,-0.062069,-0.037242,0.000000,0.086897
0.049821,0.074732,-0.062277,-0.037366,0.000000,0.087187
0.049987,0.074981,-0.062484,-0.037491,0.000000,0.087478
0.050154,0.075231,-0.062692,-0.037615,0.000000,0.087769
0.050320,0.075480,-0.062900,-0.037740,0.000000,0.088061
0.050487,0.075731,-0.063109,-0.037865,0.000000,0.088352
0.050654,0.075981,-0.063318,-0.037991,0.000000,0.088645
0.050821,0.076232,-0.063527,-0.038116,0.000000,0.088938
0.050989,0.076484,-0.063736,-0.038242,0.000000,0.089231
0.051157,0.076735,-0.063946,-0.038368,0.000000,0.089524
0.051325,0.076987,-0.064156,-0.038494,0.000000,0.089818
0.051493,0.077240,-0.064366,-0.038620,0.000000,0.090113
0.051662,0.077492,-0.064577,-0.038746,0.000000,0.090408
0.051830,0.077745,-0.064788,-0.038873,0.000000,0.090703
0.051999,0.077999,-0.064999,-0.038999,0.000000,0.090999
0.052168,0.078253,-0.065210,-0.039126,0.000000,0.091295
0.052338,0.078507,-0.065422,-0.039253,0.000000,0.091591
0.052507,0.078761,-0.065634,-0.039381,0.000000,0.091888
0.052677,0.079016,-0.065847,-0.039508,0.000000,0.092185
0.052847,0.079271,-0.066059,-0.039636,0.000000,0.092483
0.053018,0.079527,-0.066272,-0.039763,0.000000,0.092781
0.053188,0.079782,-0.066485,-0.039891,0.000000,0.093080
0.053359,0.080039,-0.066699,-0.040019,0.000000,0.093378
0.053530,0.080295,-0.066913,-0.040148,0.000000,0.093678
0.053701,0.080552,-0.067127,-0.040276,0.000000,0.093977
0.053873,0.080809,-0.067341,-0.040405,0.000000,0.094278
0.054045,0.081067,-0.067556,-0.040533,0.000000,0.094578
0.054217,0.081325,-0.067771,-0.040662,0.000000,0.094879
0.054389,0.081583,-0.067986,-0.040792,0.000000,0.095180
0.054561,0.081842,-0.068202,-0.040921,0.000000,0.095482
0.054734,0.082101,-0.068417,-0.041050,0.000000,0.095784
0.054907,0.082360,-0.068633,-0.041180,0.000000,0.096087
0.055080,0.082620,-0.068850,-0.041310,0.000000,0.096390
0.055253,0.082880,-0.069066,-0.041440,0.000000,0.096693
0.055427,0.083140,-0.069283,-0.041570,0.000000,0.096997
0.055601,0.083401,-0.069501,-0.041700,0.000000,0.097301
0.055775,0.083662,-0.069718,-0.041831,0.000000,0.097606
0.055949,0.083923,-0.069936,-0.041962,0.000000,0.097910
0.056123,0.084185,-0.070154,-0.042092,0.000000,0.098216
0.056298,0.084447,-0.070373,-0.042224,0.000000,0.098522
0.056473,0.084709,-0.070591,-0.042355,0.000000,0.098828
0.056648,0.084972,-0.070810,-0.042486,0.000000,0.099134
0.056823,0.085235,-0.071029,-0.042618,0.000000,0.099441
0.056999,0.085499,-0.071249,-0.042749,0.000000,0.099748
0.057175,0.085762,-0.071469,-0.042881,0.000000,0.100056
0.057351,0.086027,-0.071689,-0.043013,0.000000,0.100364
0.057527,0.086291,-0.071909,-0.043145,0.000000,0.100673
0.057704,0.086556,-0.072130,-0.043278,0.000000,0.100982
0.057881,0.086821,-0.072351,-0.043410,0.000000,0.101291
0.058058,0.087086,-0.072572,-0.043543,0.000000,0.101601
0.058235,0.087352,-0.072793,-0.043676,0.000000,0.101911
0.058412,0.087618,-0.073015,-0.043809,0.000000,0.102221
0.058590,0.087885,-0.073237,-0.043942,0.000000,0.102532
0.058768,0.088151,-0.073460,-0.044076,0.000000,0.102843
0.058946,0.088419,-0.073682,-0.044209,0.000000,0.103155
0.059124,0.088686,-0.073905,-0.044343,0.000000,0.103467
0.059303,0.088954,-0.074128,-0.044477,0.000000,0.103779
0.059481,0.089222,-0.074352,-0.044611,0.000000,0.104092
0.059660,0.089490,-0.074575,-0.044745,0.000000,0.104405
0.059839,0.089759,-0.074799,-0.044880,0.000000,0.104719
0.060019,0.090028,-0.075024,-0.045014,0.000000,0.105033
0.060198,0.090298,-0.075248,-0.045149,0.000000,0.105347
0.060378,0.090568,-0.075473,-0.045284,0.000000,0.105662
0.060558,0.090838,-0.075698,-0.045419,0.000000,0.105977
0.060739,0.091108,-0.075923,-0.045554,0.000000,0.106293
0.060919,0.091379,-0.076149,-0.045689,0.000000,0.106609
0.061100,0.091650,-0.076375,-0.045825,0.000000,0.106925
0.061281,0.091921,-0.076601,-0.045961,0.000000,0.107242
0.061462,0.092193,-0.076828,-0.046097,0.000000,0.107559
0.061643,0.092465,-0.077054,-0.046233,0.000000,0.107876
0.061825,0.092738,-0.077281,-0.046369,0.000000,0.108194
0.062007,0.093010,-0.077509,-0.046505,0.000000,0.108512
0.062189,0.093283,-0.077736,-0.046642,0.000000,0.108831
0.062371,0.093557,-0.077964,-0.046778,0.000000,0.109150
0.062554,0.093831,-0.078192,-0.046915,0.000000,0.109469
0.062736,0.094105,-0.078421,-0.047052,0.000000,0.109789
0.062919,0.094379,-0.078649,-0.047190,0.000000,0.110109
0.063102,0.094654,-0.078878,-0.047327,0.000000,0.110429
0.063286,0.094929,-0.079107,-0.047464,0.000000,0.110750
0.063469,0.095204,-0.079337,-0.047602,0.000000,0.111071
0.063653,0.095480,-0.079566,-0.047740,0.000000,0.111393
0.063837,0.095756,-0.079796,-0.047878,0.000000,0.111715
0.064021,0.096032,-0.080027,-0.048016,0.000000,0.112037
0.064206,0.096309,-0.080257,-0.048154,0.000000,0.112360
0.064390,0.096586,-0.080488,-0.048293,0.000000,0.112683
0.064575,0.096863,-0.080719,-0.048431,0.000000,0.113007
0.064760,0.097141,-0.080950,-0.048570,0.000000,0.113331
0.064946,0.097419,-0.081182,-0.048709,0.000000,0.113655
0.065131,0.097697,-0.081414,-0.048848,0.000000,0.113980
0.065317,0.097975,-0.081646,-0.048988,0.000000,0.114305
0.065503,0.098254,-0.081879,-0.049127,0.000000,0.114630
0.065689,0.098533,-0.082111,-0.049267,0.000000,0.114956
0.065875,0.098813,-0.082344,-0.049406,0.000000,0.115282
0.066062,0.099093,-0.082577,-0.049546,0.000000,0.115608
0.066249,0.099373,-0.082811,-0.049686,0.000000,0.115935
0.066436,0.099653,-0.083044,-0.049827,0.000000,0.116262
0.066623,0.099934,-0.083278,-0.049967,0.000000,0.116590
0.066810,0.100215,-0.083513,-0.050108,0.000000,0.116918
0.066998,0.100497,-0.083747,-0.050248,0.000000,0.117246
0.067186,0.100778,-0.083982,-0.050389,0.000000,0.117575
0.067374,0.101060,-0.084217,-0.050530,0.000000,0.117904
0.067562,0.101343,-0.084452,-0.050671,0.000000,0.118233
0.067750,0.101626,-0.084688,-0.050813,0.000000,0.118563
0.067939,0.101909,-0.084924,-0.050954,0.000000,0.118893
0.068128,0.102192,-0.085160,-0.051096,0.000000,0.119224
0.068317,0.102475,-0.085396,-0.051238,0.000000,0.119555
0.068506,0.102759,-0.085633,-0.051380,0.000000,0.119886
0.068696,0.103044,-0.085870,-0.051522,0.000000,0.120218
0.068885,0.103328,-0.086107,-0.051664,0.000000,0.120550
0.069075,0.103613,-0.086344,-0.051807,0.000000,0.120882
0.069265,0.103898,-0.086582,-0.051949,0.000000,0.121215
0.069456,0.104184,-0.086820,-0.052092,0.000000,0.121548
0.069646,0.104469,-0.087058,-0.052235,0.000000,0.121881
0.069837,0.104756,-0.087296,-0.052378,0.000000,0.122215
0.070028,0.105042,-0.087535,-0.052521,0.000000,0.122549
0.070219,0.105329,-0.087774,-0.052664,0.000000,0.122883
0.070410,0.105616,-0.088013,-0.052808,0.000000,0.123218
0.070602,0.105903,-0.088253,-0.052952,0.000000,0.123554
0.070794,0.106191,-0.088492,-0.053095,0.000000,0.123889
0.070986,0.106479,-0.088732,-0.053239,0.000000,0.124225
0.071178,0.106767,-0.088972,-0.053383,0.000000,0.124561
0.071370,0.107055,-0.089213,-0.053528,0.000000,0.124898
0.071563,0.107344,-0.089454,-0.053672,0.000000,0.125235
0.071756,0.107633,-0.089695,-0.053817,0.000000,0.125572
0.071949,0.107923,-0.089936,-0.053961,0.000000,0.125910
0.072142,0.108213,-0.090177,-0.054106,0.000000,0.126248
0.072335,0.108503,-0.090419,-0.054251,0.000000,0.126587
0.072529,0.108793,-0.090661,-0.054397,0.000000,0.126925
0.072723,0.109084,-0.090903,-0.054542,0.000000,0.127264
0.072917,0.109375,-0.091146,-0.054687,0.000000,0.127604
0.073111,0.109666,-0.091388,-0.054833,0.000000,0.127944
0.073305,0.109958,-0.091631,-0.054979,0.000000,0.128284
0.073500,0.110250,-0.091875,-0.055125,0.000000,0.128624
0.073694,0.110542,-0.092118,-0.055271,0.000000,0.128965
0.073889,0.110834,-0.092362,-0.055417,0.000000,0.129307
0.074085,0.111127,-0.092606,-0.055563,0.000000,0.129648
0.074280,0.111420,-0.092850,-0.055710,0.000000,0.129990
0.074476,0.111713,-0.093095,-0.055857,0.000000,0.130332
0.074671,0.112007,-0.093339,-0.056004,0.000000,0.130675
0.074867,0.112301,-0.093584,-0.056151,0.000000,0.131018
0.075064,0.112595,-0.093829,-0.056298,0.000000,0.131361
0.075260,0.112890,-0.094075,-0.056445,0.000000,0.131705
0.075457,0.113185,-0.094321,-0.056592,0.000000,0.132049
0.075653,0.113480,-0.094567,-0.056740,0.000000,0.132393
0.075850,0.113775,-0.094813,-0.056888,0.000000,0.132738
0.076047,0.114071,-0.095059,-0.057036,0.000000,0.133083
0.076245,0.114367,-0.095306,-0.057184,0.000000,0.133428
0.076442,0.114663,-0.095553,-0.057332,0.000000,0.133774
0.076640,0.114960,-0.095800,-0.057480,0.000000,0.134120
0.076838,0.115257,-0.096047,-0.057628,0.000000,0.134466
0.077036,0.115554,-0.096295,-0.057777,0.000000,0.134813
0.077234,0.115852,-0.096543,-0.057926,0.000000,0.135160
0.077433,0.116149,-0.096791,-0.058075,0.000000,0.135508
0.077632,0.116448,-0.097040,-0.058224,0.000000,0.135855
0.077831,0.116746,-0.097288,-0.058373,0.000000,0.136204
0.078030,0.117045,-0.097537,-0.058522,0.000000,0.136552
0.078229,0.117344,-0.097786,-0.058672,0.000000,0.136901
0.078429,0.117643,-0.098036,-0.058821,0.000000,0.137250
0.078628,0.117942,-0.098285,-0.058971,0.000000,0.137599
0.078828,0.118242,-0.098535,-0.059121,0.000000,0.137949
0.079028,0.118542,-0.098785,-0.059271,0.000000,0.138299
0.079228,0.118843,-0.099035,-0.059421,0.000000,0.138650
0.079429,0.119143,-0.099286,-0.059572,0.000000,0.139000
0.079629,0.119444,-0.099537,-0.059722,0.000000,0.139352
0.079830,0.119745,-0.099788,-0.059873,0.000000,0.139703
0.080031,0.120047,-0.100039,-0.060023,0.000000,0.140055
0.080233,0.120349,-0.100291,-0.060174,0.000000,0.140407
0.080434,0.120651,-0.100542,-0.060325,0.000000,0.140759
0.080635,0.120953,-0.100794,-0.060477,0.000000,0.141112
0.080837,0.121256,-0.101047,-0.060628,0.000000,0.141465
0.081039,0.121559,-0.101299,-0.060779,0.000000,0.141819
0.081241,0.121862,-0.101552,-0.060931,0.000000,0.142172
0.081444,0.122166,-0.101805,-0.061083,0.000000,0.142527
0.081646,0.122469,-0.102058,-0.061235,0.000000,0.142881
0.081849,0.122773,-0.102311,-0.061387,0.000000,0.143236
0.082052,0.123078,-0.102565,-0.061539,0.000000,0.143591
0.082255,0.123382,-0.102819,-0.061691,0.000000,0.143946
0.082458,0.123687,-0.103073,-0.061844,0.000000,0.144302
0.082662,0.123992,-0.103327,-0.061996,0.000000,0.144658
0.082865,0.124298,-0.103582,-0.062149,0.000000,0.145014
0.083069,0.124604,-0.103836,-0.062302,0.000000,0.145371
0.083273,0.124910,-0.104091,-0.062455,0.000000,0.145728
0.083477,0.125216,-0.104347,-0.062608,0.000000,0.146085
0.083682,0.125523,-0.104602,-0.062761,0.000000,0.146443
0.083886,0.125829,-0.104858,-0.062915,0.000000,0.146801
0.084091,0.126137,-0.105114,-0.063068,0.000000,0.147159
0.084296,0.126444,-0.105370,-0.063222,0.000000,0.147518
0.084501,0.126752,-0.105626,-0.063376,0.000000,0.147877
0.084706,0.127060,-0.105883,-0.063530,0.000000,0.148236
0.084912,0.127368,-0.106140,-0.063684,0.000000,0.148596
0.085117,0.127676,-0.106397,-0.063838,0.000000,0.148956
0.085323,0.127985,-0.106654,-0.063992,0.000000,0.149316
0.085529,0.128294,-0.106912,-0.064147,0.000000,0.149676
0.085736,0.128603,-0.107169,-0.064302,0.000000,0.150037
0.085942,0.128913,-0.107427,-0.064456,0.000000,0.150398
0.086148,0.129223,-0.107686,-0.064611,0.000000,0.150760
0.086355,0.129533,-0.107944,-0.064766,0.000000,0.151122
0.086562,0.129843,-0.108203,-0.064922,0.000000,0.151484
0.086769,0.130154,-0.108462,-0.065077,0.000000,0.151846
0.086977,0.130465,-0.108721,-0.065232,0.000000,0.152209
0.087184,0.130776,-0.108980,-0.065388,0.000000,0.152572
0.087392,0.131087,-0.109240,-0.065544,0.000000,0.152935
0.087599,0.131399,-0.109499,-0.065700,0.000000,0.153299
0.087807,0.131711,-0.109759,-0.065856,0.000000,0.153663
0.088016,0.132023,-0.110019,-0.066012,0.000000,0.154027
0.088224,0.132336,-0.110280,-0.066168,0.000000,0.154392
0.088432,0.132649,-0.110541,-0.066324,0.000000,0.154757
0.088641,0.132962,-0.110801,-0.066481,0.000000,0.155122
0.088850,0.133275,-0.111063,-0.066638,0.000000,0.155488
0.089059,0.133589,-0.111324,-0.066794,0.000000,0.155853
0.089268,0.133902,-0.111585,-0.066951,0.000000,0.156220
0.089478,0.134217,-0.111847,-0.067108,0.000000,0.156586
0.089687,0.134531,-0.112109,-0.067265,0.000000,0.156953
0.089897,0.134846,-0.112371,-0.067423,0.000000,0.157320
0.090107,0.135160,-0.112634,-0.067580,0.000000,0.157687
0.090317,0.135476,-0.112896,-0.067738,0.000000,0.158055
0.090527,0.135791,-0.113159,-0.067895,0.000000,0.158423
0.090738,0.136107,-0.113422,-0.068053,0.000000,0.158791
0.090948,0.136423,-0.113685,-0.068211,0.000000,0.159160
0.091159,0.136739,-0.113949,-0.068369,0.000000,0.159529
0.091370,0.137055,-0.114213,-0.068528,0.000000,0.159898
0.091581,0.137372,-0.114477,-0.068686,0.000000,0.160267
0.091793,0.137689,-0.114741,-0.068844,0.000000,0.160637
0.092004,0.138006,-0.115005,-0.069003,0.000000,0.161007
0.092216,0.138324,-0.115270,-0.069162,0.000000,0.161377
0.092427,0.138641,-0.115534,-0.069321,0.000000,0.161748
0.092639,0.138959,-0.115799,-0.069480,0.000000,0.162119
0.092852,0.139277,-0.116065,-0.069639,0.000000,0.162490
0.093064,0.139596,-0.116330,-0.069798,0.000000,0.162862
0.093276,0.139915,-0.116596,-0.069957,0.000000,0.163234
0.093489,0.140234,-0.116861,-0.070117,0.000000,0.163606
0.093702,0.140553,-0.117127,-0.070276,0.000000,0.163978
0.093915,0.140872,-0.117394,-0.070436,0.000000,0.164351
0.094128,0.141192,-0.117660,-0.070596,0.000000,0.164724
0.094341,0.141512,-0.117927,-0.070756,0.000000,0.165097
0.094555,0.141832,-0.118194,-0.070916,0.000000,0.165471
0.094769,0.142153,-0.118461,-0.071076,0.000000,0.165845
0.094982,0.142474,-0.118728,-0.071237,0.000000,0.166219
0.095196,0.142795,-0.118995,-0.071397,0.000000,0.166594
0.095411,0.143116,-0.119263,-0.071558,0.000000,0.166968
0.095625,0.143437,-0.119531,-0.071719,0.000000,0.167344
0.095839,0.143759,-0.119799,-0.071880,0.000000,0.167719
0.096054,0.144081,-0.120068,-0.072041,0.000000,0.168095
0.096269,0.144403,-0.120336,-0.072202,0.000000,0.168470
0.096484,0.144726,-0.120605,-0.072363,0.000000,0.168847
0.096699,0.145048,-0.120874,-0.072524,0.000000,0.169223
0.096914,0.145371,-0.121143,-0.072686,0.000000,0.169600
0.097130,0.145695,-0.121412,-0.072847,0.000000,0.169977
0.097345,0.146018,-0.121682,-0.073009,0.000000,0.170354
0.097561,0.146342,-0.121952,-0.073171,0.000000,0.170732
0.097777,0.146666,-0.122221,-0.073333,0.000000,0.171110
0.097993,0.146990,-0.122492,-0.073495,0.000000,0.171488
0.098210,0.147314,-0.122762,-0.073657,0.000000,0.171867
0.098426,0.147639,-0.123033,-0.073820,0.000000,0.172246
0.098643,0.147964,-0.123303,-0.073982,0.000000,0.172625
0.098859,0.148289,-0.123574,-0.074145,0.000000,0.173004
0.099076,0.148614,-0.123845,-0.074307,0.000000,0.173384
0.099293,0.148940,-0.124117,-0.074470,0.000000,0.173763
0.099511,0.149266,-0.124388,-0.074633,0.000000,0.174144
0.099728,0.149592,-0.124660,-0.074796,0.000000,0.174524
0.099946,0.149918,-0.124932,-0.074959,0.000000,0.174905
0.100163,0.150245,-0.125204,-0.075122,0.000000,0.175286
0.100381,0.150572,-0.125476,-0.075286,0.000000,0.175667
0.100599,0.150899,-0.125749,-0.075449,0.000000,0.176049
0.100817,0.151226,-0.126022,-0.075613,0.000000,0.176430
0.101036,0.151554,-0.126295,-0.075777,0.000000,0.176813
0.101254,0.151881,-0.126568,-0.075941,0.000000,0.177195
0.101473,0.152209,-0.126841,-0.076105,0.000000,0.177578
0.101692,0.152538,-0.127115,-0.076269,0.000000,0.177961
0.101911,0.152866,-0.127388,-0.076433,0.000000,0.178344
0.102130,0.153195,-0.127662,-0.076597,0.000000,0.178727
0.102349,0.153524,-0.127936,-0.076762,0.000000,0.179111
0.102569,0.153853,-0.128211,-0.076926,0.000000,0.179495
0.102788,0.154182,-0.128485,-0.077091,0.000000,0.179879
0.103008,0.154512,-0.128760,-0.077256,0.000000,0.180264
0.103228,0.154842,-0.129035,-0.077421,0.000000,0.180649
0.103448,0.155172,-0.129310,-0.077586,0.000000,0.181034
0.103668,0.155502,-0.129585,-0.077751,0.000000,0.181419
0.103888,0.155833,-0.129860,-0.077916,0.000000,0.181805
0.104109,0.156163,-0.130136,-0.078082,0.000000,0.182190
0.104329,0.156494,-0.130412,-0.078247,0.000000,0.182577
0.104550,0.156825,-0.130688,-0.078413,0.000000,0.182963
0.104771,0.157157,-0.130964,-0.078578,0.000000,0.183350
0.104992,0.157489,-0.131240,-0.078744,0.000000,0.183737
0.105214,0.157820,-0.131517,-0.078910,0.000000,0.184124
0.105435,0.158153,-0.131794,-0.079076,0.000000,0.184511
0.105657,0.158485,-0.132071,-0.079242,0.000000,0.184899
0.105878,0.158817,-0.132348,-0.079409,0.000000,0.185287
0.106100,0.159150,-0.132625,-0.079575,0.000000,0.185675
0.106322,0.159483,-0.132903,-0.079742,0.000000,0.186064
0.106544,0.159816,-0.133180,-0.079908,0.000000,0.186453
0.106767,0.160150,-0.133458,-0.080075,0.000000,0.186842
0.106989,0.160484,-0.133736,-0.080242,0.000000,0.187231
0.107212,0.160817,-0.134015,-0.080409,0.000000,0.187620
0.107434,0.161152,-0.134293,-0.080576,0.000000,0.188010
0.107657,0.161486,-0.134572,-0.080743,0.000000,0.188400
0.107880,0.161820,-0.134850,-0.080910,0.000000,0.188790
0.108103,0.162155,-0.135129,-0.081078,0.000000,0.189181
0.108327,0.162490,-0.135408,-0.081245,0.000000,0.189572
0.108550,0.162825,-0.135688,-0.081413,0.000000,0.189963
0.108774,0.163161,-0.135967,-0.081580,0.000000,0.190354
0.108998,0.163496,-0.136247,-0.081748,0.000000,0.190746
0.109221,0.163832,-0.136527,-0.081916,0.000000,0.191138
0.109446,0.164168,-0.136807,-0.082084,0.000000,0.191530
0.109670,0.164505,-0.137087,-0.082252,0.000000,0.191922
0.109894,0.164841,-0.137368,-0.082421,0.000000,0.192315
0.110119,0.165178,-0.137648,-0.082589,0.000000,0.192707
0.110343,0.165515,-0.137929,-0.082757,0.000000,0.193100
0.110568,0.165852,-0.138210,-0.082926,0.000000,0.193494
0.110793,0.166189,-0.138491,-0.083095,0.000000,0.193887
0.111018,0.166527,-0.138772,-0.083263,0.000000,0.194281
0.111243,0.166864,-0.139054,-0.083432,0.000000,0.194675
0.111468,0.167202,-0.139335,-0.083601,0.000000,0.195070
0.111694,0.167541,-0.139617,-0.083770,0.000000,0.195464
0.111919,0.167879,-0.139899,-0.083940,0.000000,0.195859
0.112145,0.168218,-0.140181,-0.084109,0.000000,0.196254
0.112371,0.168556,-0.140464,-0.084278,0.000000,0.196649
0.112597,0.168895,-0.140746,-0.084448,0.000000,0.197045
0.112823,0.169235,-0.141029,-0.084617,0.000000,0.197440
0.113049,0.169574,-0.141312,-0.084787,0.000000,0.197836
0.113276,0.169914,-0.141595,-0.084957,0.000000,0.198233
0.113502,0.170254,-0.141878,-0.085127,0.000000,0.198629
0.113729,0.170594,-0.142161,-0.085297,0.000000,0.199026
0.113956,0.170934,-0.142445,-0.085467,0.000000,0.199423
0.114183,0.171274,-0.142729,-0.085637,0.000000,0.199820
0.114410,0.171615,-0.143012,-0.085807,0.000000,0.200217
0.114637,0.171956,-0.143297,-0.085978,0.000000,0.200615
0.114865,0.172297,-0.143581,-0.086148,0.000000,0.201013
0.115092,0.172638,-0.143865,-0.086319,0.000000,0.201411
0.115320,0.172980,-0.144150,-0.086490,0.000000,0.201810
0.115548,0.173321,-0.144434,-0.086661,0.000000,0.202208
0.115775,0.173663,-0.144719,-0.086832,0.000000,0.202607
0.116003,0.174005,-0.145004,-0.087003,0.000000,0.203006
0.116232,0.174348,-0.145290,-0.087174,0.000000,0.203405
0.116460,0.174690,-0.145575,-0.087345,0.000000,0.203805
0.116688,0.175033,-0.145861,-0.087516,0.000000,0.204205
0.116917,0.175375,-0.146146,-0.087688,0.000000,0.204605
0.117146,0.175719,-0.146432,-0.087859,0.000000,0.205005
0.117375,0.176062,-0.146718,-0.088031,0.000000,0.205405
0.117604,0.176405,-0.147004,-0.088203,0.000000,0.205806
0.117833,0.176749,-0.147291,-0.088374,0.000000,0.206207
0.118062,0.177093,-0.147577,-0.088546,0.000000,0.206608
0.118291,0.177437,-0.147864,-0.088718,0.000000,0.207010
0.118521,0.177781,-0.148151,-0.088890,0.000000,0.207411
0.118750,0.178125,-0.148438,-0.089063,0.000000,0.207813
0.118980,0.178470,-0.148725,-0.089235,0.000000,0.208215
0.119210,0.178815,-0.149012,-0.089407,0.000000,0.208617
0.119440,0.179160,-0.149300,-0.089580,0.000000,0.209020
0.119670,0.179505,-0.149588,-0.089753,0.000000,0.209423
0.119900,0.179850,-0.149875,-0.089925,0.000000,0.209825
0.120131,0.180196,-0.150163,-0.090098,0.000000,0.210229
0.120361,0.180542,-0.150451,-0.090271,0.000000,0.210632
0.120592,0.180888,-0.150740,-0.090444,0.000000,0.211036
0.120823,0.181234,-0.151028,-0.090617,0.000000,0.211439
0.121053,0.181580,-0.151317,-0.090790,0.000000,0.211843
0.121284,0.181927,-0.151605,-0.090963,0.000000,0.212248
0.121516,0.182273,-0.151894,-0.091137,0.000000,0.212652
0.121747,0.182620,-0.152183,-0.091310,0.000000,0.213057
0.121978,0.182967,-0.152473,-0.091484,0.000000,0.213462
0.122210,0.183314,-0.152762,-0.091657,0.000000,0.213867
0.122441,0.183662,-0.153052,-0.091831,0.000000,0.214272
0.122673,0.184010,-0.153341,-0.092005,0.000000,0.214678
0.122905,0.184357,-0.153631,-0.092179,0.000000,0.215084
0.123137,0.184705,-0.153921,-0.092353,0.000000,0.215490
0.123369,0.185053,-0.154211,-0.092527,0.000000,0.215896
0.123601,0.185402,-0.154502,-0.092701,0.000000,0.216302
0.123834,0.185750,-0.154792,-0.092875,0.000000,0.216709
0.124066,0.186099,-0.155083,-0.093050,0.000000,0.217116
0.124299,0.186448,-0.155373,-0.093224,0.000000,0.217523
0.124531,0.186797,-0.155664,-0.093399,0.000000,0.217930
0.124764,0.187146,-0.155955,-0.093573,0.000000,0.218337
0.124997,0.187496,-0.156246,-0.093748,0.000000,0.218745
0.125230,0.187845,-0.156538,-0.093923,0.000000,0.219153
0.125463,0.188195,-0.156829,-0.094098,0.000000,0.219561
0.125697,0.188545,-0.157121,-0.094273,0.000000,0.219969
0.125930,0.188895,-0.157413,-0.094448,0.000000,0.220378
0.126164,0.189245,-0.157705,-0.094623,0.000000,0.220786
0.126397,0.189596,-0.157997,-0.094798,0.000000,0.221195
0.126631,0.189947,-0.158289,-0.094973,0.000000,0.221604
0.126865,0.190297,-0.158581,-0.095149,0.000000,0.222014
0.127099,0.190648,-0.158874,-0.095324,0.000000,0.222423
0.127333,0.191000,-0.159166,-0.095500,0.000000,0.222833
0.127567,0.191351,-0.159459,-0.095675,0.000000,0.223243
0.127802,0.191702,-0.159752,-0.095851,0.000000,0.223653
0.128036,0.192054,-0.160045,-0.096027,0.000000,0.224063
0.128271,0.192406,-0.160338,-0.096203,0.000000,0.224474
0.128505,0.192758,-0.160632,-0.096379,0.000000,0.224884
0.128740,0.193110,-0.160925,-0.096555,0.000000,0.225295
0.128975,0.193463,-0.161219,-0.096731,0.000000,0.225706
0.129210,0.193815,-0.161513,-0.096908,0.000000,0.226118
0.129445,0.194168,-0.161807,-0.097084,0.000000,0.226529
0.129680,0.194521,-0.162101,-0.097260,0.000000,0.226941
0.129916,0.194874,-0.162395,-0.097437,0.000000,0.227353
0.130151,0.195227,-0.162689,-0.097613,0.000000,0.227765
0.130387,0.195580,-0.162984,-0.097790,0.000000,0.228177
0.130623,0.195934,-0.163278,-0.097967,0.000000,0.228590
0.130858,0.196288,-0.163573,-0.098144,0.000000,0.229002
0.131094,0.196641,-0.163868,-0.098321,0.000000,0.229415
0.131330,0.196995,-0.164163,-0.098498,0.000000,0.229828
0.131566,0.197350,-0.164458,-0.098675,0.000000,0.230241
0.131803,0.197704,-0.164753,-0.098852,0.000000,0.230655
0.132039,0.198059,-0.165049,-0.099029,0.000000,0.231068
0.132275,0.198413,-0.165344,-0.099207,0.000000,0.231482
0.132512,0.198768,-0.165640,-0.099384,0.000000,0.231896
0.132749,0.199123,-0.165936,-0.099562,0.000000,0.232310
0.132985,0.199478,-0.166232,-0.099739,0.000000,0.232725
0.133222,0.199834,-0.166528,-0.099917,0.000000,0.233139
0.133459,0.200189,-0.166824,-0.100094,0.000000,0.233554
0.133696,0.200545,-0.167121,-0.100272,0.000000,0.233969
0.133934,0.200900,-0.167417,-0.100450,0.000000,0.234384
0.134171,0.201256,-0.167714,-0.100628,0.000000,0.234799
0.134408,0.201612,-0.168010,-0.100806,0.000000,0.235215
0.134646,0.201969,-0.168307,-0.100984,0.000000,0.235630
0.134883,0.202325,-0.168604,-0.101163,0.000000,0.236046
0.135121,0.202682,-0.168901,-0.101341,0.000000,0.236462
0.135359,0.203038,-0.169199,-0.101519,0.000000,0.236878
0.135597,0.203395,-0.169496,-0.101698,0.000000,0.237294
0.135835,0.203752,-0.169794,-0.101876,0.000000,0.237711
0.136073,0.204109,-0.170091,-0.102055,0.000000,0.238128
0.136311,0.204467,-0.170389,-0.102233,0.000000,0.238545
0.136549,0.204824,-0.170687,-0.102412,0.000000,0.238962
0.136788,0.205182,-0.170985,-0.102591,0.000000,0.239379
0.137026,0.205540,-0.171283,-0.102770,0.000000,0.239796
0.137265,0.205898,-0.171581,-0.102949,0.000000,0.240214
0.137504,0.206256,-0.171880,-0.103128,0.000000,0.240632
0.137743,0.206614,-0.172178,-0.103307,0.000000,0.241050
0.137981,0.206972,-0.172477,-0.103486,0.000000,0.241468
0.138221,0.207331,-0.172776,-0.103665,0.000000,0.241886
0.138460,0.207689,-0.173075,-0.103845,0.000000,0.242304
0.138699,0.208048,-0.173374,-0.104024,0.000000,0.242723
0.138938,0.208407,-0.173673,-0.104204,0.000000,0.243142
0.139178,0.208766,-0.173972,-0.104383,0.000000,0.243561
0.139417,0.209126,-0.174271,-0.104563,0.000000,0.243980
0.139657,0.209485,-0.174571,-0.104742,0.000000,0.244399
0.139896,0.209844,-0.174870,-0.104922,0.000000,0.244819
0.140136,0.210204,-0.175170,-0.105102,0.000000,0.245238
0.140376,0.210564,-0.175470,-0.105282,0.000000,0.245658
0.140616,0.210924,-0.175770,-0.105462,0.000000,0.246078
0.140856,0.211284,-0.176070,-0.105642,0.000000,0.246498
0.141096,0.211644,-0.176370,-0.105822,0.000000,0.246918
0.141336,0.212005,-0.176670,-0.106002,0.000000,0.247339
0.141577,0.212365,-0.176971,-0.106183,0.000000,0.247759
0.141817,0.212726,-0.177271,-0.106363,0.000000,0.248180
0.142058,0.213087,-0.177572,-0.106543,0.000000,0.248601
0.142298,0.213447,-0.177873,-0.106724,0.000000,0.249022
0.142539,0.213809,-0.178174,-0.106904,0.000000,0.249443
0.142780,0.214170,-0.178475,-0.107085,0.000000,0.249865
0.143021,0.214531,-0.178776,-0.107266,0.000000,0.250286
0.143262,0.214893,-0.179077,-0.107446,0.000000,0.250708
0.143503,0.215254,-0.179378,-0.107627,0.000000,0.251130
0.143744,0.215616,-0.179680,-0.107808,0.000000,0.251552
0.143985,0.215978,-0.179981,-0.107989,0.000000,0.251974
0.144227,0.216340,-0.180283,-0.108170,0.000000,0.252396
0.144468,0.216702,-0.180585,-0.108351,0.000000,0.252819
0.144709,0.217064,-0.180887,-0.108532,0.000000,0.253242
0.144951,0.217427,-0.181189,-0.108713,0.000000,0.253664
0.145193,0.217789,-0.181491,-0.108895,0.000000,0.254087
0.145435,0.218152,-0.181793,-0.109076,0.000000,0.254510
0.145676,0.218515,-0.182095,-0.109257,0.000000,0.254934
0.145918,0.218877,-0.182398,-0.109439,0.000000,0.255357
0.146160,0.219241,-0.182700,-0.109620,0.000000,0.255781
0.146402,0.219604,-0.183003,-0.109802,0.000000,0.256204
0.146645,0.219967,-0.183306,-0.109984,0.000000,0.256628
0.146887,0.220330,-0.183609,-0.110165,0.000000,0.257052
0.147129,0.220694,-0.183912,-0.110347,0.000000,0.257476
0.147372,0.221058,-0.184215,-0.110529,0.000000,0.257901
0.147614,0.221421,-0.184518,-0.110711,0.000000,0.258325
0.147857,0.221785,-0.184821,-0.110893,0.000000,0.258750
0.148100,0.222149,-0.185125,-0.111075,0.000000,0.259174
0.148342,0.222514,-0.185428,-0.111257,0.000000,0.259599
0.148585,0.222878,-0.185732,-0.111439,0.000000,0.260024
0.148828,0.223242,-0.186035,-0.111621,0.000000,0.260449
0.149071,0.223607,-0.186339,-0.111803,0.000000,0.260875
0.149314,0.223972,-0.186643,-0.111986,0.000000,0.261300
0.149558,0.224336,-0.186947,-0.112168,0.000000,0.261726
0.149801,0.224701,-0.187251,-0.112351,0.000000,0.262151
0.150044,0.225066,-0.187555,-0.112533,0.000000,0.262577
0.150288,0.225431,-0.187859,-0.112716,0.000000,0.263003
0.150531,0.225797,-0.188164,-0.112898,0.000000,0.263429
0.150775,0.226162,-0.188468,-0.113081,0.000000,0.263856
0.151018,0.226527,-0.188773,-0.113264,0.000000,0.264282
0.151262,0.226893,-0.189078,-0.113447,0.000000,0.264709
0.151506,0.227259,-0.189382,-0.113629,0.000000,0.265135
0.151750,0.227625,-0.189687,-0.113812,0.000000,0.265562
0.151994,0.227991,-0.189992,-0.113995,0.000000,0.265989
0.152238,0.228357,-0.190297,-0.114178,0.000000,0.266416
0.152482,0.228723,-0.190602,-0.114361,0.000000,0.266843
0.152726,0.229089,-0.190908,-0.114545,0.000000,0.267271
0.152970,0.229456,-0.191213,-0.114728,0.000000,0.267698
0.153215,0.229822,-0.191518,-0.114911,0.000000,0.268126
0.153459,0.230189,-0.191824,-0.115094,0.000000,0.268553
0.153704,0.230555,-0.192130,-0.115278,0.000000,0.268981
0.153948,0.230922,-0.192435,-0.115461,0.000000,0.269409
0.154193,0.231289,-0.192741,-0.115645,0.000000,0.269837
0.154438,0.231656,-0.193047,-0.115828,0.000000,0.270266
0.154682,0.232023,-0.193353,-0.116012,0.000000,0.270694
0.154927,0.232391,-0.193659,-0.116195,0.000000,0.271122
0.155172,0.232758,-0.193965,-0.116379,0.000000,0.271551
0.155417,0.233126,-0.194271,-0.116563,0.000000,0.271980
0.155662,0.233493,-0.194578,-0.116747,0.000000,0.272409
0.155907,0.233861,-0.194884,-0.116930,0.000000,0.272838
0.156152,0.234229,-0.195191,-0.117114,0.000000,0.273267
0.156398,0.234597,-0.195497,-0.117298,0.000000,0.273696
0.156643,0.234965,-0.195804,-0.117482,0.000000,0.274125
0.156888,0.235333,-0.196111,-0.117666,0.000000,0.274555
0.157134,0.235701,-0.196417,-0.117850,0.000000,0.274984
0.157379,0.236069,-0.196724,-0.118035,0.000000,0.275414
0.157625,0.236438,-0.197031,-0.118219,0.000000,0.275844
0.157871,0.236806,-0.197338,-0.118403,0.000000,0.276274
0.158117,0.237175,-0.197646,-0.118587,0.000000,0.276704
0.158362,0.237544,-0.197953,-0.118772,0.000000,0.277134
0.158608,0.237912,-0.198260,-0.118956,0.000000,0.277564
0.158854,0.238281,-0.198568,-0.119141,0.000000,0.277995
0.159100,0.238650,-0.198875,-0.119325,0.000000,0.278425
0.159346,0.239019,-0.199183,-0.119510,0.000000,0.278856
0.159592,0.239389,-0.199490,-0.119694,0.000000,0.279287
0.159839,0.239758,-0.199798,-0.119879,0.000000,0.279718
0.160085,0.240127,-0.200106,-0.120064,0.000000,0.280148
0.160331,0.240497,-0.200414,-0.120248,0.000000,0.280580
0.160578,0.240866,-0.200722,-0.120433,0.000000,0.281011
0.160824,0.241236,-0.201030,-0.120618,0.000000,0.281442
0.161071,0.241606,-0.201338,-0.120803,0.000000,0.281873
0.161317,0.241976,-0.201646,-0.120988,0.000000,0.282305
0.161564,0.242346,-0.201955,-0.121173,0.000000,0.282737
0.161810,0.242716,-0.202263,-0.121358,0.000000,0.283168
0.162057,0.243086,-0.202572,-0.121543,0.000000,0.283600
0.162304,0.243456,-0.202880,-0.121728,0.000000,0.284032
0.162551,0.243826,-0.203189,-0.121913,0.000000,0.284464
0.162798,0.244197,-0.203497,-0.122098,0.000000,0.284896
0.163045,0.244567,-0.203806,-0.122284,0.000000,0.285328
0.163292,0.244938,-0.204115,-0.122469,0.000000,0.285761
0.163539,0.245308,-0.204424,-0.122654,0.000000,0.286193
0.163786,0.245679,-0.204733,-0.122840,0.000000,0.286626
0.164033,0.246050,-0.205042,-0.123025,0.000000,0.287058
0.164281,0.246421,-0.205351,-0.123211,0.000000,0.287491
0.164528,0.246792,-0.205660,-0.123396,0.000000,0.287924
0.164775,0.247163,-0.205969,-0.123582,0.000000,0.288357
0.165023,0.247534,-0.206279,-0.123767,0.000000,0.288790
0.165270,0.247906,-0.206588,-0.123953,0.000000,0.289223
0.165518,0.248277,-0.206897,-0.124138,0.000000,0.289656
0.165766,0.248648,-0.207207,-0.124324,0.000000,0.290090
0.166013,0.249020,-0.207517,-0.124510,0.000000,0.290523
0.166261,0.249391,-0.207826,-0.124696,0.000000,0.290957
0.166509,0.249763,-0.208136,-0.124882,0.000000,0.291390
0.166757,0.250135,-0.208446,-0.125067,0.000000,0.291824
0.167004,0.250507,-0.208756,-0.125253,0.000000,0.292258
0.167252,0.250879,-0.209065,-0.125439,0.000000,0.292692
0.167500,0.251251,-0.209375,-0.125625,0.000000,0.293126
0.167748,0.251623,-0.209685,-0.125811,0.000000,0.293560
0.167996,0.251995,-0.209996,-0.125997,0.000000,0.293994
0.168245,0.252367,-0.210306,-0.126183,0.000000,0.294428
0.168493,0.252739,-0.210616,-0.126370,0.000000,0.294862
0.168741,0.253112,-0.210926,-0.126556,0.000000,0.295297
0.168989,0.253484,-0.211237,-0.126742,0.000000,0.295731
0.169238,0.253856,-0.211547,-0.126928,0.000000,0.296166
0.169486,0.254229,-0.211858,-0.127115,0.000000,0.296601
0.169734,0.254602,-0.212168,-0.127301,0.000000,0.297035
0.169983,0.254974,-0.212479,-0.127487,0.000000,0.297470
0.170231,0.255347,-0.212789,-0.127674,0.000000,0.297905
0.170480,0.255720,-0.213100,-0.127860,0.000000,0.298340
0.170729,0.256093,-0.213411,-0.128047,0.000000,0.298775
0.170977,0.256466,-0.213722,-0.128233,0.000000,0.299210
0.171226,0.256839,-0.214033,-0.128420,0.000000,0.299646
0.171475,0.257212,-0.214344,-0.128606,0.000000,0.300081
0.171724,0.257585,-0.214655,-0.128793,0.000000,0.300516
0.171972,0.257959,-0.214966,-0.128979,0.000000,0.300952
0.172221,0.258332,-0.215277,-0.129166,0.000000,0.301387
0.172470,0.258705,-0.215588,-0.129353,0.000000,0.301823
0.172719,0.259079,-0.215899,-0.129539,0.000000,0.302259
0.172968,0.259452,-0.216210,-0.129726,0.000000,0.302695
0.173217,0.259826,-0.216522,-0.129913,0.000000,0.303130
0.173467,0.260200,-0.216833,-0.130100,0.000000,0.303566
0.173716,0.260573,-0.217145,-0.130287,0.000000,0.304002
0.173965,0.260947,-0.217456,-0.130474,0.000000,0.304438
0.174214,0.261321,-0.217768,-0.130661,0.000000,0.304875
0.174463,0.261695,-0.218079,-0.130848,0.000000,0.305311
0.174713,0.262069,-0.218391,-0.131035,0.000000,0.305747
0.174962,0.262443,-0.218703,-0.131222,0.000000,0.306184
0.175211,0.262817,-0.219014,-0.131409,0.000000,0.306620
0.175461,0.263191,-0.219326,-0.131596,0.000000,0.307057
0.175710,0.263565,-0.219638,-0.131783,0.000000,0.307493
0.175960,0.263940,-0.219950,-0.131970,0.000000,0.307930
0.176209,0.264314,-0.220262,-0.132157,0.000000,0.308366
0.176459,0.264688,-0.220574,-0.132344,0.000000,0.308803
0.176709,0.265063,-0.220886,-0.132531,0.000000,0.309240
0.176958,0.265437,-0.221198,-0.132719,0.000000,0.309677
0.177208,0.265812,-0.221510,-0.132906,0.000000,0.310114
0.177458,0.266187,-0.221822,-0.133093,0.000000,0.310551
0.177707,0.266561,-0.222134,-0.133281,0.000000,0.310988
0.177957,0.266936,-0.222447,-0.133468,0.000000,0.311425
0.178207,0.267311,-0.222759,-0.133655,0.000000,0.311862
0.178457,0.267685,-0.223071,-0.133843,0.000000,0.312300
0.178707,0.268060,-0.223384,-0.134030,0.000000,0.312737
0.178957,0.268435,-0.223696,-0.134218,0.000000,0.313174
0.179207,0.268810,-0.224008,-0.134405,0.000000,0.313612
0.179457,0.269185,-0.224321,-0.134593,0.000000,0.314049
0.179707,0.269560,-0.224634,-0.134780,0.000000,0.314487
0.179957,0.269935,-0.224946,-0.134968,0.000000,0.314925
0.180207,0.270311,-0.225259,-0.135155,0.000000,0.315362
0.180457,0.270686,-0.225571,-0.135343,0.000000,0.315800
0.180707,0.271061,-0.225884,-0.135530,0.000000,0.316238
0.180958,0.271436,-0.226197,-0.135718,0.000000,0.316676
0.181208,0.271812,-0.226510,-0.135906,0.000000,0.317114
0.181458,0.272187,-0.226822,-0.136093,0.000000,0.317551
0.181708,0.272562,-0.227135,-0.136281,0.000000,0.317989
0.181959,0.272938,-0.227448,-0.136469,0.000000,0.318428
0.182209,0.273313,-0.227761,-0.136657,0.000000,0.318866
0.182459,0.273689,-0.228074,-0.136844,0.000000,0.319304
0.182710,0.274065,-0.228387,-0.137032,0.000000,0.319742
0.182960,0.274440,-0.228700,-0.137220,0.000000,0.320180
0.183211,0.274816,-0.229013,-0.137408,0.000000,0.320619
0.183461,0.275192,-0.229326,-0.137596,0.000000,0.321057
0.183712,0.275567,-0.229639,-0.137784,0.000000,0.321495
0.183962,0.275943,-0.229953,-0.137972,0.000000,0.321934
0.184213,0.276319,-0.230266,-0.138159,0.000000,0.322372
0.184463,0.276695,-0.230579,-0.138347,0.000000,0.322811
0.184714,0.277071,-0.230892,-0.138535,0.000000,0.323249
0.184964,0.277447,-0.231206,-0.138723,0.000000,0.323688
0.185215,0.277823,-0.231519,-0.138911,0.000000,0.324126
0.185466,0.278199,-0.231832,-0.139099,0.000000,0.324565
0.185716,0.278575,-0.232146,-0.139287,0.000000,0.325004
0.185967,0.278951,-0.232459,-0.139475,0.000000,0.325443
0.186218,0.279327,-0.232772,-0.139663,0.000000,0.325881
0.186469,0.279703,-0.233086,-0.139852,0.000000,0.326320
0.186720,0.280079,-0.233399,-0.140040,0.000000,0.326759
0.186970,0.280455,-0.233713,-0.140228,0.000000,0.327198
0.187221,0.280832,-0.234026,-0.140416,0.000000,0.327637
0.187472,0.281208,-0.234340,-0.140604,0.000000,0.328076
0.187723,0.281584,-0.234654,-0.140792,0.000000,0.328515
0.187974,0.281961,-0.234967,-0.140980,0.000000,0.328954
0.188225,0.282337,-0.235281,-0.141168,0.000000,0.329393
0.188476,0.282713,-0.235594,-0.141357,0.000000,0.329832
0.188727,0.283090,-0.235908,-0.141545,0.000000,0.330271
0.188977,0.283466,-0.236222,-0.141733,0.000000,0.330711
0.189228,0.283843,-0.236536,-0.141921,0.000000,0.331150
0.189479,0.284219,-0.236849,-0.142110,0.000000,0.331589
0.189730,0.284596,-0.237163,-0.142298,0.000000,0.332028
0.189982,0.284972,-0.237477,-0.142486,0.000000,0.332468
0.190233,0.285349,-0.237791,-0.142674,0.000000,0.332907
0.190484,0.285725,-0.238105,-0.142863,0.000000,0.333346
0.190735,0.286102,-0.238418,-0.143051,0.000000,0.333786
0.190986,0.286479,-0.238732,-0.143239,0.000000,0.334225
0.191237,0.286855,-0.239046,-0.143428,0.000000,0.334665
0.191488,0.287232,-0.239360,-0.143616,0.000000,0.335104
0.191739,0.287609,-0.239674,-0.143804,0.000000,0.335543
0.191990,0.287985,-0.239988,-0.143993,0.000000,0.335983
0.192241,0.288362,-0.240302,-0.144181,0.000000,0.336423
0.192493,0.288739,-0.240616,-0.144369,0.000000,0.336862
0.192744,0.289116,-0.240930,-0.144558,0.000000,0.337302
0.192995,0.289492,-0.241244,-0.144746,0.000000,0.337741
0.193246,0.289869,-0.241558,-0.144935,0.000000,0.338181
0.193497,0.290246,-0.241872,-0.145123,0.000000,0.338620
0.193749,0.290623,-0.242186,-0.145311,0.000000,0.339060
0.194000,0.291000,-0.242500,-0.145500,0.000000,0.339500
0.194251,0.291377,-0.242814,-0.145688,0.000000,0.339939
0.194502,0.291754,-0.243128,-0.145877,0.000000,0.340379
0.194754,0.292130,-0.243442,-0.146065,0.000000,0.340819
0.195005,0.292507,-0.243756,-0.146254,0.000000,0.341259
0.195256,0.292884,-0.244070,-0.146442,0.000000,0.341698
0.195507,0.293261,-0.244384,-0.146631,0.000000,0.342138
0.195759,0.293638,-0.244698,-0.146819,0.000000,0.342578
0.196010,0.294015,-0.245013,-0.147008,0.000000,0.343018
0.196261,0.294392,-0.245327,-0.147196,0.000000,0.343457
0.196513,0.294769,-0.245641,-0.147384,0.000000,0.343897
0.196764,0.295146,-0.245955,-0.147573,0.000000,0.344337
0.197015,0.295523,-0.246269,-0.147761,0.000000,0.344777
0.197267,0.295900,-0.246583,-0.147950,0.000000,0.345217
0.197518,0.296277,-0.246897,-0.148138,0.000000,0.345656
0.197769,0.296654,-0.247212,-0.148327,0.000000,0.346096
0.198021,0.297031,-0.247526,-0.148515,0.000000,0.346536
0.198272,0.297408,-0.247840,-0.148704,0.000000,0.346976
0.198523,0.297785,-0.248154,-0.148892,0.000000,0.347416
0.198775,0.298162,-0.248468,-0.149081,0.000000,0.347856
0.199026,0.298539,-0.248783,-0.149270,0.000000,0.348296
0.199277,0.298916,-0.249097,-0.149458,0.000000,0.348735
0.199529,0.299293,-0.249411,-0.149647,0.000000,0.349175
0.199780,0.299670,-0.249725,-0.149835,0.000000,0.349615
0.200031,0.300047,-0.250039,-0.150024,0.000000,0.350055
0.200283,0.300424,-0.250353,-0.150212,0.000000,0.350495
0.200534,0.300801,-0.250668,-0.150401,0.000000,0.350935
0.200785,0.301178,-0.250982,-0.150589,0.000000,0.351375
0.201037,0.301555,-0.251296,-0.150778,0.000000,0.351814
0.201288,0.301932,-0.251610,-0.150966,0.000000,0.352254
0.201540,0.302309,-0.251924,-0.151155,0.000000,0.352694
0.201791,0.302686,-0.252239,-0.151343,0.000000,0.353134
0.202042,0.303063,-0.252553,-0.151532,0.000000,0.353574
0.202294,0.303440,-0.252867,-0.151720,0.000000,0.354014
0.202545,0.303817,-0.253181,-0.151909,0.000000,0.354454
0.202796,0.304194,-0.253495,-0.152097,0.000000,0.354893
0.203048,0.304571,-0.253809,-0.152286,0.000000,0.355333
0.203299,0.304948,-0.254124,-0.152474,0.000000,0.355773
0.203550,0.305325,-0.254438,-0.152663,0.000000,0.356213
0.203801,0.305702,-0.254752,-0.152851,0.000000,0.356653
0.204053,0.306079,-0.255066,-0.153040,0.000000,0.357092
0.204304,0.306456,-0.255380,-0.153228,0.000000,0.357532
0.204555,0.306833,-0.255694,-0.153417,0.000000,0.357972
0.204807,0.307210,-0.256008,-0.153605,0.000000,0.358412
0.205058,0.307587,-0.256322,-0.153793,0.000000,0.358851
0.205309,0.307964,-0.256636,-0.153982,0.000000,0.359291
0.205560,0.308341,-0.256951,-0.154170,0.000000,0.359731
0.205812,0.308718,-0.257265,-0.154359,0.000000,0.360170
0.206063,0.309094,-0.257579,-0.154547,0.000000,0.360610
0.206314,0.309471,-0.257893,-0.154736,0.000000,0.361050
0.206565,0.309848,-0.258207,-0.154924,0.000000,0.361489
0.206817,0.310225,-0.258521,-0.155112,0.000000,0.361929
0.207068,0.310602,-0.258835,-0.155301,0.000000,0.362369
0.207319,0.310979,-0.259149,-0.155489,0.000000,0.362808
0.207570,0.311355,-0.259463,-0.155678,0.000000,0.363248
0.207821,0.311732,-0.259777,-0.155866,0.000000,0.363687
0.208073,0.312109,-0.260091,-0.156054,0.000000,0.364127
0.208324,0.312485,-0.260405,-0.156243,0.000000,0.364566
0.208575,0.312862,-0.260718,-0.156431,0.000000,0.365006
0.208826,0.313239,-0.261032,-0.156619,0.000000,0.365445
0.209077,0.313615,-0.261346,-0.156808,0.000000,0.365885
0.209328,0.313992,-0.261660,-0.156996,0.000000,0.366324
0.209579,0.314369,-0.261974,-0.157184,0.000000,0.366764
0.209830,0.314745,-0.262288,-0.157373,0.000000,0.367203
0.210081,0.315122,-0.262602,-0.157561,0.000000,0.367642
0.210332,0.315498,-0.262915,-0.157749,0.000000,0.368081
0.210583,0.315875,-0.263229,-0.157937,0.000000,0.368521
0.210834,0.316251,-0.263543,-0.158126,0.000000,0.368960
0.211085,0.316628,-0.263857,-0.158314,0.000000,0.369399
0.211336,0.317004,-0.264170,-0.158502,0.000000,0.369838
0.211587,0.317381,-0.264484,-0.158690,0.000000,0.370278
0.211838,0.317757,-0.264798,-0.158879,0.000000,0.370717
0.212089,0.318133,-0.265111,-0.159067,0.000000,0.371156
0.212340,0.318510,-0.265425,-0.159255,0.000000,0.371595
0.212591,0.318886,-0.265738,-0.159443,0.000000,0.372034
0.212842,0.319262,-0.266052,-0.159631,0.000000,0.372473
0.213092,0.319639,-0.266365,-0.159819,0.000000,0.372912
0.213343,0.320015,-0.266679,-0.160007,0.000000,0.373351
0.213594,0.320391,-0.266992,-0.160195,0.000000,0.373789
0.213845,0.320767,-0.267306,-0.160384,0.000000,0.374228
0.214095,0.321143,-0.267619,-0.160572,0.000000,0.374667
0.214346,0.321519,-0.267933,-0.160760,0.000000,0.375106
0.214597,0.321895,-0.268246,-0.160948,0.000000,0.375545
0.214848,0.322271,-0.268559,-0.161136,0.000000,0.375983
0.215098,0.322647,-0.268873,-0.161324,0.000000,0.376422
0.215349,0.323023,-0.269186,-0.161512,0.000000,0.376860
0.215599,0.323399,-0.269499,-0.161700,0.000000,0.377299
0.215850,0.323775,-0.269812,-0.161887,0.000000,0.377737
0.216101,0.324151,-0.270126,-0.162075,0.000000,0.378176
0.216351,0.324527,-0.270439,-0.162263,0.000000,0.378614
0.216602,0.324902,-0.270752,-0.162451,0.000000,0.379053
0.216852,0.325278,-0.271065,-0.162639,0.000000,0.379491
0.217102,0.325654,-0.271378,-0.162827,0.000000,0.379929
0.217353,0.326029,-0.271691,-0.163015,0.000000,0.380368
0.217603,0.326405,-0.272004,-0.163202,0.000000,0.380806
0.217854,0.326780,-0.272317,-0.163390,0.000000,0.381244
0.218104,0.327156,-0.272630,-0.163578,0.000000,0.381682
0.218354,0.327531,-0.272943,-0.163766,0.000000,0.382120
0.218605,0.327907,-0.273256,-0.163953,0.000000,0.382558
0.218855,0.328282,-0.273569,-0.164141,0.000000,0.382996
0.219105,0.328658,-0.273881,-0.164329,0.000000,0.383434
0.219355,0.329033,-0.274194,-0.164516,0.000000,0.383872
0.219605,0.329408,-0.274507,-0.164704,0.000000,0.384309
0.219856,0.329783,-0.274819,-0.164892,0.000000,0.384747
0.220106,0.330158,-0.275132,-0.165079,0.000000,0.385185
0.220356,0.330534,-0.275445,-0.165267,0.000000,0.385622
0.220606,0.330909,-0.275757,-0.165454,0.000000,0.386060
0.220856,0.331284,-0.276070,-0.165642,0.000000,0.386497
0.221106,0.331658,-0.276382,-0.165829,0.000000,0.386935
0.221356,0.332033,-0.276694,-0.166017,0.000000,0.387372
0.221605,0.332408,-0.277007,-0.166204,0.000000,0.387810
0.221855,0.332783,-0.277319,-0.166392,0.000000,0.388247
0.222105,0.333158,-0.277631,-0.166579,0.000000,0.388684
0.222355,0.333532,-0.277944,-0.166766,0.000000,0.389121
0.222605,0.333907,-0.278256,-0.166954,0.000000,0.389558
0.222854,0.334282,-0.278568,-0.167141,0.000000,0.389995
0.223104,0.334656,-0.278880,-0.167328,0.000000,0.390432
0.223354,0.335031,-0.279192,-0.167515,0.000000,0.390869
0.223603,0.335405,-0.279504,-0.167703,0.000000,0.391306
0.223853,0.335779,-0.279816,-0.167890,0.000000,0.391743
0.224103,0.336154,-0.280128,-0.168077,0.000000,0.392179
0.224352,0.336528,-0.280440,-0.168264,0.000000,0.392616
0.224602,0.336902,-0.280752,-0.168451,0.000000,0.393053
0.224851,0.337276,-0.281064,-0.168638,0.000000,0.393489
0.225100,0.337650,-0.281375,-0.168825,0.000000,0.393926
0.225350,0.338024,-0.281687,-0.169012,0.000000,0.394362
0.225599,0.338398,-0.281999,-0.169199,0.000000,0.394798
0.225848,0.338772,-0.282310,-0.169386,0.000000,0.395234
0.226097,0.339146,-0.282622,-0.169573,0.000000,0.395671
0.226347,0.339520,-0.282933,-0.169760,0.000000,0.396107
0.226596,0.339894,-0.283245,-0.169947,0.000000,0.396543
0.226845,0.340267,-0.283556,-0.170134,0.000000,0.396979
0.227094,0.340641,-0.283867,-0.170320,0.000000,0.397414
0.227343,0.341014,-0.284179,-0.170507,0.000000,0.397850
0.227592,0.341388,-0.284490,-0.170694,0.000000,0.398286
0.227841,0.341761,-0.284801,-0.170881,0.000000,0.398721
0.228090,0.342135,-0.285112,-0.171067,0.000000,0.399157
0.228339,0.342508,-0.285423,-0.171254,0.000000,0.399592
0.228587,0.342881,-0.285734,-0.171441,0.000000,0.400028
0.228836,0.343254,-0.286045,-0.171627,0.000000,0.400463
0.229085,0.343627,-0.286356,-0.171814,0.000000,0.400898
0.229333,0.344000,-0.286667,-0.172000,0.000000,0.401334
0.229582,0.344373,-0.286978,-0.172187,0.000000,0.401769
0.229831,0.344746,-0.287288,-0.172373,0.000000,0.402204
0.230079,0.345119,-0.287599,-0.172559,0.000000,0.402639
0.230328,0.345491,-0.287910,-0.172746,0.000000,0.403073
0.230576,0.345864,-0.288220,-0.172932,0.000000,0.403508
0.230824,0.346237,-0.288531,-0.173118,0.000000,0.403943
0.231073,0.346609,-0.288841,-0.173305,0.000000,0.404377
0.231321,0.346982,-0.289151,-0.173491,0.000000,0.404812
0.231569,0.347354,-0.289462,-0.173677,0.000000,0.405246
0.231817,0.347726,-0.289772,-0.173863,0.000000,0.405681
0.232066,0.348098,-0.290082,-0.174049,0.000000,0.406115
0.232314,0.348470,-0.290392,-0.174235,0.000000,0.406549
0.232562,0.348842,-0.290702,-0.174421,0.000000,0.406983
0.232810,0.349214,-0.291012,-0.174607,0.000000,0.407417
0.233058,0.349586,-0.291322,-0.174793,0.000000,0.407851
0.233305,0.349958,-0.291632,-0.174979,0.000000,0.408284
0.233553,0.350330,-0.291942,-0.175165,0.000000,0.408718
0.233801,0.350702,-0.292251,-0.175351,0.000000,0.409152
0.234049,0.351073,-0.292561,-0.175537,0.000000,0.409585
0.234296,0.351445,-0.292870,-0.175722,0.000000,0.410019
0.234544,0.351816,-0.293180,-0.175908,0.000000,0.410452
0.234792,0.352187,-0.293489,-0.176094,0.000000,0.410885
0.235039,0.352559,-0.293799,-0.176279,0.000000,0.411318
0.235286,0.352930,-0.294108,-0.176465,0.000000,0.411751
0.235534,0.353301,-0.294417,-0.176650,0.000000,0.412184
0.235781,0.353672,-0.294726,-0.176836,0.000000,0.412617
0.236028,0.354043,-0.295036,-0.177021,0.000000,0.413050
0.236276,0.354413,-0.295345,-0.177207,0.000000,0.413482
0.236523,0.354784,-0.295653,-0.177392,0.000000,0.413915
0.236770,0.355155,-0.295962,-0.177577,0.000000,0.414347
0.237017,0.355525,-0.296271,-0.177763,0.000000,0.414780
0.237264,0.355896,-0.296580,-0.177948,0.000000,0.415212
0.237511,0.356266,-0.296889,-0.178133,0.000000,0.415644
0.237758,0.356637,-0.297197,-0.178318,0.000000,0.416076
0.238004,0.357007,-0.297506,-0.178503,0.000000,0.416508
0.238251,0.357377,-0.297814,-0.178688,0.000000,0.416940
0.238498,0.357747,-0.298122,-0.178873,0.000000,0.417371
0.238745,0.358117,-0.298431,-0.179058,0.000000,0.417803
0.238991,0.358487,-0.298739,-0.179243,0.000000,0.418234
0.239238,0.358856,-0.299047,-0.179428,0.000000,0.418666
0.239484,0.359226,-0.299355,-0.179613,0.000000,0.419097
0.239730,0.359596,-0.299663,-0.179798,0.000000,0.419528
0.239977,0.359965,-0.299971,-0.179983,0.000000,0.419959
0.240223,0.360334,-0.300279,-0.180167,0.000000,0.420390
0.240469,0.360704,-0.300586,-0.180352,0.000000,0.420821
0.240715,0.361073,-0.300894,-0.180536,0.000000,0.421252
0.240961,0.361442,-0.301202,-0.180721,0.000000,0.421682
0.241207,0.361811,-0.301509,-0.180905,0.000000,0.422113
0.241453,0.362180,-0.301817,-0.181090,0.000000,0.422543
0.241699,0.362549,-0.302124,-0.181274,0.000000,0.422973
0.241945,0.362917,-0.302431,-0.181459,0.000000,0.423404
0.242191,0.363286,-0.302738,-0.181643,0.000000,0.423834
0.242436,0.363654,-0.303045,-0.181827,0.000000,0.424264
0.242682,0.364023,-0.303352,-0.182011,0.000000,0.424693
0.242927,0.364391,-0.303659,-0.182196,0.000000,0.425123
0.243173,0.364759,-0.303966,-0.182380,0.000000,0.425553
0.243418,0.365127,-0.304273,-0.182564,0.000000,0.425982
0.243664,0.365495,-0.304580,-0.182748,0.000000,0.426411
0.243909,0.365863,-0.304886,-0.182932,0.000000,0.426841
0.244154,0.366231,-0.305193,-0.183116,0.000000,0.427270
0.244399,0.366599,-0.305499,-0.183299,0.000000,0.427699
0.244644,0.366966,-0.305805,-0.183483,0.000000,0.428127
0.244889,0.367334,-0.306111,-0.183667,0.000000,0.428556
0.245134,0.367701,-0.306418,-0.183851,0.000000,0.428985
0.245379,0.368068,-0.306724,-0.184034,0.000000,0.429413
0.245624,0.368436,-0.307030,-0.184218,0.000000,0.429841
0.245868,0.368803,-0.307335,-0.184401,0.000000,0.430270
0.246113,0.369169,-0.307641,-0.184585,0.000000,0.430698
0.246358,0.369536,-0.307947,-0.184768,0.000000,0.431126
0.246602,0.369903,-0.308252,-0.184951,0.000000,0.431553
0.246846,0.370270,-0.308558,-0.185135,0.000000,0.431981
0.247091,0.370636,-0.308863,-0.185318,0.000000,0.432409
0.247335,0.371002,-0.309169,-0.185501,0.000000,0.432836
0.247579,0.371369,-0.309474,-0.185684,0.000000,0.433263
0.247823,0.371735,-0.309779,-0.185867,0.000000,0.433691
0.248067,0.372101,-0.310084,-0.186050,0.000000,0.434118
0.248311,0.372467,-0.310389,-0.186233,0.000000,0.434545
0.248555,0.372833,-0.310694,-0.186416,0.000000,0.434971
0.248799,0.373198,-0.310999,-0.186599,0.000000,0.435398
0.249043,0.373564,-0.311303,-0.186782,0.000000,0.435825
0.249286,0.373929,-0.311608,-0.186965,0.000000,0.436251
0.249530,0.374295,-0.311912,-0.187147,0.000000,0.436677
0.249773,0.374660,-0.312217,-0.187330,0.000000,0.437103
0.250017,0.375025,-0.312521,-0.187513,0.000000,0.437529
0.250260,0.375390,-0.312825,-0.187695,0.000000,0.437955
0.250503,0.375755,-0.313129,-0.187877,0.000000,0.438381
0.250746,0.376120,-0.313433,-0.188060,0.000000,0.438806
0.250990,0.376484,-0.313737,-0.188242,0.000000,0.439232
0.251233,0.376849,-0.314041,-0.188424,0.000000,0.439657
0.251475,0.377213,-0.314344,-0.188607,0.000000,0.440082
0.251718,0.377577,-0.314648,-0.188789,0.000000,0.440507
0.251961,0.377942,-0.314951,-0.188971,0.000000,0.440932
0.252204,0.378306,-0.315255,-0.189153,0.000000,0.441357
0.252446,0.378669,-0.315558,-0.189335,0.000000,0.441781
0.252689,0.379033,-0.315861,-0.189517,0.000000,0.442205
0.252931,0.379397,-0.316164,-0.189698,0.000000,0.442630
0.253174,0.379760,-0.316467,-0.189880,0.000000,0.443054
0.253416,0.380124,-0.316770,-0.190062,0.000000,0.443478
0.253658,0.380487,-0.317073,-0.190244,0.000000,0.443902
0.253900,0.380850,-0.317375,-0.190425,0.000000,0.444325
0.254142,0.381213,-0.317678,-0.190607,0.000000,0.444749
0.254384,0.381576,-0.317980,-0.190788,0.000000,0.445172
0.254626,0.381939,-0.318282,-0.190969,0.000000,0.445595
0.254868,0.382302,-0.318585,-0.191151,0.000000,0.446018
0.255109,0.382664,-0.318887,-0.191332,0.000000,0.446441
0.255351,0.383026,-0.319189,-0.191513,0.000000,0.446864
0.255592,0.383389,-0.319491,-0.191694,0.000000,0.447287
0.255834,0.383751,-0.319792,-0.191875,0.000000,0.447709
0.256075,0.384113,-0.320094,-0.192056,0.000000,0.448131
0.256316,0.384475,-0.320395,-0.192237,0.000000,0.448554
0.256558,0.384836,-0.320697,-0.192418,0.000000,0.448976
0.256799,0.385198,-0.320998,-0.192599,0.000000,0.449397
0.257040,0.385559,-0.321299,-0.192780,0.000000,0.449819
0.257280,0.385921,-0.321600,-0.192960,0.000000,0.450241
0.257521,0.386282,-0.321901,-0.193141,0.000000,0.450662
0.257762,0.386643,-0.322202,-0.193321,0.000000,0.451083
0.258002,0.387004,-0.322503,-0.193502,0.000000,0.451504
0.258243,0.387364,-0.322804,-0.193682,0.000000,0.451925
0.258483,0.387725,-0.323104,-0.193863,0.000000,0.452346
0.258724,0.388086,-0.323405,-0.194043,0.000000,0.452766
0.258964,0.388446,-0.323705,-0.194223,0.000000,0.453187
0.259204,0.388806,-0.324005,-0.194403,0.000000,0.453607
0.259444,0.389166,-0.324305,-0.194583,0.000000,0.454027
0.259684,0.389526,-0.324605,-0.194763,0.000000,0.454447
0.259924,0.389886,-0.324905,-0.194943,0.000000,0.454867
0.260164,0.390245,-0.325205,-0.195123,0.000000,0.455286
0.260403,0.390605,-0.325504,-0.195302,0.000000,0.455706
0.260643,0.390964,-0.325804,-0.195482,0.000000,0.456125
0.260882,0.391324,-0.326103,-0.195662,0.000000,0.456544
0.261122,0.391683,-0.326402,-0.195841,0.000000,0.456963
0.261361,0.392041,-0.326701,-0.196021,0.000000,0.457382
0.261600,0.392400,-0.327000,-0.196200,0.000000,0.457800
0.261839,0.392759,-0.327299,-0.196379,0.000000,0.458219
0.262078,0.393117,-0.327598,-0.196559,0.000000,0.458637
0.262317,0.393476,-0.327896,-0.196738,0.000000,0.459055
0.262556,0.393834,-0.328195,-0.196917,0.000000,0.459473
0.262795,0.394192,-0.328493,-0.197096,0.000000,0.459891
0.263033,0.394550,-0.328792,-0.197275,0.000000,0.460308
0.263272,0.394908,-0.329090,-0.197454,0.000000,0.460725
0.263510,0.395265,-0.329388,-0.197633,0.000000,0.461143
0.263748,0.395623,-0.329685,-0.197811,0.000000,0.461560
0.263987,0.395980,-0.329983,-0.197990,0.000000,0.461977
0.264225,0.396337,-0.330281,-0.198169,0.000000,0.462393
0.264463,0.396694,-0.330578,-0.198347,0.000000,0.462810
0.264701,0.397051,-0.330876,-0.198525,0.000000,0.463226
0.264938,0.397407,-0.331173,-0.198704,0.000000,0.463642
0.265176,0.397764,-0.331470,-0.198882,0.000000,0.464058
0.265414,0.398120,-0.331767,-0.199060,0.000000,0.464474
0.265651,0.398477,-0.332064,-0.199238,0.000000,0.464889
0.265888,0.398833,-0.332361,-0.199416,0.000000,0.465305
0.266126,0.399189,-0.332657,-0.199594,0.000000,0.465720
0.266363,0.399544,-0.332954,-0.199772,0.000000,0.466135
0.266600,0.399900,-0.333250,-0.199950,0.000000,0.466550
0.266837,0.400255,-0.333546,-0.200128,0.000000,0.466965
0.267074,0.400611,-0.333842,-0.200305,0.000000,0.467379
0.267310,0.400966,-0.334138,-0.200483,0.000000,0.467793
0.267547,0.401321,-0.334434,-0.200660,0.000000,0.468207
0.267784,0.401675,-0.334730,-0.200838,0.000000,0.468621
0.268020,0.402030,-0.335025,-0.201015,0.000000,0.469035
0.268256,0.402385,-0.335320,-0.201192,0.000000,0.469449
0.268493,0.402739,-0.335616,-0.201369,0.000000,0.469862
0.268729,0.403093,-0.335911,-0.201547,0.000000,0.470275
0.268965,0.403447,-0.336206,-0.201724,0.000000,0.470688
0.269201,0.403801,-0.336501,-0.201900,0.000000,0.471101
0.269436,0.404155,-0.336795,-0.202077,0.000000,0.471514
0.269672,0.404508,-0.337090,-0.202254,0.000000,0.471926
0.269908,0.404861,-0.337384,-0.202431,0.000000,0.472338
0.270143,0.405214,-0.337679,-0.202607,0.000000,0.472750
0.270378,0.405567,-0.337973,-0.202784,0.000000,0.473162
0.270614,0.405920,-0.338267,-0.202960,0.000000,0.473574
0.270849,0.406273,-0.338561,-0.203136,0.000000,0.473985
0.271084,0.406625,-0.338855,-0.203313,0.000000,0.474396
0.271319,0.406978,-0.339148,-0.203489,0.000000,0.474807
0.271553,0.407330,-0.339442,-0.203665,0.000000,0.475218
0.271788,0.407682,-0.339735,-0.203841,0.000000,0.475629
0.272023,0.408034,-0.340028,-0.204017,0.000000,0.476039
0.272257,0.408385,-0.340321,-0.204193,0.000000,0.476450
0.272491,0.408737,-0.340614,-0.204368,0.000000,0.476860
0.272725,0.409088,-0.340907,-0.204544,0.000000,0.477270
0.272960,0.409439,-0.341199,-0.204720,0.000000,0.477679
0.273194,0.409790,-0.341492,-0.204895,0.000000,0.478089
0.273427,0.410141,-0.341784,-0.205071,0.000000,0.478498
0.273661,0.410492,-0.342076,-0.205246,0.000000,0.478907
0.273895,0.410842,-0.342368,-0.205421,0.000000,0.479316
0.274128,0.411192,-0.342660,-0.205596,0.000000,0.479724
0.274362,0.411542,-0.342952,-0.205771,0.000000,0.480133
0.274595,0.411892,-0.343244,-0.205946,0.000000,0.480541
0.274828,0.412242,-0.343535,-0.206121,0.000000,0.480949
0.275061,0.412592,-0.343826,-0.206296,0.000000,0.481357
0.275294,0.412941,-0.344118,-0.206471,0.000000,0.481765
0.275527,0.413290,-0.344409,-0.206645,0.000000,0.482172
0.275760,0.413639,-0.344699,-0.206820,0.000000,0.482579
0.275992,0.413988,-0.344990,-0.206994,0.000000,0.482986
0.276225,0.414337,-0.345281,-0.207168,0.000000,0.483393
0.276457,0.414685,-0.345571,-0.207343,0.000000,0.483799
0.276689,0.415034,-0.345861,-0.207517,0.000000,0.484206
0.276921,0.415382,-0.346151,-0.207691,0.000000,0.484612
0.277153,0.415730,-0.346441,-0.207865,0.000000,0.485018
0.277385,0.416077,-0.346731,-0.208039,0.000000,0.485424
0.277617,0.416425,-0.347021,-0.208212,0.000000,0.485829
0.277848,0.416772,-0.347310,-0.208386,0.000000,0.486234
0.278080,0.417120,-0.347600,-0.208560,0.000000,0.486639
0.278311,0.417467,-0.347889,-0.208733,0.000000,0.487044
0.278542,0.417813,-0.348178,-0.208907,0.000000,0.487449
0.278773,0.418160,-0.348467,-0.209080,0.000000,0.487853
0.279004,0.418507,-0.348755,-0.209253,0.000000,0.488258
0.279235,0.418853,-0.349044,-0.209426,0.000000,0.488662
0.279466,0.419199,-0.349332,-0.209599,0.000000,0.489065
0.279697,0.419545,-0.349621,-0.209772,0.000000,0.489469
0.279927,0.419890,-0.349909,-0.209945,0.000000,0.489872
0.280157,0.420236,-0.350197,-0.210118,0.000000,0.490275
0.280388,0.420581,-0.350484,-0.210291,0.000000,0.490678
0.280618,0.420926,-0.350772,-0.210463,0.000000,0.491081
0.280848,0.421271,-0.351059,-0.210636,0.000000,0.491483
0.281077,0.421616,-0.351347,-0.210808,0.000000,0.491886
0.281307,0.421961,-0.351634,-0.210980,0.000000,0.492287
0.281537,0.422305,-0.351921,-0.211153,0.000000,0.492689
0.281766,0.422649,-0.352208,-0.211325,0.000000,0.493091
0.281995,0.422993,-0.352494,-0.211497,0.000000,0.493492
0.282225,0.423337,-0.352781,-0.211669,0.000000,0.493893
0.282454,0.423681,-0.353067,-0.211840,0.000000,0.494294
0.282683,0.424024,-0.353353,-0.212012,0.000000,0.494695
0.282911,0.424367,-0.353639,-0.212184,0.000000,0.495095
0.283140,0.424710,-0.353925,-0.212355,0.000000,0.495495
0.283369,0.425053,-0.354211,-0.212527,0.000000,0.495895
0.283597,0.425396,-0.354496,-0.212698,0.000000,0.496295
0.283825,0.425738,-0.354782,-0.212869,0.000000,0.496694
0.284054,0.426080,-0.355067,-0.213040,0.000000,0.497094
0.284282,0.426422,-0.355352,-0.213211,0.000000,0.497493
0.284509,0.426764,-0.355637,-0.213382,0.000000,0.497891
0.284737,0.427106,-0.355921,-0.213553,0.000000,0.498290
0.284965,0.427447,-0.356206,-0.213724,0.000000,0.498688
0.285192,0.427788,-0.356490,-0.213894,0.000000,0.499086
0.285420,0.428129,-0.356774,-0.214065,0.000000,0.499484
0.285647,0.428470,-0.357058,-0.214235,0.000000,0.499882
0.285874,0.428811,-0.357342,-0.214405,0.000000,0.500279
0.286101,0.429151,-0.357626,-0.214576,0.000000,0.500676
0.286328,0.429491,-0.357910,-0.214746,0.000000,0.501073
0.286554,0.429831,-0.358193,-0.214916,0.000000,0.501470
0.286781,0.430171,-0.358476,-0.215086,0.000000,0.501866
0.287007,0.430511,-0.358759,-0.215255,0.000000,0.502263
0.287233,0.430850,-0.359042,-0.215425,0.000000,0.502659
0.287460,0.431189,-0.359324,-0.215595,0.000000,0.503054
0.287686,0.431528,-0.359607,-0.215764,0.000000,0.503450
0.287911,0.431867,-0.359889,-0.215934,0.000000,0.503845
0.288137,0.432206,-0.360171,-0.216103,0.000000,0.504240
0.288363,0.432544,-0.360453,-0.216272,0.000000,0.504635
0.288588,0.432882,-0.360735,-0.216441,0.000000,0.505029
0.288813,0.433220,-0.361017,-0.216610,0.000000,0.505423
0.289038,0.433558,-0.361298,-0.216779,0.000000,0.505817
0.289263,0.433895,-0.361579,-0.216948,0.000000,0.506211
0.289488,0.434232,-0.361860,-0.217116,0.000000,0.506605
0.289713,0.434570,-0.362141,-0.217285,0.000000,0.506998
0.289938,0.434906,-0.362422,-0.217453,0.000000,0.507391
0.290162,0.435243,-0.362703,-0.217622,0.000000,0.507784
0.290386,0.435580,-0.362983,-0.217790,0.000000,0.508176
0.290610,0.435916,-0.363263,-0.217958,0.000000,0.508568
0.290834,0.436252,-0.363543,-0.218126,0.000000,0.508960
0.291058,0.436588,-0.363823,-0.218294,0.000000,0.509352
0.291282,0.436923,-0.364103,-0.218462,0.000000,0.509744
0.291506,0.437258,-0.364382,-0.218629,0.000000,0.510135
0.291729,0.437594,-0.364661,-0.218797,0.000000,0.510526
0.291952,0.437929,-0.364940,-0.218964,0.000000,0.510917
0.292175,0.438263,-0.365219,-0.219132,0.000000,0.511307
0.292398,0.438598,-0.365498,-0.219299,0.000000,0.511697
0.292621,0.438932,-0.365777,-0.219466,0.000000,0.512087
0.292844,0.439266,-0.366055,-0.219633,0.000000,0.512477
0.293067,0.439600,-0.366333,-0.219800,0.000000,0.512867
0.293289,0.439934,-0.366611,-0.219967,0.000000,0.513256
0.293511,0.440267,-0.366889,-0.220133,0.000000,0.513645
0.293733,0.440600,-0.367167,-0.220300,0.000000,0.514033
0.293955,0.440933,-0.367444,-0.220467,0.000000,0.514422
0.294177,0.441266,-0.367721,-0.220633,0.000000,0.514810
0.294399,0.441598,-0.367999,-0.220799,0.000000,0.515198
0.294620,0.441931,-0.368275,-0.220965,0.000000,0.515586
0.294842,0.442263,-0.368552,-0.221131,0.000000,0.515973
0.295063,0.442594,-0.368829,-0.221297,0.000000,0.516360
0.295284,0.442926,-0.369105,-0.221463,0.000000,0.516747
0.295505,0.443257,-0.369381,-0.221629,0.000000,0.517134
0.295726,0.443589,-0.369657,-0.221794,0.000000,0.517520
0.295946,0.443919,-0.369933,-0.221960,0.000000,0.517906
0.296167,0.444250,-0.370208,-0.222125,0.000000,0.518292
0.296387,0.444581,-0.370484,-0.222290,0.000000,0.518677
0.296607,0.444911,-0.370759,-0.222455,0.000000,0.519063
0.296827,0.445241,-0.371034,-0.222620,0.000000,0.519448
0.297047,0.445571,-0.371309,-0.222785,0.000000,0.519832
0.297267,0.445900,-0.371584,-0.222950,0.000000,0.520217
0.297486,0.446230,-0.371858,-0.223115,0.000000,0.520601
0.297706,0.446559,-0.372132,-0.223279,0.000000,0.520985
0.297925,0.446887,-0.372406,-0.223444,0.000000,0.521369
0.298144,0.447216,-0.372680,-0.223608,0.000000,0.521752
0.298363,0.447544,-0.372954,-0.223772,0.000000,0.522135
0.298582,0.447873,-0.373227,-0.223936,0.000000,0.522518
0.298800,0.448201,-0.373500,-0.224100,0.000000,0.522901
0.299019,0.448528,-0.373774,-0.224264,0.000000,0.523283
0.299237,0.448856,-0.374046,-0.224428,0.000000,0.523665
0.299455,0.449183,-0.374319,-0.224591,0.000000,0.524047
0.299673,0.449510,-0.374592,-0.224755,0.000000,0.524428
0.299891,0.449837,-0.374864,-0.224918,0.000000,0.524809
0.300109,0.450163,-0.375136,-0.225082,0.000000,0.525190
0.300326,0.450490,-0.375408,-0.225245,0.000000,0.525571
0.300544,0.450816,-0.375680,-0.225408,0.000000,0.525951
0.300761,0.451141,-0.375951,-0.225571,0.000000,0.526332
0.300978,0.451467,-0.376222,-0.225733,0.000000,0.526711
0.301195,0.451792,-0.376494,-0.225896,0.000000,0.527091
0.301412,0.452117,-0.376764,-0.226059,0.000000,0.527470
0.301628,0.452442,-0.377035,-0.226221,0.000000,0.527849
0.301845,0.452767,-0.377306,-0.226383,0.000000,0.528228
0.302061,0.453091,-0.377576,-0.226546,0.000000,0.528606
0.302277,0.453415,-0.377846,-0.226708,0.000000,0.528984
0.302493,0.453739,-0.378116,-0.226870,0.000000,0.529362
0.302709,0.454063,-0.378386,-0.227031,0.000000,0.529740
0.302924,0.454386,-0.378655,-0.227193,0.000000,0.530117
0.303140,0.454709,-0.378924,-0.227355,0.000000,0.530494
0.303355,0.455032,-0.379194,-0.227516,0.000000,0.530871
0.303570,0.455355,-0.379462,-0.227677,0.000000,0.531247
0.303785,0.455677,-0.379731,-0.227839,0.000000,0.531624
0.304000,0.455999,-0.380000,-0.228000,0.000000,0.531999
0.304214,0.456321,-0.380268,-0.228161,0.000000,0.532375
0.304429,0.456643,-0.380536,-0.228322,0.000000,0.532750
0.304643,0.456964,-0.380804,-0.228482,0.000000,0.533125
0.304857,0.457286,-0.381071,-0.228643,0.000000,0.533500
0.305071,0.457607,-0.381339,-0.228803,0.000000,0.533874
0.305285,0.457927,-0.381606,-0.228964,0.000000,0.534249
0.305498,0.458248,-0.381873,-0.229124,0.000000,0.534622
0.305712,0.458568,-0.382140,-0.229284,0.000000,0.534996
0.305925,0.458888,-0.382407,-0.229444,0.000000,0.535369
0.306138,0.459208,-0.382673,-0.229604,0.000000,0.535742
0.306351,0.459527,-0.382939,-0.229763,0.000000,0.536115
0.306564,0.459846,-0.383205,-0.229923,0.000000,0.536487
0.306777,0.460165,-0.383471,-0.230083,0.000000,0.536859
0.306989,0.460484,-0.383736,-0.230242,0.000000,0.537231
0.307201,0.460802,-0.384002,-0.230401,0.000000,0.537603
0.307414,0.461120,-0.384267,-0.230560,0.000000,0.537974
0.307625,0.461438,-0.384532,-0.230719,0.000000,0.538345
0.307837,0.461756,-0.384797,-0.230878,0.000000,0.538715
0.308049,0.462073,-0.385061,-0.231037,0.000000,0.539086
0.308260,0.462390,-0.385325,-0.231195,0.000000,0.539456
0.308472,0.462707,-0.385589,-0.231354,0.000000,0.539825
0.308683,0.463024,-0.385853,-0.231512,0.000000,0.540195
0.308894,0.463340,-0.386117,-0.231670,0.000000,0.540564
0.309104,0.463656,-0.386380,-0.231828,0.000000,0.540933
0.309315,0.463972,-0.386644,-0.231986,0.000000,0.541301
0.309525,0.464288,-0.386907,-0.232144,0.000000,0.541669
0.309735,0.464603,-0.387169,-0.232302,0.000000,0.542037
0.309946,0.464918,-0.387432,-0.232459,0.000000,0.542405
0.310155,0.465233,-0.387694,-0.232617,0.000000,0.542772
0.310365,0.465548,-0.387956,-0.232774,0.000000,0.543139
0.310575,0.465862,-0.388218,-0.232931,0.000000,0.543506
0.310784,0.466176,-0.388480,-0.233088,0.000000,0.543872
0.310993,0.466490,-0.388741,-0.233245,0.000000,0.544238
0.311202,0.466803,-0.389003,-0.233402,0.000000,0.544604
0.311411,0.467117,-0.389264,-0.233558,0.000000,0.544969
0.311620,0.467430,-0.389525,-0.233715,0.000000,0.545334
0.311828,0.467742,-0.389785,-0.233871,0.000000,0.545699
0.312036,0.468055,-0.390046,-0.234027,0.000000,0.546064
0.312245,0.468367,-0.390306,-0.234183,0.000000,0.546428
0.312453,0.468679,-0.390566,-0.234339,0.000000,0.546792
0.312660,0.468990,-0.390825,-0.234495,0.000000,0.547156
0.312868,0.469302,-0.391085,-0.234651,0.000000,0.547519
0.313075,0.469613,-0.391344,-0.234806,0.000000,0.547882
0.313283,0.469924,-0.391603,-0.234962,0.000000,0.548244
0.313490,0.470234,-0.391862,-0.235117,0.000000,0.548607
0.313696,0.470545,-0.392121,-0.235272,0.000000,0.548969
0.313903,0.470855,-0.392379,-0.235427,0.000000,0.549331
0.314110,0.471165,-0.392637,-0.235582,0.000000,0.549692
0.314316,0.471474,-0.392895,-0.235737,0.000000,0.550053
0.314522,0.471783,-0.393153,-0.235892,0.000000,0.550414
0.314728,0.472092,-0.393410,-0.236046,0.000000,0.550774
0.314934,0.472401,-0.393667,-0.236200,0.000000,0.551134
0.315140,0.472709,-0.393924,-0.236355,0.000000,0.551494
0.315345,0.473017,-0.394181,-0.236509,0.000000,0.551854
0.315550,0.473325,-0.394438,-0.236663,0.000000,0.552213
0.315755,0.473633,-0.394694,-0.236816,0.000000,0.552572
0.315960,0.473940,-0.394950,-0.236970,0.000000,0.552930
0.316165,0.474247,-0.395206,-0.237124,0.000000,0.553289
0.316369,0.474554,-0.395462,-0.237277,0.000000,0.553646
0.316574,0.474861,-0.395717,-0.237430,0.000000,0.554004
0.316778,0.475167,-0.395972,-0.237583,0.000000,0.554361
0.316982,0.475473,-0.396227,-0.237736,0.000000,0.554718
0.317186,0.475778,-0.396482,-0.237889,0.000000,0.555075
0.317389,0.476084,-0.396737,-0.238042,0.000000,0.555431
0.317593,0.476389,-0.396991,-0.238194,0.000000,0.555787
0.317796,0.476694,-0.397245,-0.238347,0.000000,0.556143
0.317999,0.476998,-0.397499,-0.238499,0.000000,0.556498
0.318202,0.477303,-0.397752,-0.238651,0.000000,0.556853
0.318404,0.477607,-0.398006,-0.238803,0.000000,0.557208
0.318607,0.477910,-0.398259,-0.238955,0.000000,0.557562
0.318809,0.478214,-0.398511,-0.239107,0.000000,0.557916
0.319011,0.478517,-0.398764,-0.239258,0.000000,0.558270
0.319213,0.478820,-0.399016,-0.239410,0.000000,0.558623
0.319415,0.479122,-0.399269,-0.239561,0.000000,0.558976
0.319616,0.479425,-0.399521,-0.239712,0.000000,0.559329
0.319818,0.479727,-0.399772,-0.239863,0.000000,0.559681
0.320019,0.480028,-0.400024,-0.240014,0.000000,0.560033
0.320220,0.480330,-0.400275,-0.240165,0.000000,0.560385
0.320421,0.480631,-0.400526,-0.240316,0.000000,0.560736
0.320621,0.480932,-0.400777,-0.240466,0.000000,0.561087
0.320822,0.481233,-0.401027,-0.240616,0.000000,0.561438
0.321022,0.481533,-0.401277,-0.240766,0.000000,0.561788
0.321222,0.481833,-0.401527,-0.240916,0.000000,0.562138
0.321422,0.482133,-0.401777,-0.241066,0.000000,0.562488
0.321621,0.482432,-0.402027,-0.241216,0.000000,0.562837
0.321821,0.482731,-0.402276,-0.241366,0.000000,0.563186
0.322020,0.483030,-0.402525,-0.241515,0.000000,0.563535
0.322219,0.483329,-0.402774,-0.241664,0.000000,0.563883
0.322418,0.483627,-0.403022,-0.241813,0.000000,0.564231
0.322617,0.483925,-0.403271,-0.241962,0.000000,0.564579
0.322815,0.484223,-0.403519,-0.242111,0.000000,0.564926
0.323013,0.484520,-0.403767,-0.242260,0.000000,0.565273
0.323212,0.484817,-0.404014,-0.242409,0.000000,0.565620
0.323409,0.485114,-0.404262,-0.242557,0.000000,0.565966
0.323607,0.485411,-0.404509,-0.242705,0.000000,0.566312
0.323805,0.485707,-0.404756,-0.242853,0.000000,0.566658
0.324002,0.486003,-0.405002,-0.243001,0.000000,0.567003
0.324199,0.486299,-0.405249,-0.243149,0.000000,0.567348
0.324396,0.486594,-0.405495,-0.243297,0.000000,0.567693
0.324593,0.486889,-0.405741,-0.243444,0.000000,0.568037
0.324789,0.487184,-0.405986,-0.243592,0.000000,0.568381
0.324986,0.487478,-0.406232,-0.243739,0.000000,0.568725
0.325182,0.487772,-0.406477,-0.243886,0.000000,0.569068
0.325378,0.488066,-0.406722,-0.244033,0.000000,0.569411
0.325573,0.488360,-0.406967,-0.244180,0.000000,0.569753
0.325769,0.488653,-0.407211,-0.244327,0.000000,0.570095
0.325964,0.488946,-0.407455,-0.244473,0.000000,0.570437
0.326159,0.489239,-0.407699,-0.244619,0.000000,0.570779
0.326354,0.489531,-0.407943,-0.244766,0.000000,0.571120
0.326549,0.489823,-0.408186,-0.244912,0.000000,0.571461
0.326744,0.490115,-0.408429,-0.245058,0.000000,0.571801
0.326938,0.490407,-0.408672,-0.245203,0.000000,0.572141
0.327132,0.490698,-0.408915,-0.245349,0.000000,0.572481
0.327326,0.490989,-0.409157,-0.245494,0.000000,0.572820
0.327520,0.491279,-0.409400,-0.245640,0.000000,0.573159
0.327713,0.491570,-0.409641,-0.245785,0.000000,0.573498
0.327907,0.491860,-0.409883,-0.245930,0.000000,0.573836
0.328100,0.492149,-0.410125,-0.246075,0.000000,0.574174
0.328293,0.492439,-0.410366,-0.246219,0.000000,0.574512
0.328485,0.492728,-0.410607,-0.246364,0.000000,0.574849
0.328678,0.493017,-0.410847,-0.246508,0.000000,0.575186
0.328870,0.493305,-0.411088,-0.246653,0.000000,0.575523
0.329062,0.493593,-0.411328,-0.246797,0.000000,0.575859
0.329254,0.493881,-0.411568,-0.246941,0.000000,0.576195
0.329446,0.494169,-0.411807,-0.247084,0.000000,0.576530
0.329637,0.494456,-0.412047,-0.247228,0.000000,0.576865
0.329829,0.494743,-0.412286,-0.247372,0.000000,0.577200
0.330020,0.495030,-0.412525,-0.247515,0.000000,0.577535
0.330211,0.495316,-0.412763,-0.247658,0.000000,0.577869
0.330401,0.495602,-0.413002,-0.247801,0.000000,0.578202
0.330592,0.495888,-0.413240,-0.247944,0.000000,0.578536
0.330782,0.496173,-0.413478,-0.248087,0.000000,0.578869
0.330972,0.496458,-0.413715,-0.248229,0.000000,0.579201
0.331162,0.496743,-0.413953,-0.248372,0.000000,0.579534
0.331352,0.497027,-0.414190,-0.248514,0.000000,0.579865
0.331541,0.497312,-0.414426,-0.248656,0.000000,0.580197
0.331730,0.497595,-0.414663,-0.248798,0.000000,0.580528
0.331919,0.497879,-0.414899,-0.248940,0.000000,0.580859
0.332108,0.498162,-0.415135,-0.249081,0.000000,0.581189
0.332297,0.498445,-0.415371,-0.249223,0.000000,0.581519
0.332485,0.498728,-0.415606,-0.249364,0.000000,0.581849
0.332673,0.499010,-0.415842,-0.249505,0.000000,0.582178
0.332861,0.499292,-0.416077,-0.249646,0.000000,0.582507
0.333049,0.499574,-0.416311,-0.249787,0.000000,0.582836
0.333237,0.499855,-0.416546,-0.249928,0.000000,0.583164
0.333424,0.500136,-0.416780,-0.250068,0.000000,0.583492
0.333611,0.500417,-0.417014,-0.250208,0.000000,0.583820
0.333798,0.500697,-0.417248,-0.250349,0.000000,0.584147
0.333985,0.500977,-0.417481,-0.250489,0.000000,0.584473
0.334171,0.501257,-0.417714,-0.250628,0.000000,0.584800
0.334358,0.501536,-0.417947,-0.250768,0.000000,0.585126
0.334544,0.501816,-0.418180,-0.250908,0.000000,0.585451
0.334730,0.502094,-0.418412,-0.251047,0.000000,0.585777
0.334915,0.502373,-0.418644,-0.251186,0.000000,0.586102
0.335101,0.502651,-0.418876,-0.251326,0.000000,0.586426
0.335286,0.502929,-0.419107,-0.251464,0.000000,0.586750
0.335471,0.503206,-0.419339,-0.251603,0.000000,0.587074
0.335656,0.503484,-0.419570,-0.251742,0.000000,0.587398
0.335840,0.503760,-0.419800,-0.251880,0.000000,0.587721
0.336025,0.504037,-0.420031,-0.252019,0.000000,0.588043
0.336209,0.504313,-0.420261,-0.252157,0.000000,0.588365
0.336393,0.504589,-0.420491,-0.252295,0.000000,0.588687
0.336577,0.504865,-0.420721,-0.252432,0.000000,0.589009
0.336760,0.505140,-0.420950,-0.252570,0.000000,0.589330
0.336943,0.505415,-0.421179,-0.252707,0.000000,0.589651
0.337126,0.505690,-0.421408,-0.252845,0.000000,0.589971
0.337309,0.505964,-0.421637,-0.252982,0.000000,0.590291
0.337492,0.506238,-0.421865,-0.253119,0.000000,0.590611
0.337674,0.506512,-0.422093,-0.253256,0.000000,0.590930
0.337857,0.506785,-0.422321,-0.253392,0.000000,0.591249
0.338039,0.507058,-0.422548,-0.253529,0.000000,0.591567
0.338220,0.507330,-0.422775,-0.253665,0.000000,0.591886
0.338402,0.507603,-0.423002,-0.253801,0.000000,0.592203
0.338583,0.507875,-0.423229,-0.253937,0.000000,0.592521
0.338764,0.508146,-0.423455,-0.254073,0.000000,0.592838
0.338945,0.508418,-0.423682,-0.254209,0.000000,0.593154
0.339126,0.508689,-0.423907,-0.254344,0.000000,0.593470
0.339306,0.508960,-0.424133,-0.254480,0.000000,0.593786
0.339487,0.509230,-0.424358,-0.254615,0.000000,0.594102
0.339667,0.509500,-0.424583,-0.254750,0.000000,0.594417
0.339846,0.509770,-0.424808,-0.254885,0.000000,0.594731
0.340026,0.510039,-0.425033,-0.255020,0.000000,0.595046
0.340205,0.510308,-0.425257,-0.255154,0.000000,0.595359
0.340385,0.510577,-0.425481,-0.255288,0.000000,0.595673
0.340563,0.510845,-0.425704,-0.255423,0.000000,0.595986
0.340742,0.511113,-0.425928,-0.255557,0.000000,0.596299
0.340921,0.511381,-0.426151,-0.255690,0.000000,0.596611
0.341099,0.511648,-0.426374,-0.255824,0.000000,0.596923
0.341277,0.511915,-0.426596,-0.255958,0.000000,0.597235
0.341455,0.512182,-0.426818,-0.256091,0.000000,0.597546
0.341632,0.512448,-0.427040,-0.256224,0.000000,0.597856
0.341810,0.512714,-0.427262,-0.256357,0.000000,0.598167
0.341987,0.512980,-0.427483,-0.256490,0.000000,0.598477
0.342164,0.513245,-0.427705,-0.256623,0.000000,0.598786
0.342340,0.513511,-0.427925,-0.256755,0.000000,0.599096
0.342517,0.513775,-0.428146,-0.256888,0.000000,0.599404
0.342693,0.514040,-0.428366,-0.257020,0.000000,0.599713
0.342869,0.514304,-0.428586,-0.257152,0.000000,0.600021
0.343045,0.514567,-0.428806,-0.257284,0.000000,0.600328
0.343220,0.514831,-0.429025,-0.257415,0.000000,0.600636
0.343396,0.515094,-0.429245,-0.257547,0.000000,0.600942
0.343571,0.515356,-0.429464,-0.257678,0.000000,0.601249
0.343746,0.515619,-0.429682,-0.257809,0.000000,0.601555
0.343920,0.515880,-0.429900,-0.257940,0.000000,0.601861
0.344095,0.516142,-0.430118,-0.258071,0.000000,0.602166
0.344269,0.516403,-0.430336,-0.258202,0.000000,0.602471
0.344443,0.516664,-0.430554,-0.258332,0.000000,0.602775
0.344617,0.516925,-0.430771,-0.258462,0.000000,0.603079
0.344790,0.517185,-0.430988,-0.258593,0.000000,0.603383
0.344963,0.517445,-0.431204,-0.258723,0.000000,0.603686
0.345136,0.517705,-0.431421,-0.258852,0.000000,0.603989
0.345309,0.517964,-0.431637,-0.258982,0.000000,0.604291
0.345482,0.518223,-0.431852,-0.259111,0.000000,0.604593
0.345654,0.518481,-0.432068,-0.259241,0.000000,0.604895
0.345826,0.518740,-0.432283,-0.259370,0.000000,0.605196
0.345998,0.518997,-0.432498,-0.259499,0.000000,0.605497
0.346170,0.519255,-0.432712,-0.259627,0.000000,0.605797
0.346341,0.519512,-0.432927,-0.259756,0.000000,0.606098
0.346513,0.519769,-0.433141,-0.259884,0.000000,0.606397
0.346684,0.520025,-0.433355,-0.260013,0.000000,0.606696
0.346854,0.520282,-0.433568,-0.260141,0.000000,0.606995
0.347025,0.520537,-0.433781,-0.260269,0.000000,0.607294
0.347195,0.520793,-0.433994,-0.260396,0.000000,0.607592
0.347365,0.521048,-0.434207,-0.260524,0.000000,0.607889
0.347535,0.521303,-0.434419,-0.260651,0.000000,0.608186
0.347705,0.521557,-0.434631,-0.260778,0.000000,0.608483
0.347874,0.521811,-0.434842,-0.260905,0.000000,0.608779
0.348043,0.522065,-0.435054,-0.261032,0.000000,0.609075
0.348212,0.522318,-0.435265,-0.261159,0.000000,0.609371
0.348381,0.522571,-0.435476,-0.261285,0.000000,0.609666
0.348549,0.522824,-0.435686,-0.261412,0.000000,0.609961
0.348717,0.523076,-0.435897,-0.261538,0.000000,0.610255
0.348885,0.523328,-0.436106,-0.261664,0.000000,0.610549
0.349053,0.523579,-0.436316,-0.261790,0.000000,0.610843
0.349220,0.523831,-0.436525,-0.261915,0.000000,0.611136
0.349388,0.524081,-0.436735,-0.262041,0.000000,0.611428
0.349555,0.524332,-0.436943,-0.262166,0.000000,0.611721
0.349721,0.524582,-0.437152,-0.262291,0.000000,0.612012
0.349888,0.524832,-0.437360,-0.262416,0.000000,0.612304
0.350054,0.525081,-0.437568,-0.262541,0.000000,0.612595
0.350220,0.525330,-0.437775,-0.262665,0.000000,0.612885
0.350386,0.525579,-0.437983,-0.262790,0.000000,0.613176
0.350552,0.525828,-0.438190,-0.262914,0.000000,0.613465
0.350717,0.526076,-0.438396,-0.263038,0.000000,0.613755
0.350882,0.526323,-0.438603,-0.263162,0.000000,0.614044
0.351047,0.526570,-0.438809,-0.263285,0.000000,0.614332
0.351212,0.526817,-0.439015,-0.263409,0.000000,0.614620
0.351376,0.527064,-0.439220,-0.263532,0.000000,0.614908
0.351540,0.527310,-0.439425,-0.263655,0.000000,0.615195
0.351704,0.527556,-0.439630,-0.263778,0.000000,0.615482
0.351868,0.527802,-0.439835,-0.263901,0.000000,0.615769
0.352031,0.528047,-0.440039,-0.264023,0.000000,0.616055
0.352194,0.528292,-0.440243,-0.264146,0.000000,0.616340
0.352357,0.528536,-0.440447,-0.264268,0.000000,0.616625
0.352520,0.528780,-0.440650,-0.264390,0.000000,0.616910
0.352683,0.529024,-0.440853,-0.264512,0.000000,0.617194
0.352845,0.529267,-0.441056,-0.264634,0.000000,0.617478
0.353007,0.529510,-0.441258,-0.264755,0.000000,0.617762
0.353168,0.529753,-0.441461,-0.264876,0.000000,0.618045
0.353330,0.529995,-0.441662,-0.264997,0.000000,0.618327
0.353491,0.530237,-0.441864,-0.265118,0.000000,0.618610
0.353652,0.530478,-0.442065,-0.265239,0.000000,0.618891
0.353813,0.530720,-0.442266,-0.265360,0.000000,0.619173
0.353974,0.530960,-0.442467,-0.265480,0.000000,0.619454
0.354134,0.531201,-0.442667,-0.265600,0.000000,0.619734
0.354294,0.531441,-0.442867,-0.265720,0.000000,0.620014
0.354454,0.531681,-0.443067,-0.265840,0.000000,0.620294
0.354613,0.531920,-0.443267,-0.265960,0.000000,0.620573
0.354773,0.532159,-0.443466,-0.266079,0.000000,0.620852
0.354932,0.532398,-0.443665,-0.266199,0.000000,0.621130
0.355091,0.532636,-0.443863,-0.266318,0.000000,0.621408
0.355249,0.532874,-0.444061,-0.266437,0.000000,0.621686
0.355407,0.533111,-0.444259,-0.266556,0.000000,0.621963
0.355566,0.533348,-0.444457,-0.266674,0.000000,0.622240
0.355723,0.533585,-0.444654,-0.266793,0.000000,0.622516
0.355881,0.533821,-0.444851,-0.266911,0.000000,0.622792
0.356038,0.534058,-0.445048,-0.267029,0.000000,0.623067
0.356195,0.534293,-0.445244,-0.267147,0.000000,0.623342
0.356352,0.534528,-0.445440,-0.267264,0.000000,0.623617
0.356509,0.534763,-0.445636,-0.267382,0.000000,0.623891
0.356665,0.534998,-0.445832,-0.267499,0.000000,0.624164
0.356821,0.535232,-0.446027,-0.267616,0.000000,0.624437
0.356977,0.535466,-0.446222,-0.267733,0.000000,0.624710
0.357133,0.535699,-0.446416,-0.267850,0.000000,0.624983
0.357288,0.535932,-0.446610,-0.267966,0.000000,0.625254
0.357443,0.536165,-0.446804,-0.268083,0.000000,0.625526
0.357598,0.536397,-0.446998,-0.268199,0.000000,0.625797
0.357753,0.536629,-0.447191,-0.268315,0.000000,0.626068
0.357907,0.536861,-0.447384,-0.268430,0.000000,0.626338
0.358061,0.537092,-0.447577,-0.268546,0.000000,0.626607
0.358215,0.537323,-0.447769,-0.268661,0.000000,0.626877
0.358369,0.537553,-0.447961,-0.268777,0.000000,0.627146
0.358522,0.537783,-0.448153,-0.268892,0.000000,0.627414
0.358675,0.538013,-0.448344,-0.269007,0.000000,0.627682
0.358828,0.538242,-0.448535,-0.269121,0.000000,0.627950
0.358981,0.538471,-0.448726,-0.269236,0.000000,0.628217
0.359133,0.538700,-0.448917,-0.269350,0.000000,0.628483
0.359285,0.538928,-0.449107,-0.269464,0.000000,0.628750
0.359437,0.539156,-0.449297,-0.269578,0.000000,0.629015
0.359589,0.539383,-0.449486,-0.269692,0.000000,0.629281
0.359740,0.539611,-0.449675,-0.269805,0.000000,0.629546
0.359891,0.539837,-0.449864,-0.269919,0.000000,0.629810
0.360042,0.540063,-0.450053,-0.270032,0.000000,0.630074
0.360193,0.540289,-0.450241,-0.270145,0.000000,0.630338
0.360343,0.540515,-0.450429,-0.270257,0.000000,0.630601
0.360493,0.540740,-0.450617,-0.270370,0.000000,0.630863
0.360643,0.540965,-0.450804,-0.270482,0.000000,0.631126
0.360793,0.541189,-0.450991,-0.270595,0.000000,0.631388
0.360942,0.541413,-0.451178,-0.270707,0.000000,0.631649
0.361091,0.541637,-0.451364,-0.270818,0.000000,0.631910
0.361240,0.541860,-0.451550,-0.270930,0.000000,0.632170
0.361389,0.542083,-0.451736,-0.271042,0.000000,0.632430
0.361537,0.542306,-0.451921,-0.271153,0.000000,0.632690
0.361685,0.542528,-0.452106,-0.271264,0.000000,0.632949
0.361833,0.542749,-0.452291,-0.271375,0.000000,0.633208
0.361981,0.542971,-0.452476,-0.271485,0.000000,0.633466
0.362128,0.543192,-0.452660,-0.271596,0.000000,0.633724
0.362275,0.543412,-0.452844,-0.271706,0.000000,0.633981
0.362422,0.543632,-0.453027,-0.271816,0.000000,0.634238
0.362568,0.543852,-0.453210,-0.271926,0.000000,0.634494
0.362714,0.544072,-0.453393,-0.272036,0.000000,0.634750
0.362860,0.544291,-0.453576,-0.272145,0.000000,0.635006
0.363006,0.544509,-0.453758,-0.272255,0.000000,0.635261
0.363152,0.544728,-0.453940,-0.272364,0.000000,0.635516
0.363297,0.544946,-0.454121,-0.272473,0.000000,0.635770
0.363442,0.545163,-0.454303,-0.272582,0.000000,0.636024
0.363587,0.545380,-0.454483,-0.272690,0.000000,0.636277
0.363731,0.545597,-0.454664,-0.272798,0.000000,0.636530
0.363875,0.545813,-0.454844,-0.272907,0.000000,0.636782
0.364019,0.546029,-0.455024,-0.273015,0.000000,0.637034
0.364163,0.546245,-0.455204,-0.273122,0.000000,0.637285
0.364307,0.546460,-0.455383,-0.273230,0.000000,0.637536
0.364450,0.546675,-0.455562,-0.273337,0.000000,0.637787
0.364593,0.546889,-0.455741,-0.273444,0.000000,0.638037
0.364735,0.547103,-0.455919,-0.273551,0.000000,0.638287
0.364878,0.547317,-0.456097,-0.273658,0.000000,0.638536
0.365020,0.547530,-0.456275,-0.273765,0.000000,0.638785
0.365162,0.547743,-0.456452,-0.273871,0.000000,0.639033
0.365303,0.547955,-0.456629,-0.273978,0.000000,0.639281
0.365445,0.548167,-0.456806,-0.274084,0.000000,0.639528
0.365586,0.548379,-0.456982,-0.274189,0.000000,0.639775
0.365727,0.548590,-0.457158,-0.274295,0.000000,0.640022
0.365867,0.548801,-0.457334,-0.274400,0.000000,0.640268
0.366008,0.549011,-0.457509,-0.274506,0.000000,0.640513
0.366148,0.549221,-0.457684,-0.274611,0.000000,0.640758
0.366287,0.549431,-0.457859,-0.274716,0.000000,0.641003
0.366427,0.549640,-0.458034,-0.274820,0.000000,0.641247
0.366566,0.549849,-0.458208,-0.274925,0.000000,0.641491
0.366705,0.550058,-0.458381,-0.275029,0.000000,0.641734
0.366844,0.550266,-0.458555,-0.275133,0.000000,0.641977
0.366982,0.550474,-0.458728,-0.275237,0.000000,0.642219
0.367121,0.550681,-0.458901,-0.275340,0.000000,0.642461
0.367259,0.550888,-0.459073,-0.275444,0.000000,0.642702
0.367396,0.551094,-0.459245,-0.275547,0.000000,0.642943
0.367534,0.551300,-0.459417,-0.275650,0.000000,0.643184
0.367671,0.551506,-0.459588,-0.275753,0.000000,0.643424
0.367808,0.551711,-0.459760,-0.275856,0.000000,0.643663
0.367944,0.551916,-0.459930,-0.275958,0.000000,0.643902
0.368081,0.552121,-0.460101,-0.276060,0.000000,0.644141
0.368217,0.552325,-0.460271,-0.276163,0.000000,0.644379
0.368353,0.552529,-0.460441,-0.276264,0.000000,0.644617
0.368488,0.552732,-0.460610,-0.276366,0.000000,0.644854
0.368623,0.552935,-0.460779,-0.276468,0.000000,0.645091
0.368758,0.553138,-0.460948,-0.276569,0.000000,0.645327
0.368893,0.553340,-0.461116,-0.276670,0.000000,0.645563
0.369028,0.553542,-0.461285,-0.276771,0.000000,0.645798
0.369162,0.553743,-0.461452,-0.276871,0.000000,0.646033
0.369296,0.553944,-0.461620,-0.276972,0.000000,0.646268
0.369430,0.554144,-0.461787,-0.277072,0.000000,0.646502
0.369563,0.554344,-0.461954,-0.277172,0.000000,0.646735
0.369696,0.554544,-0.462120,-0.277272,0.000000,0.646968
0.369829,0.554744,-0.462286,-0.277372,0.000000,0.647201
0.369962,0.554942,-0.462452,-0.277471,0.000000,0.647433
0.370094,0.555141,-0.462618,-0.277571,0.000000,0.647665
0.370226,0.555339,-0.462783,-0.277670,0.000000,0.647896
0.370358,0.555537,-0.462947,-0.277768,0.000000,0.648126
0.370489,0.555734,-0.463112,-0.277867,0.000000,0.648357
0.370621,0.555931,-0.463276,-0.277966,0.000000,0.648586
0.370752,0.556128,-0.463440,-0.278064,0.000000,0.648816
0.370882,0.556324,-0.463603,-0.278162,0.000000,0.649044
0.371013,0.556519,-0.463766,-0.278260,0.000000,0.649273
0.371143,0.556715,-0.463929,-0.278357,0.000000,0.649500
0.371273,0.556910,-0.464091,-0.278455,0.000000,0.649728
0.371403,0.557104,-0.464253,-0.278552,0.000000,0.649955
0.371532,0.557298,-0.464415,-0.278649,0.000000,0.650181
0.371661,0.557492,-0.464577,-0.278746,0.000000,0.650407
0.371790,0.557685,-0.464738,-0.278843,0.000000,0.650633
0.371919,0.557878,-0.464898,-0.278939,0.000000,0.650858
0.372047,0.558070,-0.465059,-0.279035,0.000000,0.651082
0.372175,0.558262,-0.465219,-0.279131,0.000000,0.651306
0.372303,0.558454,-0.465378,-0.279227,0.000000,0.651530
0.372430,0.558645,-0.465538,-0.279323,0.000000,0.651753
0.372557,0.558836,-0.465697,-0.279418,0.000000,0.651975
0.372684,0.559027,-0.465855,-0.279513,0.000000,0.652198
0.372811,0.559217,-0.466014,-0.279608,0.000000,0.652419
0.372937,0.559406,-0.466172,-0.279703,0.000000,0.652640
0.373064,0.559595,-0.466329,-0.279798,0.000000,0.652861
0.373189,0.559784,-0.466487,-0.279892,0.000000,0.653081
0.373315,0.559972,-0.466644,-0.279986,0.000000,0.653301
0.373440,0.560160,-0.466800,-0.280080,0.000000,0.653520
0.373565,0.560348,-0.466957,-0.280174,0.000000,0.653739
0.373690,0.560535,-0.467113,-0.280268,0.000000,0.653958
0.373814,0.560722,-0.467268,-0.280361,0.000000,0.654175
0.373939,0.560908,-0.467423,-0.280454,0.000000,0.654393
0.374063,0.561094,-0.467578,-0.280547,0.000000,0.654610
0.374186,0.561279,-0.467733,-0.280640,0.000000,0.654826
0.374310,0.561464,-0.467887,-0.280732,0.000000,0.655042
0.374433,0.561649,-0.468041,-0.280825,0.000000,0.655257
0.374556,0.561833,-0.468194,-0.280917,0.000000,0.655472
0.374678,0.562017,-0.468348,-0.281009,0.000000,0.655687
0.374800,0.562201,-0.468501,-0.281100,0.000000,0.655901
0.374922,0.562384,-0.468653,-0.281192,0.000000,0.656114
0.375044,0.562566,-0.468805,-0.281283,0.000000,0.656327
0.375166,0.562748,-0.468957,-0.281374,0.000000,0.656540
0.375287,0.562930,-0.469108,-0.281465,0.000000,0.656752
0.375408,0.563111,-0.469260,-0.281556,0.000000,0.656963
0.375528,0.563292,-0.469410,-0.281646,0.000000,0.657174
0.375649,0.563473,-0.469561,-0.281736,0.000000,0.657385
0.375769,0.563653,-0.469711,-0.281827,0.000000,0.657595
0.375888,0.563833,-0.469861,-0.281916,0.000000,0.657805
0.376008,0.564012,-0.470010,-0.282006,0.000000,0.658014
0.376127,0.564191,-0.470159,-0.282095,0.000000,0.658223
0.376246,0.564369,-0.470308,-0.282185,0.000000,0.658431
0.376365,0.564547,-0.470456,-0.282274,0.000000,0.658638
0.376483,0.564725,-0.470604,-0.282362,0.000000,0.658846
0.376601,0.564902,-0.470752,-0.282451,0.000000,0.659052
0.376719,0.565079,-0.470899,-0.282539,0.000000,0.659259
0.376837,0.565255,-0.471046,-0.282628,0.000000,0.659464
0.376954,0.565431,-0.471192,-0.282715,0.000000,0.659669
0.377071,0.565606,-0.471339,-0.282803,0.000000,0.659874
0.377188,0.565782,-0.471485,-0.282891,0.000000,0.660078
0.377304,0.565956,-0.471630,-0.282978,0.000000,0.660282
0.377420,0.566130,-0.471775,-0.283065,0.000000,0.660486
0.377536,0.566304,-0.471920,-0.283152,0.000000,0.660688
0.377652,0.566478,-0.472065,-0.283239,0.000000,0.660891
0.377767,0.566651,-0.472209,-0.283325,0.000000,0.661092
0.377882,0.566823,-0.472353,-0.283412,0.000000,0.661294
0.377997,0.566995,-0.472496,-0.283498,0.000000,0.661495
0.378111,0.567167,-0.472639,-0.283584,0.000000,0.661695
0.378226,0.567338,-0.472782,-0.283669,0.000000,0.661895
0.378339,0.567509,-0.472924,-0.283755,0.000000,0.662094
0.378453,0.567680,-0.473066,-0.283840,0.000000,0.662293
0.378566,0.567850,-0.473208,-0.283925,0.000000,0.662491
0.378680,0.568019,-0.473349,-0.284010,0.000000,0.662689
0.378792,0.568188,-0.473490,-0.284094,0.000000,0.662886
0.378905,0.568357,-0.473631,-0.284179,0.000000,0.663083
0.379017,0.568526,-0.473771,-0.284263,0.000000,0.663280
0.379129,0.568693,-0.473911,-0.284347,0.000000,0.663476
0.379241,0.568861,-0.474051,-0.284430,0.000000,0.663671
0.379352,0.569028,-0.474190,-0.284514,0.000000,0.663866
0.379463,0.569195,-0.474329,-0.284597,0.000000,0.664060
0.379574,0.569361,-0.474467,-0.284680,0.000000,0.664254
0.379684,0.569527,-0.474605,-0.284763,0.000000,0.664448
0.379795,0.569692,-0.474743,-0.284846,0.000000,0.664641
0.379905,0.569857,-0.474881,-0.284928,0.000000,0.664833
0.380014,0.570021,-0.475018,-0.285011,0.000000,0.665025
0.380124,0.570185,-0.475155,-0.285093,0.000000,0.665216
0.380233,0.570349,-0.475291,-0.285175,0.000000,0.665407
0.380342,0.570512,-0.475427,-0.285256,0.000000,0.665598
0.380450,0.570675,-0.475563,-0.285338,0.000000,0.665788
0.380558,0.570837,-0.475698,-0.285419,0.000000,0.665977
0.380666,0.570999,-0.475833,-0.285500,0.000000,0.666166
0.380774,0.571161,-0.475967,-0.285580,0.000000,0.666354
0.380881,0.571322,-0.476102,-0.285661,0.000000,0.666542
0.380988,0.571483,-0.476236,-0.285741,0.000000,0.666730
0.381095,0.571643,-0.476369,-0.285821,0.000000,0.666917
0.381202,0.571803,-0.476502,-0.285901,0.000000,0.667103
0.381308,0.571962,-0.476635,-0.285981,0.000000,0.667289
0.381414,0.572121,-0.476767,-0.286060,0.000000,0.667474
0.381520,0.572279,-0.476900,-0.286140,0.000000,0.667659
0.381625,0.572438,-0.477031,-0.286219,0.000000,0.667844
0.381730,0.572595,-0.477163,-0.286298,0.000000,0.668028
0.381835,0.572752,-0.477294,-0.286376,0.000000,0.668211
0.381939,0.572909,-0.477424,-0.286455,0.000000,0.668394
0.382044,0.573066,-0.477555,-0.286533,0.000000,0.668576
0.382148,0.573221,-0.477685,-0.286611,0.000000,0.668758
0.382251,0.573377,-0.477814,-0.286688,0.000000,0.668940
0.382355,0.573532,-0.477943,-0.286766,0.000000,0.669121
0.382458,0.573687,-0.478072,-0.286843,0.000000,0.669301
0.382561,0.573841,-0.478201,-0.286920,0.000000,0.669481
0.382663,0.573995,-0.478329,-0.286997,0.000000,0.669660
0.382765,0.574148,-0.478457,-0.287074,0.000000,0.669839
0.382867,0.574301,-0.478584,-0.287150,0.000000,0.670018
0.382969,0.574453,-0.478711,-0.287227,0.000000,0.670195
0.383070,0.574605,-0.478838,-0.287303,0.000000,0.670373
0.383171,0.574757,-0.478964,-0.287378,0.000000,0.670550
0.383272,0.574908,-0.479090,-0.287454,0.000000,0.670726
0.383373,0.575059,-0.479216,-0.287529,0.000000,0.670902
0.383473,0.575209,-0.479341,-0.287605,0.000000,0.671077
0.383573,0.575359,-0.479466,-0.287679,0.000000,0.671252
0.383672,0.575508,-0.479590,-0.287754,0.000000,0.671426
0.383772,0.575657,-0.479714,-0.287829,0.000000,0.671600
0.383871,0.575806,-0.479838,-0.287903,0.000000,0.671774
0.383969,0.575954,-0.479962,-0.287977,0.000000,0.671946
0.384068,0.576102,-0.480085,-0.288051,0.000000,0.672119
0.384166,0.576249,-0.480207,-0.288124,0.000000,0.672290
0.384264,0.576396,-0.480330,-0.288198,0.000000,0.672462
0.384361,0.576542,-0.480452,-0.288271,0.000000,0.672632
0.384459,0.576688,-0.480573,-0.288344,0.000000,0.672803
0.384556,0.576834,-0.480695,-0.288417,0.000000,0.672973
0.384652,0.576979,-0.480816,-0.288489,0.000000,0.673142
0.384749,0.577123,-0.480936,-0.288562,0.000000,0.673310
0.384845,0.577267,-0.481056,-0.288634,0.000000,0.673479
0.384941,0.577411,-0.481176,-0.288706,0.000000,0.673646
0.385036,0.577555,-0.481295,-0.288777,0.000000,0.673814
0.385132,0.577697,-0.481414,-0.288849,0.000000,0.673980
0.385227,0.577840,-0.481533,-0.288920,0.000000,0.674146
0.385321,0.577982,-0.481652,-0.288991,0.000000,0.674312
0.385416,0.578123,-0.481769,-0.289062,0.000000,0.674477
0.385510,0.578264,-0.481887,-0.289132,0.000000,0.674642
0.385603,0.578405,-0.482004,-0.289203,0.000000,0.674806
0.385697,0.578545,-0.482121,-0.289273,0.000000,0.674970
0.385790,0.578685,-0.482238,-0.289343,0.000000,0.675133
0.385883,0.578825,-0.482354,-0.289412,0.000000,0.675295
0.385976,0.578963,-0.482470,-0.289482,0.000000,0.675457
0.386068,0.579102,-0.482585,-0.289551,0.000000,0.675619
0.386160,0.579240,-0.482700,-0.289620,0.000000,0.675780
0.386252,0.579378,-0.482815,-0.289689,0.000000,0.675941
0.386343,0.579515,-0.482929,-0.289757,0.000000,0.676101
0.386434,0.579651,-0.483043,-0.289826,0.000000,0.676260
0.386525,0.579788,-0.483156,-0.289894,0.000000,0.676419
0.386616,0.579924,-0.483270,-0.289962,0.000000,0.676577
0.386706,0.580059,-0.483382,-0.290029,0.000000,0.676735
0.386796,0.580194,-0.483495,-0.290097,0.000000,0.676893
0.386886,0.580328,-0.483607,-0.290164,0.000000,0.677050
0.386975,0.580462,-0.483719,-0.290231,0.000000,0.677206
0.387064,0.580596,-0.483830,-0.290298,0.000000,0.677362
0.387153,0.580729,-0.483941,-0.290365,0.000000,0.677517
0.387241,0.580862,-0.484052,-0.290431,0.000000,0.677672
0.387329,0.580994,-0.484162,-0.290497,0.000000,0.677827
0.387417,0.581126,-0.484272,-0.290563,0.000000,0.677980
0.387505,0.581257,-0.484381,-0.290629,0.000000,0.678134
0.387592,0.581388,-0.484490,-0.290694,0.000000,0.678286
0.387679,0.581519,-0.484599,-0.290759,0.000000,0.678439
0.387766,0.581649,-0.484707,-0.290824,0.000000,0.678590
0.387852,0.581779,-0.484816,-0.290889,0.000000,0.678742
0.387939,0.581908,-0.484923,-0.290954,0.000000,0.678892
0.388024,0.582037,-0.485030,-0.291018,0.000000,0.679043
0.388110,0.582165,-0.485137,-0.291082,0.000000,0.679192
0.388195,0.582293,-0.485244,-0.291146,0.000000,0.679341
0.388280,0.582420,-0.485350,-0.291210,0.000000,0.679490
0.388365,0.582547,-0.485456,-0.291273,0.000000,0.679638
0.388449,0.582673,-0.485561,-0.291337,0.000000,0.679786
0.388533,0.582800,-0.485666,-0.291400,0.000000,0.679933
0.388617,0.582925,-0.485771,-0.291463,0.000000,0.680079
0.388700,0.583050,-0.485875,-0.291525,0.000000,0.680225
0.388783,0.583175,-0.485979,-0.291588,0.000000,0.680371
0.388866,0.583299,-0.486083,-0.291650,0.000000,0.680516
0.388949,0.583423,-0.486186,-0.291712,0.000000,0.680660
0.389031,0.583546,-0.486289,-0.291773,0.000000,0.680804
0.389113,0.583669,-0.486391,-0.291835,0.000000,0.680948
0.389195,0.583792,-0.486493,-0.291896,0.000000,0.681090
0.389276,0.583914,-0.486595,-0.291957,0.000000,0.681233
0.389357,0.584035,-0.486696,-0.292018,0.000000,0.681375
0.389438,0.584157,-0.486797,-0.292078,0.000000,0.681516
0.389518,0.584277,-0.486898,-0.292139,0.000000,0.681657
0.389598,0.584397,-0.486998,-0.292199,0.000000,0.681797
0.389678,0.584517,-0.487098,-0.292259,0.000000,0.681937
0.389758,0.584637,-0.487197,-0.292318,0.000000,0.682076
0.389837,0.584755,-0.487296,-0.292378,0.000000,0.682215
0.389916,0.584874,-0.487395,-0.292437,0.000000,0.682353
0.389995,0.584992,-0.487493,-0.292496,0.000000,0.682491
0.390073,0.585109,-0.487591,-0.292555,0.000000,0.682628
0.390151,0.585227,-0.487689,-0.292613,0.000000,0.682764
0.390229,0.585343,-0.487786,-0.292672,0.000000,0.682900
0.390306,0.585459,-0.487883,-0.292730,0.000000,0.683036
0.390383,0.585575,-0.487979,-0.292788,0.000000,0.683171
0.390460,0.585690,-0.488075,-0.292845,0.000000,0.683305
0.390537,0.585805,-0.488171,-0.292903,0.000000,0.683439
0.390613,0.585920,-0.488266,-0.292960,0.000000,0.683573
0.390689,0.586033,-0.488361,-0.293017,0.000000,0.683706
0.390765,0.586147,-0.488456,-0.293073,0.000000,0.683838
0.390840,0.586260,-0.488550,-0.293130,0.000000,0.683970
0.390915,0.586373,-0.488644,-0.293186,0.000000,0.684101
0.390990,0.586485,-0.488737,-0.293242,0.000000,0.684232
0.391064,0.586596,-0.488830,-0.293298,0.000000,0.684362
0.391138,0.586708,-0.488923,-0.293354,0.000000,0.684492
0.391212,0.586818,-0.489015,-0.293409,0.000000,0.684621
0.391286,0.586929,-0.489107,-0.293464,0.000000,0.684750
0.391359,0.587038,-0.489199,-0.293519,0.000000,0.684878
0.391432,0.587148,-0.489290,-0.293574,0.000000,0.685006
0.391505,0.587257,-0.489381,-0.293628,0.000000,0.685133
0.391577,0.587365,-0.489471,-0.293683,0.000000,0.685260
0.391649,0.587473,-0.489561,-0.293737,0.000000,0.685386
0.391721,0.587581,-0.489651,-0.293790,0.000000,0.685511
0.391792,0.587688,-0.489740,-0.293844,0.000000,0.685636
0.391863,0.587795,-0.489829,-0.293897,0.000000,0.685761
0.391934,0.587901,-0.489917,-0.293950,0.000000,0.685884
0.392004,0.588007,-0.490006,-0.294003,0.000000,0.686008
0.392075,0.588112,-0.490093,-0.294056,0.000000,0.686131
0.392145,0.588217,-0.490181,-0.294108,0.000000,0.686253
0.392214,0.588321,-0.490268,-0.294161,0.000000,0.686375
0.392283,0.588425,-0.490354,-0.294213,0.000000,0.686496
0.392352,0.588529,-0.490441,-0.294264,0.000000,0.686617
0.392421,0.588632,-0.490526,-0.294316,0.000000,0.686737
0.392490,0.588734,-0.490612,-0.294367,0.000000,0.686857
0.392558,0.588836,-0.490697,-0.294418,0.000000,0.686976
0.392625,0.588938,-0.490782,-0.294469,0.000000,0.687094
0.392693,0.589039,-0.490866,-0.294520,0.000000,0.687213
0.392760,0.589140,-0.490950,-0.294570,0.000000,0.687330
0.392827,0.589240,-0.491034,-0.294620,0.000000,0.687447
0.392893,0.589340,-0.491117,-0.294670,0.000000,0.687564
0.392960,0.589440,-0.491200,-0.294720,0.000000,0.687680
0.393026,0.589539,-0.491282,-0.294769,0.000000,0.687795
0.393091,0.589637,-0.491364,-0.294819,0.000000,0.687910
0.393157,0.589735,-0.491446,-0.294868,0.000000,0.688024
0.393222,0.589833,-0.491527,-0.294916,0.000000,0.688138
0.393286,0.589930,-0.491608,-0.294965,0.000000,0.688251
0.393351,0.590026,-0.491689,-0.295013,0.000000,0.688364
0.393415,0.590122,-0.491769,-0.295061,0.000000,0.688476
0.393479,0.590218,-0.491849,-0.295109,0.000000,0.688588
0.393542,0.590313,-0.491928,-0.295157,0.000000,0.688699
0.393606,0.590408,-0.492007,-0.295204,0.000000,0.688810
0.393668,0.590503,-0.492086,-0.295251,0.000000,0.688920
0.393731,0.590597,-0.492164,-0.295298,0.000000,0.689029
0.393793,0.590690,-0.492242,-0.295345,0.000000,0.689138
0.393855,0.590783,-0.492319,-0.295391,0.000000,0.689247
0.393917,0.590875,-0.492396,-0.295438,0.000000,0.689355
0.393978,0.590967,-0.492473,-0.295484,0.000000,0.689462
0.394039,0.591059,-0.492549,-0.295530,0.000000,0.689569
0.394100,0.591150,-0.492625,-0.295575,0.000000,0.689675
0.394161,0.591241,-0.492701,-0.295620,0.000000,0.689781
0.394221,0.591331,-0.492776,-0.295666,0.000000,0.689886
0.394281,0.591421,-0.492851,-0.295710,0.000000,0.689991
0.394340,0.591510,-0.492925,-0.295755,0.000000,0.690095
0.394399,0.591599,-0.492999,-0.295799,0.000000,0.690199
0.394458,0.591687,-0.493073,-0.295844,0.000000,0.690302
0.394517,0.591775,-0.493146,-0.295888,0.000000,0.690404
0.394575,0.591863,-0.493219,-0.295931,0.000000,0.690506
0.394633,0.591950,-0.493291,-0.295975,0.000000,0.690608
0.394691,0.592036,-0.493363,-0.296018,0.000000,0.690709
0.394748,0.592122,-0.493435,-0.296061,0.000000,0.690809
0.394805,0.592208,-0.493507,-0.296104,0.000000,0.690909
0.394862,0.592293,-0.493577,-0.296146,0.000000,0.691008
0.394918,0.592378,-0.493648,-0.296189,0.000000,0.691107
0.394975,0.592462,-0.493718,-0.296231,0.000000,0.691206
0.395030,0.592546,-0.493788,-0.296273,0.000000,0.691303
0.395086,0.592629,-0.493857,-0.296314,0.000000,0.691400
0.395141,0.592712,-0.493926,-0.296356,0.000000,0.691497
0.395196,0.592794,-0.493995,-0.296397,0.000000,0.691593
0.395251,0.592876,-0.494063,-0.296438,0.000000,0.691689
0.395305,0.592957,-0.494131,-0.296479,0.000000,0.691784
0.395359,0.593038,-0.494199,-0.296519,0.000000,0.691878
0.395413,0.593119,-0.494266,-0.296559,0.000000,0.691972
0.395466,0.593199,-0.494333,-0.296600,0.000000,0.692066
0.395519,0.593279,-0.494399,-0.296639,0.000000,0.692158
0.395572,0.593358,-0.494465,-0.296679,0.000000,0.692251
0.395624,0.593436,-0.494530,-0.296718,0.000000,0.692343
0.395676,0.593515,-0.494596,-0.296757,0.000000,0.692434
0.395728,0.593592,-0.494660,-0.296796,0.000000,0.692524
0.395780,0.593670,-0.494725,-0.296835,0.000000,0.692615
0.395831,0.593746,-0.494789,-0.296873,0.000000,0.692704
0.395882,0.593823,-0.494852,-0.296911,0.000000,0.692793
0.395932,0.593899,-0.494916,-0.296949,0.000000,0.692882
0.395983,0.593974,-0.494978,-0.296987,0.000000,0.692970
0.396033,0.594049,-0.495041,-0.297025,0.000000,0.693057
0.396082,0.594124,-0.495103,-0.297062,0.000000,0.693144
0.396132,0.594198,-0.495165,-0.297099,0.000000,0.693231
0.396181,0.594271,-0.495226,-0.297136,0.000000,0.693316
0.396230,0.594344,-0.495287,-0.297172,0.000000,0.693402
0.396278,0.594417,-0.495347,-0.297208,0.000000,0.693486
0.396326,0.594489,-0.495408,-0.297245,0.000000,0.693571
0.396374,0.594561,-0.495467,-0.297280,0.000000,0.693654
0.396421,0.594632,-0.495527,-0.297316,0.000000,0.693737
0.396469,0.594703,-0.495586,-0.297351,0.000000,0.693820
0.396515,0.594773,-0.495644,-0.297387,0.000000,0.693902
0.396562,0.594843,-0.495702,-0.297421,0.000000,0.693983
0.396608,0.594912,-0.495760,-0.297456,0.000000,0.694064
0.396654,0.594981,-0.495818,-0.297491,0.000000,0.694145
0.396700,0.595050,-0.495875,-0.297525,0.000000,0.694225
0.396745,0.595118,-0.495931,-0.297559,0.000000,0.694304
0.396790,0.595185,-0.495988,-0.297593,0.000000,0.694383
0.396835,0.595252,-0.496043,-0.297626,0.000000,0.694461
0.396879,0.595319,-0.496099,-0.297659,0.000000,0.694539
0.396923,0.595385,-0.496154,-0.297692,0.000000,0.694616
0.396967,0.595451,-0.496209,-0.297725,0.000000,0.694692
0.397010,0.595516,-0.496263,-0.297758,0.000000,0.694768
0.397054,0.595580,-0.496317,-0.297790,0.000000,0.694844
0.397096,0.595645,-0.496371,-0.297822,0.000000,0.694919
0.397139,0.595708,-0.496424,-0.297854,0.000000,0.694993
0.397181,0.595772,-0.496476,-0.297886,0.000000,0.695067
0.397223,0.595835,-0.496529,-0.297917,0.000000,0.695140
0.397265,0.595897,-0.496581,-0.297948,0.000000,0.695213
0.397306,0.595959,-0.496632,-0.297979,0.000000,0.695285
0.397347,0.596020,-0.496684,-0.298010,0.000000,0.695357
0.397388,0.596081,-0.496734,-0.298041,0.000000,0.695428
0.397428,0.596142,-0.496785,-0.298071,0.000000,0.695499
0.397468,0.596202,-0.496835,-0.298101,0.000000,0.695569
0.397508,0.596261,-0.496884,-0.298131,0.000000,0.695638
0.397547,0.596320,-0.496934,-0.298160,0.000000,0.695707
0.397586,0.596379,-0.496983,-0.298190,0.000000,0.695776
0.397625,0.596437,-0.497031,-0.298219,0.000000,0.695844
0.397663,0.596495,-0.497079,-0.298247,0.000000,0.695911
0.397701,0.596552,-0.497127,-0.298276,0.000000,0.695978
0.397739,0.596609,-0.497174,-0.298304,0.000000,0.696044
0.397777,0.596665,-0.497221,-0.298333,0.000000,0.696109
0.397814,0.596721,-0.497268,-0.298361,0.000000,0.696175
0.397851,0.596776,-0.497314,-0.298388,0.000000,0.696239
0.397888,0.596831,-0.497359,-0.298416,0.000000,0.696303
0.397924,0.596886,-0.497405,-0.298443,0.000000,0.696367
0.397960,0.596940,-0.497450,-0.298470,0.000000,0.696430
0.397995,0.596993,-0.497494,-0.298497,0.000000,0.696492
0.398031,0.597046,-0.497539,-0.298523,0.000000,0.696554
0.398066,0.597099,-0.497582,-0.298549,0.000000,0.696615
0.398101,0.597151,-0.497626,-0.298575,0.000000,0.696676
0.398135,0.597202,-0.497669,-0.298601,0.000000,0.696736
0.398169,0.597254,-0.497711,-0.298627,0.000000,0.696796
0.398203,0.597304,-0.497754,-0.298652,0.000000,0.696855
0.398236,0.597354,-0.497795,-0.298677,0.000000,0.696914
0.398269,0.597404,-0.497837,-0.298702,0.000000,0.696972
0.398302,0.597453,-0.497878,-0.298727,0.000000,0.697029
0.398335,0.597502,-0.497918,-0.298751,0.000000,0.697086
0.398367,0.597551,-0.497959,-0.298775,0.000000,0.697142
0.398399,0.597598,-0.497999,-0.298799,0.000000,0.697198
0.398430,0.597646,-0.498038,-0.298823,0.000000,0.697253
0.398462,0.597693,-0.498077,-0.298846,0.000000,0.697308
0.398493,0.597739,-0.498116,-0.298870,0.000000,0.697362
0.398523,0.597785,-0.498154,-0.298893,0.000000,0.697416
0.398554,0.597831,-0.498192,-0.298915,0.000000,0.697469
0.398584,0.597876,-0.498230,-0.298938,0.000000,0.697521
0.398613,0.597920,-0.498267,-0.298960,0.000000,0.697573
0.398643,0.597964,-0.498304,-0.298982,0.000000,0.697625
0.398672,0.598008,-0.498340,-0.299004,0.000000,0.697676
0.398701,0.598051,-0.498376,-0.299025,0.000000,0.697726
0.398729,0.598094,-0.498411,-0.299047,0.000000,0.697776
0.398757,0.598136,-0.498447,-0.299068,0.000000,0.697825
0.398785,0.598178,-0.498481,-0.299089,0.000000,0.697874
0.398813,0.598219,-0.498516,-0.299109,0.000000,0.697922
0.398840,0.598260,-0.498550,-0.299130,0.000000,0.697970
0.398867,0.598300,-0.498583,-0.299150,0.000000,0.698017
0.398893,0.598340,-0.498616,-0.299170,0.000000,0.698063
0.398919,0.598379,-0.498649,-0.299190,0.000000,0.698109
0.398945,0.598418,-0.498682,-0.299209,0.000000,0.698154
0.398971,0.598456,-0.498714,-0.299228,0.000000,0.698199
0.398996,0.598494,-0.498745,-0.299247,0.000000,0.698244
0.399021,0.598532,-0.498777,-0.299266,0.000000,0.698287
0.399046,0.598569,-0.498807,-0.299284,0.000000,0.698330
0.399070,0.598606,-0.498838,-0.299303,0.000000,0.698373
0.399094,0.598642,-0.498868,-0.299321,0.000000,0.698415
0.399118,0.598677,-0.498898,-0.299339,0.000000,0.698457
0.399142,0.598712,-0.498927,-0.299356,0.000000,0.698498
0.399165,0.598747,-0.498956,-0.299373,0.000000,0.698538
0.399187,0.598781,-0.498984,-0.299391,0.000000,0.698578
0.399210,0.598815,-0.499012,-0.299407,0.000000,0.698617
0.399232,0.598848,-0.499040,-0.299424,0.000000,0.698656
0.399254,0.598881,-0.499067,-0.299440,0.000000,0.698694
0.399275,0.598913,-0.499094,-0.299457,0.000000,0.698732
0.399297,0.598945,-0.499121,-0.299473,0.000000,0.698769
0.399318,0.598976,-0.499147,-0.299488,0.000000,0.698806
0.399338,0.599007,-0.499173,-0.299504,0.000000,0.698842
0.399358,0.599038,-0.499198,-0.299519,0.000000,0.698877
0.399378,0.599068,-0.499223,-0.299534,0.000000,0.698912
0.399398,0.599097,-0.499248,-0.299549,0.000000,0.698947
0.399417,0.599126,-0.499272,-0.299563,0.000000,0.698980
0.399436,0.599155,-0.499295,-0.299577,0.000000,0.699014
0.399455,0.599183,-0.499319,-0.299591,0.000000,0.699046
0.399473,0.599210,-0.499342,-0.299605,0.000000,0.699079
0.399492,0.599237,-0.499364,-0.299619,0.000000,0.699110
0.399509,0.599264,-0.499387,-0.299632,0.000000,0.699141
0.399527,0.599290,-0.499408,-0.299645,0.000000,0.699172
0.399544,0.599316,-0.499430,-0.299658,0.000000,0.699202
0.399561,0.599341,-0.499451,-0.299671,0.000000,0.699231
0.399577,0.599366,-0.499471,-0.299683,0.000000,0.699260
0.399593,0.599390,-0.499492,-0.299695,0.000000,0.699288
0.399609,0.599414,-0.499512,-0.299707,0.000000,0.699316
0.399625,0.599437,-0.499531,-0.299719,0.000000,0.699343
0.399640,0.599460,-0.499550,-0.299730,0.000000,0.699370
0.399655,0.599482,-0.499569,-0.299741,0.000000,0.699396
0.399670,0.599504,-0.499587,-0.299752,0.000000,0.699422
0.399684,0.599526,-0.499605,-0.299763,0.000000,0.699447
0.399698,0.599547,-0.499622,-0.299773,0.000000,0.699471
0.399711,0.599567,-0.499639,-0.299784,0.000000,0.699495
0.399725,0.599587,-0.499656,-0.299794,0.000000,0.699518
0.399738,0.599607,-0.499672,-0.299803,0.000000,0.699541
0.399750,0.599626,-0.499688,-0.299813,0.000000,0.699563
0.399763,0.599644,-0.499704,-0.299822,0.000000,0.699585
0.399775,0.599662,-0.499719,-0.299831,0.000000,0.699606
0.399787,0.599680,-0.499733,-0.299840,0.000000,0.699627
0.399798,0.599697,-0.499748,-0.299849,0.000000,0.699647
0.399809,0.599714,-0.499762,-0.299857,0.000000,0.699666
0.399820,0.599730,-0.499775,-0.299865,0.000000,0.699685
0.399831,0.599746,-0.499788,-0.299873,0.000000,0.699704
0.399841,0.599761,-0.499801,-0.299881,0.000000,0.699721
0.399851,0.599776,-0.499813,-0.299888,0.000000,0.699739
0.399860,0.599790,-0.499825,-0.299895,0.000000,0.699755
0.399869,0.599804,-0.499837,-0.299902,0.000000,0.699772
0.399878,0.599818,-0.499848,-0.299909,0.000000,0.699787
0.399887,0.599830,-0.499859,-0.299915,0.000000,0.699802
0.399895,0.599843,-0.499869,-0.299921,0.000000,0.699817
0.399903,0.599855,-0.499879,-0.299927,0.000000,0.699831
0.399911,0.599866,-0.499889,-0.299933,0.000000,0.699844
0.399918,0.599877,-0.499898,-0.299939,0.000000,0.699857
0.399925,0.599888,-0.499907,-0.299944,0.000000,0.699869
0.399932,0.599898,-0.499915,-0.299949,0.000000,0.699881
0.399938,0.599908,-0.499923,-0.299954,0.000000,0.699892
0.399944,0.599917,-0.499931,-0.299958,0.000000,0.699903
0.399950,0.599925,-0.499938,-0.299963,0.000000,0.699913
0.399956,0.599934,-0.499945,-0.299967,0.000000,0.699922
0.399961,0.599941,-0.499951,-0.299971,0.000000,0.699931
0.399966,0.599948,-0.499957,-0.299974,0.000000,0.699940
0.399970,0.599955,-0.499963,-0.299978,0.000000,0.699948
0.399974,0.599961,-0.499968,-0.299981,0.000000,0.699955
0.399978,0.599967,-0.499973,-0.299984,0.000000,0.699962
0.399982,0.599973,-0.499977,-0.299986,0.000000,0.699968
0.399985,0.599977,-0.499981,-0.299989,0.000000,0.699974
0.399988,0.599982,-0.499985,-0.299991,0.000000,0.699979
0.399991,0.599986,-0.499988,-0.299993,0.000000,0.699983
0.399993,0.599989,-0.499991,-0.299995,0.000000,0.699987
0.399995,0.599992,-0.499993,-0.299996,0.000000,0.699991
0.399996,0.599995,-0.499996,-0.299997,0.000000,0.699994
0.399998,0.599997,-0.499997,-0.299998,0.000000,0.699996
0.399999,0.599998,-0.499999,-0.299999,0.000000,0.699998
0.400000,0.599999,-0.499999,-0.300000,0.000000,0.699999
0.400000,0.600000,-0.500000,-0.300000,0.000000,0.700000
0.400000,0.600000,-0.500000,-0.300000,0.000000,0.700000
0.400000,0.600000,-0.500000,-0.300000,0.000000,0.699999
0.400000,0.600000,-0.500000,-0.300000,0.000000,0.699997
0.400000,0.600000,-0.500000,-0.300000,0.000000,0.699993
0.400000,0.600000,-0.500000,-0.300000,0.000000,0.699988
0.400000,0.600000,-0.500000,-0.300000,0.000000,0.699982
0.400000,0.600000,-0.500000,-0.300000,0.000000,0.699974
0.400000,0.600000,-0.500000,-0.300000,0.000000,0.699965
0.400000,0.600000,-0.500000,-0.300000,0.000000,0.699955
0.400000,0.600000,-0.500000,-0.300000,0.000000,0.699944
0.400000,0.600000,-0.500000,-0.300000,0.000000,0.699931
0.400000,0.600000,-0.500000,-0.300000,0.000000,0.699917
0.400000,0.600000,-0.500000,-0.300000,0.000000,0.699901
0.400000,0.600000,-0.500000,-0.300000,0.000000,0.699884
0.400000,0.600000,-0.500000,-0.300000,0.000000,0.699866
0.400000,0.600000,-0.500000,-0.300000,0.000000,0.699847
0.400000,0.600000,-0.500000,-0.300000,0.000000,0.699826
0.400000,0.600000,-0.500000,-0.300000,0.000000,0.699804
0.400000,0.600000,-0.500000,-0.300000,0.000000,0.699781
0.400000,0.600000,-0.500000,-0.300000,0.000000,0.699756
0.400000,0.600000,-0.500000,-0.300000,0.000000,0.699730
0.400000,0.600000,-0.500000,-0.300000,0.000000,0.699703
0.400000,0.600000,-0.500000,-0.300000,0.000000,0.699674
0.400000,0.600000,-0.500000,-0.300000,0.000000,0.699644
0.400000,0.600000,-0.500000,-0.300000,0.000000,0.699613
0.400000,0.600000,-0.500000,-0.300000,0.000000,0.699581
0.400000,0.600000,-0.500000,-0.300000,0.000000,0.699547
0.400000,0.600000,-0.500000,-0.300000,0.000000,0.699511
0.400000,0.600000,-0.500000,-0.300000,0.000000,0.699475
0.400000,0.600000,-0.500000,-0.300000,0.000000,0.699437
0.400000,0.600000,-0.500000,-0.300000,0.000000,0.699398
0.400000,0.600000,-0.500000,-0.300000,0.000000,0.699358
0.400000,0.600000,-0.500000,-0.300000,0.000000,0.699316
0.400000,0.600000,-0.500000,-0.300000,0.000000,0.699273
0.400000,0.600000,-0.500000,-0.300000,0.000000,0.699228
0.400000,0.600000,-0.500000,-0.300000,0.000000,0.699183
0.400000,0.600000,-0.500000,-0.300000,0.000000,0.699136
0.400000,0.600000,-0.500000,-0.300000,0.000000,0.699087
0.400000,0.600000,-0.500000,-0.300000,0.000000,0.699038
0.400000,0.600000,-0.500000,-0.300000,0.000000,0.698987
0.400000,0.600000,-0.500000,-0.300000,0.000000,0.698934
0.400000,0.600000,-0.500000,-0.300000,0.000000,0.698881
0.400000,0.600000,-0.500000,-0.300000,0.000000,0.698826
0.400000,0.600000,-0.500000,-0.300000,0.000000,0.698770
0.400000,0.600000,-0.500000,-0.300000,0.000000,0.698712
0.400000,0.600000,-0.500000,-0.300000,0.000000,0.698653
0.400000,0.600000,-0.500000,-0.300000,0.000000,0.698593
0.400000,0.600000,-0.500000,-0.300000,0.000000,0.698532
0.400000,0.600000,-0.500000,-0.300000,0.000000,0.698469
0.400000,0.600000,-0.500000,-0.300000,0.000000,0.698405
0.400000,0.600000,-0.500000,-0.300000,0.000000,0.698340
0.400000,0.600000,-0.500000,-0.300000,0.000000,0.698273
0.400000,0.600000,-0.500000,-0.300000,0.000000,0.698205
0.400000,0.600000,-0.500000,-0.300000,0.000000,0.698136
0.400000,0.600000,-0.500000,-0.300000,0.000000,0.698065
0.400000,0.600000,-0.500000,-0.300000,0.000000,0.697993
0.400000,0.600000,-0.500000,-0.300000,0.000000,0.697920
0.400000,0.600000,-0.500000,-0.300000,0.000000,0.697846
0.400000,0.600000,-0.500000,-0.300000,0.000000,0.697770
0.400000,0.600000,-0.500000,-0.300000,0.000000,0.697693
0.400000,0.600000,-0.500000,-0.300000,0.000000,0.697614
0.400000,0.600000,-0.500000,-0.300000,0.000000,0.697534
0.400000,0.600000,-0.500000,-0.300000,0.000000,0.697453
0.400000,0.600000,-0.500000,-0.300000,0.000000,0.697371
0.400000,0.600000,-0.500000,-0.300000,0.000000,0.697287
0.400000,0.600000,-0.500000,-0.300000,0.000000,0.697202
0.400000,0.600000,-0.500000,-0.300000,0.000000,0.697116
0.400000,0.600000,-0.500000,-0.300000,0.000000,0.697029
0.400000,0.600000,-0.500000,-0.300000,0.000000,0.696940
0.400000,0.600000,-0.500000,-0.300000,0.000000,0.696850
0.400000,0.600000,-0.500000,-0.300000,0.000000,0.696758
0.400000,0.600000,-0.500000,-0.300000,0.000000,0.696665
0.400000,0.600000,-0.500000,-0.300000,0.000000,0.696571
0.400000,0.600000,-0.500000,-0.300000,0.000000,0.696476
0.400000,0.600000,-0.500000,-0.300000,0.000000,0.696379
0.400000,0.600000,-0.500000,-0.300000,0.000000,0.696281
0.400000,0.600000,-0.500000,-0.300000,0.000000,0.696182
0.400000,0.600000,-0.500000,-0.300000,0.000000,0.696081
0.400000,0.600000,-0.500000,-0.300000,0.000000,0.695979
0.400000,0.600000,-0.500000,-0.300000,0.000000,0.695876
0.400000,0.600000,-0.500000,-0.300000,0.000000,0.695772
0.400000,0.600000,-0.500000,-0.300000,0.000000,0.695666
0.400000,0.600000,-0.500000,-0.300000,0.000000,0.695559
0.400000,0.600000,-0.500000,-0.300000,0.000000,0.695451
0.400000,0.600000,-0.500000,-0.300000,0.000000,0.695341
0.400000,0.600000,-0.500000,-0.300000,0.000000,0.695230
0.400000,0.600000,-0.500000,-0.300000,0.000000,0.695118
0.400000,0.600000,-0.500000,-0.300000,0.000000,0.695004
0.400000,0.600000,-0.500000,-0.300000,0.000000,0.694889
0.400000,0.600000,-0.500000,-0.300000,0.000000,0.694773
0.400000,0.600000,-0.500000,-0.300000,0.000000,0.694656
0.400000,0.600000,-0.500000,-0.300000,0.000000,0.694537
0.400000,0.600000,-0.500000,-0.300000,0.000000,0.694417
0.400000,0.600000,-0.500000,-0.300000,0.000000,0.694296
0.400000,0.600000,-0.500000,-0.300000,0.000000,0.694173
0.400000,0.600000,-0.500000,-0.300000,0.000000,0.694049
0.400000,0.600000,-0.500000,-0.300000,0.000000,0.693924
0.400000,0.600000,-0.500000,-0.300000,0.000000,0.693797
0.400000,0.600000,-0.500000,-0.300000,0.000000,0.693670
0.400000,0.600000,-0.500000,-0.300000,0.000000,0.693541
0.400000,0.600000,-0.500000,-0.300000,0.000000,0.693410
0.400000,0.600000,-0.500000,-0.300000,0.000000,0.693279
0.400000,0.600000,-0.500000,-0.300000,0.000000,0.693146
0.400000,0.600000,-0.500000,-0.300000,0.000000,0.693012
0.400000,0.600000,-0.500000,-0.300000,0.000000,0.692876
0.400000,0.600000,-0.500000,-0.300000,0.000000,0.692739
0.400000,0.600000,-0.500000,-0.300000,0.000000,0.692601
0.400000,0.600000,-0.500000,-0.300000,0.000000,0.692462
0.400000,0.600000,-0.500000,-0.300000,0.000000,0.692321
0.400000,0.600000,-0.500000,-0.300000,0.000000,0.692179
0.400000,0.600000,-0.500000,-0.300000,0.000000,0.692036
0.400000,0.600000,-0.500000,-0.300000,0.000000,0.691892
0.400000,0.600000,-0.500000,-0.300000,0.000000,0.691746
0.400000,0.600000,-0.500000,-0.300000,0.000000,0.691599
0.400000,0.600000,-0.500000,-0.300000,0.000000,0.691451
0.400000,0.600000,-0.500000,-0.300000,0.000000,0.691301
0.400000,0.600000,-0.500000,-0.300000,0.000000,0.691150
0.400000,0.600000,-0.500000,-0.300000,0.000000,0.690998
0.400000,0.600000,-0.500000,-0.300000,0.000000,0.690845
0.400000,0.600000,-0.500000,-0.300000,0.000000,0.690690
0.400000,0.600000,-0.500000,-0.300000,0.000000,0.690534
0.400000,0.600000,-0.500000,-0.300000,0.000000,0.690377
0.400000,0.600000,-0.500000,-0.300000,0.000000,0.690218
0.400000,0.600000,-0.500000,-0.300000,0.000000,0.690058
0.400000,0.600000,-0.500000,-0.300000,0.000000,0.689897
0.400000,0.600000,-0.500000,-0.300000,0.000000,0.689735
0.400000,0.600000,-0.500000,-0.300000,0.000000,0.689571
0.400000,0.600000,-0.500000,-0.300000,0.000000,0.689407
0.400000,0.600000,-0.500000,-0.300000,0.000000,0.689240
0.400000,0.600000,-0.500000,-0.300000,0.000000,0.689073
0.400000,0.600000,-0.500000,-0.300000,0.000000,0.688904
0.400000,0.600000,-0.500000,-0.300000,0.000000,0.688734
0.400000,0.600000,-0.500000,-0.300000,0.000000,0.688563
0.400000,0.600000,-0.500000,-0.300000,0.000000,0.688391
0.400000,0.600000,-0.500000,-0.300000,0.000000,0.688217
0.400000,0.600000,-0.500000,-0.300000,0.000000,0.688042
0.400000,0.600000,-0.500000,-0.300000,0.000000,0.687866
0.400000,0.600000,-0.500000,-0.300000,0.000000,0.687688
0.400000,0.600000,-0.500000,-0.300000,0.000000,0.687509
0.400000,0.600000,-0.500000,-0.300000,0.000000,0.687329
0.400000,0.600000,-0.500000,-0.300000,0.000000,0.687148
0.400000,0.600000,-0.500000,-0.300000,0.000000,0.686965
0.400000,0.600000,-0.500000,-0.300000,0.000000,0.686781
0.400000,0.600000,-0.500000,-0.300000,0.000000,0.686596
0.400000,0.600000,-0.500000,-0.300000,0.000000,0.686410
0.400000,0.600000,-0.500000,-0.300000,0.000000,0.686222
0.400000,0.600000,-0.500000,-0.300000,0.000000,0.686033
0.400000,0.600000,-0.500000,-0.300000,0.000000,0.685843
0.400000,0.600000,-0.500000,-0.300000,0.000000,0.685652
0.400000,0.600000,-0.500000,-0.300000,0.000000,0.685459
0.400000,0.600000,-0.500000,-0.300000,0.000000,0.685265
0.400000,0.600000,-0.500000,-0.300000,0.000000,0.685070
0.400000,0.600000,-0.500000,-0.300000,0.000000,0.684874
0.400000,0.600000,-0.500000,-0.300000,0.000000,0.684676
0.400000,0.600000,-0.500000,-0.300000,0.000000,0.684477
0.400000,0.600000,-0.500000,-0.300000,0.000000,0.684277
0.400000,0.600000,-0.500000,-0.300000,0.000000,0.684076
0.400000,0.600000,-0.500000,-0.300000,0.000000,0.683873
0.400000,0.600000,-0.500000,-0.300000,0.000000,0.683669
0.400000,0.600000,-0.500000,-0.300000,0.000000,0.683464
0.400000,0.600000,-0.500000,-0.300000,0.000000,0.683258
0.400000,0.600000,-0.500000,-0.300000,0.000000,0.683050
0.400000,0.600000,-0.500000,-0.300000,0.000000,0.682841
0.400000,0.600000,-0.500000,-0.300000,0.000000,0.682631
0.400000,0.600000,-0.500000,-0.300000,0.000000,0.682420
0.400000,0.600000,-0.500000,-0.300000,0.000000,0.682207
0.400000,0.600000,-0.500000,-0.300000,0.000000,0.681994
0.400000,0.600000,-0.500000,-0.300000,0.000000,0.681779
0.400000,0.600000,-0.500000,-0.300000,0.000000,0.681562
0.400000,0.600000,-0.500000,-0.300000,0.000000,0.681345
0.400000,0.600000,-0.500000,-0.300000,0.000000,0.681126
0.400000,0.600000,-0.500000,-0.300000,0.000000,0.680906
0.400000,0.600000,-0.500000,-0.300000,0.000000,0.680685
0.400000,0.600000,-0.500000,-0.300000,0.000000,0.680462
0.400000,0.600000,-0.500000,-0.300000,0.000000,0.680239
0.400000,0.600000,-0.500000,-0.300000,0.000000,0.680014
0.400000,0.600000,-0.500000,-0.300000,0.000000,0.679788
0.400000,0.600000,-0.500000,-0.300000,0.000000,0.679560
0.400000,0.600000,-0.500000,-0.300000,0.000000,0.679332
0.400000,0.600000,-0.500000,-0.300000,0.000000,0.679102
0.400000,0.600000,-0.500000,-0.300000,0.000000,0.678871
0.400000,0.600000,-0.500000,-0.300000,0.000000,0.678639
0.400000,0.600000,-0.500000,-0.300000,0.000000,0.678405
0.400000,0.600000,-0.500000,-0.300000,0.000000,0.678170
0.400000,0.600000,-0.500000,-0.300000,0.000000,0.677935
0.400000,0.600000,-0.500000,-0.300000,0.000000,0.677697
0.400000,0.600000,-0.500000,-0.300000,0.000000,0.677459
0.400000,0.600000,-0.500000,-0.300000,0.000000,0.677219
0.400000,0.600000,-0.500000,-0.300000,0.000000,0.676979
0.400000,0.600000,-0.500000,-0.300000,0.000000,0.676737
0.400000,0.600000,-0.500000,-0.300000,0.000000,0.676493
0.400000,0.600000,-0.500000,-0.300000,0.000000,0.676249
0.400000,0.600000,-0.500000,-0.300000,0.000000,0.676003
0.400000,0.600000,-0.500000,-0.300000,0.000000,0.675756
0.400000,0.600000,-0.500000,-0.300000,0.000000,0.675508
0.400000,0.600000,-0.500000,-0.300000,0.000000,0.675259
0.400000,0.600000,-0.500000,-0.300000,0.000000,0.675009
0.400000,0.600000,-0.500000,-0.300000,0.000000,0.674757
0.400000,0.600000,-0.500000,-0.300000,0.000000,0.674504
0.400000,0.600000,-0.500000,-0.300000,0.000000,0.674250
0.400000,0.600000,-0.500000,-0.300000,0.000000,0.673995
0.400000,0.600000,-0.500000,-0.300000,0.000000,0.673738
0.400000,0.600000,-0.500000,-0.300000,0.000000,0.673480
0.400000,0.600000,-0.500000,-0.300000,0.000000,0.673221
0.400000,0.600000,-0.500000,-0.300000,0.000000,0.672961
0.400000,0.600000,-0.500000,-0.300000,0.000000,0.672700
0.400000,0.600000,-0.500000,-0.300000,0.000000,0.672438
0.400000,0.600000,-0.500000,-0.300000,0.000000,0.672174
0.400000,0.600000,-0.500000,-0.300000,0.000000,0.671909
0.400000,0.600000,-0.500000,-0.300000,0.000000,0.671643
0.400000,0.600000,-0.500000,-0.300000,0.000000,0.671376
0.400000,0.600000,-0.500000,-0.300000,0.000000,0.671107
0.400000,0.600000,-0.500000,-0.300000,0.000000,0.670837
0.400000,0.600000,-0.500000,-0.300000,0.000000,0.670567
0.400000,0.600000,-0.500000,-0.300000,0.000000,0.670295
0.400000,0.600000,-0.500000,-0.300000,0.000000,0.670021
0.400000,0.600000,-0.500000,-0.300000,0.000000,0.669747
0.400000,0.600000,-0.500000,-0.300000,0.000000,0.669471
0.400000,0.600000,-0.500000,-0.300000,0.000000,0.669195
0.400000,0.600000,-0.500000,-0.300000,0.000000,0.668917
0.400000,0.600000,-0.500000,-0.300000,0.000000,0.668637
0.400000,0.600000,-0.500000,-0.300000,0.000000,0.668357
0.400000,0.600000,-0.500000,-0.300000,0.000000,0.668076
0.400000,0.600000,-0.500000,-0.300000,0.000000,0.667793
0.400000,0.600000,-0.500000,-0.300000,0.000000,0.667509
0.400000,0.600000,-0.500000,-0.300000,0.000000,0.667224
0.400000,0.600000,-0.500000,-0.300000,0.000000,0.666938
0.400000,0.600000,-0.500000,-0.300000,0.000000,0.666651
0.400000,0.600000,-0.500000,-0.300000,0.000000,0.666362
0.400000,0.600000,-0.500000,-0.300000,0.000000,0.666072
0.400000,0.600000,-0.500000,-0.300000,0.000000,0.665782
0.400000,0.600000,-0.500000,-0.300000,0.000000,0.665490
0.400000,0.600000,-0.500000,-0.300000,0.000000,0.665196
0.400000,0.600000,-0.500000,-0.300000,0.000000,0.664902
0.400000,0.600000,-0.500000,-0.300000,0.000000,0.664606
0.400000,0.600000,-0.500000,-0.300000,0.000000,0.664310
0.400000,0.600000,-0.500000,-0.300000,0.000000,0.664012
0.400000,0.600000,-0.500000,-0.300000,0.000000,0.663713
0.400000,0.600000,-0.500000,-0.300000,0.000000,0.663413
0.400000,0.600000,-0.500000,-0.300000,0.000000,0.663111
0.400000,0.600000,-0.500000,-0.300000,0.000000,0.662809
0.400000,0.600000,-0.500000,-0.300000,0.000000,0.662505
0.400000,0.600000,-0.500000,-0.300000,0.000000,0.662201
0.400000,0.600000,-0.500000,-0.300000,0.000000,0.661895
0.400000,0.600000,-0.500000,-0.300000,0.000000,0.661588
0.400000,0.600000,-0.500000,-0.300000,0.000000,0.661279
0.400000,0.600000,-0.500000,-0.300000,0.000000,0.660970
0.400000,0.600000,-0.500000,-0.300000,0.000000,0.660660
0.400000,0.600000,-0.500000,-0.300000,0.000000,0.660348
0.400000,0.600000,-0.500000,-0.300000,0.000000,0.660035
0.400000,0.600000,-0.500000,-0.300000,0.000000,0.659721
0.400000,0.600000,-0.500000,-0.300000,0.000000,0.659406
0.400000,0.600000,-0.500000,-0.300000,0.000000,0.659090
0.400000,0.600000,-0.500000,-0.300000,0.000000,0.658773
0.400000,0.600000,-0.500000,-0.300000,0.000000,0.658454
0.400000,0.600000,-0.500000,-0.300000,0.000000,0.658134
0.400000,0.600000,-0.500000,-0.300000,0.000000,0.657814
0.400000,0.600000,-0.500000,-0.300000,0.000000,0.657492
0.400000,0.600000,-0.500000,-0.300000,0.000000,0.657169
0.400000,0.600000,-0.500000,-0.300000,0.000000,0.656845
0.400000,0.600000,-0.500000,-0.300000,0.000000,0.656519
0.400000,0.600000,-0.500000,-0.300000,0.000000,0.656193
0.400000,0.600000,-0.500000,-0.300000,0.000000,0.655865
0.400000,0.600000,-0.500000,-0.300000,0.000000,0.655537
0.400000,0.600000,-0.500000,-0.300000,0.000000,0.655207
0.400000,0.600000,-0.500000,-0.300000,0.000000,0.654876
0.400000,0.600000,-0.500000,-0.300000,0.000000,0.654544
0.400000,0.600000,-0.500000,-0.300000,0.000000,0.654211
0.400000,0.600000,-0.500000,-0.300000,0.000000,0.653877
0.400000,0.600000,-0.500000,-0.300000,0.000000,0.653542
0.400000,0.600000,-0.500000,-0.300000,0.000000,0.653205
0.400000,0.600000,-0.500000,-0.300000,0.000000,0.652868
0.400000,0.600000,-0.500000,-0.300000,0.000000,0.652529
0.400000,0.600000,-0.500000,-0.300000,0.000000,0.652189
0.400000,0.600000,-0.500000,-0.300000,0.000000,0.651848
0.400000,0.600000,-0.500000,-0.300000,0.000000,0.651506
0.400000,0.600000,-0.500000,-0.300000,0.000000,0.651163
0.400000,0.600000,-0.500000,-0.300000,0.000000,0.650819
0.400000,0.600000,-0.500000,-0.300000,0.000000,0.650474
0.400000,0.600000,-0.500000,-0.300000,0.000000,0.650127
0.400000,0.600000,-0.500000,-0.300000,0.000000,0.649780
0.400000,0.600000,-0.500000,-0.300000,0.000000,0.649431
0.400000,0.600000,-0.500000,-0.300000,0.000000,0.649081
0.400000,0.600000,-0.500000,-0.300000,0.000000,0.648731
0.400000,0.600000,-0.500000,-0.300000,0.000000,0.648379
0.400000,0.600000,-0.500000,-0.300000,0.000000,0.648026
0.400000,0.600000,-0.500000,-0.300000,0.000000,0.647672
0.400000,0.600000,-0.500000,-0.300000,0.000000,0.647317
0.400000,0.600000,-0.500000,-0.300000,0.000000,0.646960
0.400000,0.600000,-0.500000,-0.300000,0.000000,0.646603
0.400000,0.600000,-0.500000,-0.300000,0.000000,0.646245
0.400000,0.600000,-0.500000,-0.300000,0.000000,0.645885
0.400000,0.600000,-0.500000,-0.300000,0.000000,0.645525
0.400000,0.600000,-0.500000,-0.300000,0.000000,0.645163
0.400000,0.600000,-0.500000,-0.300000,0.000000,0.644800
0.400000,0.600000,-0.500000,-0.300000,0.000000,0.644437
0.400000,0.600000,-0.500000,-0.300000,0.000000,0.644072
0.400000,0.600000,-0.500000,-0.300000,0.000000,0.643706
0.400000,0.600000,-0.500000,-0.300000,0.000000,0.643339
0.400000,0.600000,-0.500000,-0.300000,0.000000,0.642971
0.400000,0.600000,-0.500000,-0.300000,0.000000,0.642602
0.400000,0.600000,-0.500000,-0.300000,0.000000,0.642231
0.400000,0.600000,-0.500000,-0.300000,0.000000,0.641860
0.400000,0.600000,-0.500000,-0.300000,0.000000,0.641488
0.400000,0.600000,-0.500000,-0.300000,0.000000,0.641115
0.400000,0.600000,-0.500000,-0.300000,0.000000,0.640740
0.400000,0.600000,-0.500000,-0.300000,0.000000,0.640365
0.400000,0.600000,-0.500000,-0.300000,0.000000,0.639988
0.400000,0.600000,-0.500000,-0.300000,0.000000,0.639611
0.400000,0.600000,-0.500000,-0.300000,0.000000,0.639232
0.400000,0.600000,-0.500000,-0.300000,0.000000,0.638852
0.400000,0.600000,-0.500000,-0.300000,0.000000,0.638471
0.400000,0.600000,-0.500000,-0.300000,0.000000,0.638090
0.400000,0.600000,-0.500000,-0.300000,0.000000,0.637707
0.400000,0.600000,-0.500000,-0.300000,0.000000,0.637323
0.400000,0.600000,-0.500000,-0.300000,0.000000,0.636938
0.400000,0.600000,-0.500000,-0.300000,0.000000,0.636552
0.400000,0.600000,-0.500000,-0.300000,0.000000,0.636165
0.400000,0.600000,-0.500000,-0.300000,0.000000,0.635777
0.400000,0.600000,-0.500000,-0.300000,0.000000,0.635388
0.400000,0.600000,-0.500000,-0.300000,0.000000,0.634998
0.400000,0.600000,-0.500000,-0.300000,0.000000,0.634607
0.400000,0.600000,-0.500000,-0.300000,0.000000,0.634215
0.400000,0.600000,-0.500000,-0.300000,0.000000,0.633821
0.400000,0.600000,-0.500000,-0.300000,0.000000,0.633427
0.400000,0.600000,-0.500000,-0.300000,0.000000,0.633032
0.400000,0.600000,-0.500000,-0.300000,0.000000,0.632636
0.400000,0.600000,-0.500000,-0.300000,0.000000,0.632239
0.400000,0.600000,-0.500000,-0.300000,0.000000,0.631840
0.400000,0.600000,-0.500000,-0.300000,0.000000,0.631441
0.400000,0.600000,-0.500000,-0.300000,0.000000,0.631041
0.400000,0.600000,-0.500000,-0.300000,0.000000,0.630639
0.400000,0.600000,-0.500000,-0.300000,0.000000,0.630237
0.400000,0.600000,-0.500000,-0.300000,0.000000,0.629834
0.400000,0.600000,-0.500000,-0.300000,0.000000,0.629429
0.400000,0.600000,-0.500000,-0.300000,0.000000,0.629024
0.400000,0.600000,-0.500000,-0.300000,0.000000,0.628617
0.400000,0.600000,-0.500000,-0.300000,0.000000,0.628210
0.400000,0.600000,-0.500000,-0.300000,0.000000,0.627802
0.400000,0.600000,-0.500000,-0.300000,0.000000,0.627392
0.400000,0.600000,-0.500000,-0.300000,0.000000,0.626982
0.400000,0.600000,-0.500000,-0.300000,0.000000,0.626570
0.400000,0.600000,-0.500000,-0.300000,0.000000,0.626158
0.400000,0.600000,-0.500000,-0.300000,0.000000,0.625745
0.400000,0.600000,-0.500000,-0.300000,0.000000,0.625330
0.400000,0.600000,-0.500000,-0.300000,0.000000,0.624915
0.400000,0.600000,-0.500000,-0.300000,0.000000,0.624499
0.400000,0.600000,-0.500000,-0.300000,0.000000,0.624081
0.400000,0.600000,-0.500000,-0.300000,0.000000,0.623663
0.400000,0.600000,-0.500000,-0.300000,0.000000,0.623244
0.400000,0.600000,-0.500000,-0.300000,0.000000,0.622824
0.400000,0.600000,-0.500000,-0.300000,0.000000,0.622402
0.400000,0.600000,-0.500000,-0.300000,0.000000,0.621980
0.400000,0.600000,-0.500000,-0.300000,0.000000,0.621557
0.400000,0.600000,-0.500000,-0.300000,0.000000,0.621133
0.400000,0.600000,-0.500000,-0.300000,0.000000,0.620708
0.400000,0.600000,-0.500000,-0.300000,0.000000,0.620282
0.400000,0.600000,-0.500000,-0.300000,0.000000,0.619854
0.400000,0.600000,-0.500000,-0.300000,0.000000,0.619426
0.400000,0.600000,-0.500000,-0.300000,0.000000,0.618997
0.400000,0.600000,-0.500000,-0.300000,0.000000,0.618568
0.400000,0.600000,-0.500000,-0.300000,0.000000,0.618137
0.400000,0.600000,-0.500000,-0.300000,0.000000,0.617705
0.400000,0.600000,-0.500000,-0.300000,0.000000,0.617272
0.400000,0.600000,-0.500000,-0.300000,0.000000,0.616838
0.400000,0.600000,-0.500000,-0.300000,0.000000,0.616403
0.400000,0.600000,-0.500000,-0.300000,0.000000,0.615968
0.400000,0.600000,-0.500000,-0.300000,0.000000,0.615531
0.400000,0.600000,-0.500000,-0.300000,0.000000,0.615094
0.400000,0.600000,-0.500000,-0.300000,0.000000,0.614655
0.400000,0.600000,-0.500000,-0.300000,0.000000,0.614216
0.400000,0.600000,-0.500000,-0.300000,0.000000,0.613775
0.400000,0.600000,-0.500000,-0.300000,0.000000,0.613334
0.400000,0.600000,-0.500000,-0.300000,0.000000,0.612892
0.400000,0.600000,-0.500000,-0.300000,0.000000,0.612448
0.400000,0.600000,-0.500000,-0.300000,0.000000,0.612004
0.400000,0.600000,-0.500000,-0.300000,0.000000,0.611559
0.400000,0.600000,-0.500000,-0.300000,0.000000,0.611113
0.400000,0.600000,-0.500000,-0.300000,0.000000,0.610666
0.400000,0.600000,-0.500000,-0.300000,0.000000,0.610218
0.400000,0.600000,-0.500000,-0.300000,0.000000,0.609770
0.400000,0.600000,-0.500000,-0.300000,0.000000,0.609320
0.400000,0.600000,-0.500000,-0.300000,0.000000,0.608869
0.400000,0.600000,-0.500000,-0.300000,0.000000,0.608418
0.400000,0.600000,-0.500000,-0.300000,0.000000,0.607965
0.400000,0.600000,-0.500000,-0.300000,0.000000,0.607512
0.400000,0.600000,-0.500000,-0.300000,0.000000,0.607058
0.400000,0.600000,-0.500000,-0.300000,0.000000,0.606603
0.400000,0.600000,-0.500000,-0.300000,0.000000,0.606147
0.400000,0.600000,-0.500000,-0.300000,0.000000,0.605690
0.400000,0.600000,-0.500000,-0.300000,0.000000,0.605232
0.400000,0.600000,-0.500000,-0.300000,0.000000,0.604773
0.400000,0.600000,-0.500000,-0.300000,0.000000,0.604313
0.400000,0.600000,-0.500000,-0.300000,0.000000,0.603853
0.400000,0.600000,-0.500000,-0.300000,0.000000,0.603391
0.400000,0.600000,-0.500000,-0.300000,0.000000,0.602929
0.400000,0.600000,-0.500000,-0.300000,0.000000,0.602466
0.400000,0.600000,-0.500000,-0.300000,0.000000,0.602001
0.400000,0.600000,-0.500000,-0.300000,0.000000,0.601536
0.400000,0.600000,-0.500000,-0.300000,0.000000,0.601071
0.400000,0.600000,-0.500000,-0.300000,0.000000,0.600604
0.400000,0.600000,-0.500000,-0.300000,0.000000,0.600136
0.400000,0.600000,-0.500000,-0.300000,0.000000,0.599667
0.400000,0.600000,-0.500000,-0.300000,0.000000,0.599198
0.400000,0.600000,-0.500000,-0.300000,0.000000,0.598728
0.400000,0.600000,-0.500000,-0.300000,0.000000,0.598257
0.400000,0.600000,-0.500000,-0.300000,0.000000,0.597785
0.400000,0.600000,-0.500000,-0.300000,0.000000,0.597312
0.400000,0.600000,-0.500000,-0.300000,0.000000,0.596838
0.400000,0.600000,-0.500000,-0.300000,0.000000,0.596363
0.400000,0.600000,-0.500000,-0.300000,0.000000,0.595888
0.400000,0.600000,-0.500000,-0.300000,0.000000,0.595411
0.400000,0.600000,-0.500000,-0.300000,0.000000,0.594934
0.400000,0.600000,-0.500000,-0.300000,0.000000,0.594456
0.400000,0.600000,-0.500000,-0.300000,0.000000,0.593977
0.400000,0.600000,-0.500000,-0.300000,0.000000,0.593497
0.400000,0.600000,-0.500000,-0.300000,0.000000,0.593017
0.400000,0.600000,-0.500000,-0.300000,0.000000,0.592535
0.400000,0.600000,-0.500000,-0.300000,0.000000,0.592053
0.400000,0.600000,-0.500000,-0.300000,0.000000,0.591570
0.400000,0.600000,-0.500000,-0.300000,0.000000,0.591086
0.400000,0.600000,-0.500000,-0.300000,0.000000,0.590601
0.400000,0.600000,-0.500000,-0.300000,0.000000,0.590115
0.400000,0.600000,-0.500000,-0.300000,0.000000,0.589629
0.400000,0.600000,-0.500000,-0.300000,0.000000,0.589141
0.400000,0.600000,-0.500000,-0.300000,0.000000,0.588653
0.400000,0.600000,-0.500000,-0.300000,0.000000,0.588164
0.400000,0.600000,-0.500000,-0.300000,0.000000,0.587674
0.400000,0.600000,-0.500000,-0.300000,0.000000,0.587184
0.400000,0.600000,-0.500000,-0.300000,0.000000,0.586692
0.400000,0.600000,-0.500000,-0.300000,0.000000,0.586200
0.400000,0.600000,-0.500000,-0.300000,0.000000,0.585707
0.400000,0.600000,-0.500000,-0.300000,0.000000,0.585213
0.400000,0.600000,-0.500000,-0.300000,0.000000,0.584718
0.400000,0.600000,-0.500000,-0.300000,0.000000,0.584223
0.400000,0.600000,-0.500000,-0.300000,0.000000,0.583726
0.400000,0.600000,-0.500000,-0.300000,0.000000,0.583229
0.400000,0.600000,-0.500000,-0.300000,0.000000,0.582731
0.400000,0.600000,-0.500000,-0.300000,0.000000,0.582232
0.400000,0.600000,-0.500000,-0.300000,0.000000,0.581733
0.400000,0.600000,-0.500000,-0.300000,0.000000,0.581233
0.400000,0.600000,-0.500000,-0.300000,0.000000,0.580731
0.400000,0.600000,-0.500000,-0.300000,0.000000,0.580229
0.400000,0.600000,-0.500000,-0.300000,0.000000,0.579727
0.400000,0.600000,-0.500000,-0.300000,0.000000,0.579223
0.400000,0.600000,-0.500000,-0.300000,0.000000,0.578719
0.400000,0.600000,-0.500000,-0.300000,0.000000,0.578214
0.400000,0.600000,-0.500000,-0.300000,0.000000,0.577708
0.400000,0.600000,-0.500000,-0.300000,0.000000,0.577201
0.400000,0.600000,-0.500000,-0.300000,0.000000,0.576694
0.400000,0.600000,-0.500000,-0.300000,0.000000,0.576186
0.400000,0.600000,-0.500000,-0.300000,0.000000,0.575677
0.400000,0.600000,-0.500000,-0.300000,0.000000,0.575167
0.400000,0.600000,-0.500000,-0.300000,0.000000,0.574656
0.400000,0.600000,-0.500000,-0.300000,0.000000,0.574145
0.400000,0.600000,-0.500000,-0.300000,0.000000,0.573633
0.400000,0.600000,-0.500000,-0.300000,0.000000,0.573120
0.400000,0.600000,-0.500000,-0.300000,0.000000,0.572607
0.400000,0.600000,-0.500000,-0.300000,0.000000,0.572092
0.400000,0.600000,-0.500000,-0.300000,0.000000,0.571577
0.400000,0.600000,-0.500000,-0.300000,0.000000,0.571061
0.400000,0.600000,-0.500000,-0.300000,0.000000,0.570545
0.400000,0.600000,-0.500000,-0.300000,0.000000,0.570027
0.400000,0.600000,-0.500000,-0.300000,0.000000,0.569509
0.400000,0.600000,-0.500000,-0.300000,0.000000,0.568990
0.400000,0.600000,-0.500000,-0.300000,0.000000,0.568471
0.400000,0.600000,-0.500000,-0.300000,0.000000,0.567951
0.400000,0.600000,-0.500000,-0.300000,0.000000,0.567430
0.400000,0.600000,-0.500000,-0.300000,0.000000,0.566908
0.400000,0.600000,-0.500000,-0.300000,0.000000,0.566385
0.400000,0.600000,-0.500000,-0.300000,0.000000,0.565862
0.400000,0.600000,-0.500000,-0.300000,0.000000,0.565338
0.400000,0.600000,-0.500000,-0.300000,0.000000,0.564813
0.400000,0.600000,-0.500000,-0.300000,0.000000,0.564288
0.400000,0.600000,-0.500000,-0.300000,0.000000,0.563762
0.400000,0.600000,-0.500000,-0.300000,0.000000,0.563235
0.400000,0.600000,-0.500000,-0.300000,0.000000,0.562707
0.400000,0.600000,-0.500000,-0.300000,0.000000,0.562179
0.400000,0.600000,-0.500000,-0.300000,0.000000,0.561650
0.400000,0.600000,-0.500000,-0.300000,0.000000,0.561120
0.400000,0.600000,-0.500000,-0.300000,0.000000,0.560590
0.400000,0.600000,-0.500000,-0.300000,0.000000,0.560059
0.400000,0.600000,-0.500000,-0.300000,0.000000,0.559527
0.400000,0.600000,-0.500000,-0.300000,0.000000,0.558994
0.400000,0.600000,-0.500000,-0.300000,0.000000,0.558461
0.400000,0.600000,-0.500000,-0.300000,0.000000,0.557927
0.400000,0.600000,-0.500000,-0.300000,0.000000,0.557393
0.400000,0.600000,-0.500000,-0.300000,0.000000,0.556857
0.400000,0.600000,-0.500000,-0.300000,0.000000,0.556321
0.400000,0.600000,-0.500000,-0.300000,0.000000,0.555785
0.400000,0.600000,-0.500000,-0.300000,0.000000,0.555247
0.400000,0.600000,-0.500000,-0.300000,0.000000,0.554709
0.400000,0.600000,-0.500000,-0.300000,0.000000,0.554171
0.400000,0.600000,-0.500000,-0.300000,0.000000,0.553631
0.400000,0.600000,-0.500000,-0.300000,0.000000,0.553091
0.400000,0.600000,-0.500000,-0.300000,0.000000,0.552550
0.400000,0.600000,-0.500000,-0.300000,0.000000,0.552009
0.400000,0.600000,-0.500000,-0.300000,0.000000,0.551467
0.400000,0.600000,-0.500000,-0.300000,0.000000,0.550924
0.400000,0.600000,-0.500000,-0.300000,0.000000,0.550381
0.400000,0.600000,-0.500000,-0.300000,0.000000,0.549837
0.400000,0.600000,-0.500000,-0.300000,0.000000,0.549292
0.400000,0.600000,-0.500000,-0.300000,0.000000,0.548747
0.400000,0.600000,-0.500000,-0.300000,0.000000,0.548201
0.400000,0.600000,-0.500000,-0.300000,0.000000,0.547654
0.400000,0.600000,-0.500000,-0.300000,0.000000,0.547107
0.400000,0.600000,-0.500000,-0.300000,0.000000,0.546559
0.400000,0.600000,-0.500000,-0.300000,0.000000,0.546010
0.400000,0.600000,-0.500000,-0.300000,0.000000,0.545461
0.400000,0.600000,-0.500000,-0.300000,0.000000,0.544911
0.400000,0.600000,-0.500000,-0.300000,0.000000,0.544360
0.400000,0.600000,-0.500000,-0.300000,0.000000,0.543809
0.400000,0.600000,-0.500000,-0.300000,0.000000,0.543257
0.400000,0.600000,-0.500000,-0.300000,0.000000,0.542705
0.400000,0.600000,-0.500000,-0.300000,0.000000,0.542152
0.400000,0.600000,-0.500000,-0.300000,0.000000,0.541598
0.400000,0.600000,-0.500000,-0.300000,0.000000,0.541044
0.400000,0.600000,-0.500000,-0.300000,0.000000,0.540489
0.400000,0.600000,-0.500000,-0.300000,0.000000,0.539934
0.400000,0.600000,-0.500000,-0.300000,0.000000,0.539377
0.400000,0.600000,-0.500000,-0.300000,0.000000,0.538821
0.400000,0.600000,-0.500000,-0.300000,0.000000,0.538263
0.400000,0.600000,-0.500000,-0.300000,0.000000,0.537705
0.400000,0.600000,-0.500000,-0.300000,0.000000,0.537147
0.400000,0.600000,-0.500000,-0.300000,0.000000,0.536588
0.400000,0.600000,-0.500000,-0.300000,0.000000,0.536028
0.400000,0.600000,-0.500000,-0.300000,0.000000,0.535467
0.400000,0.600000,-0.500000,-0.300000,0.000000,0.534906
0.400000,0.600000,-0.500000,-0.300000,0.000000,0.534345
0.400000,0.600000,-0.500000,-0.300000,0.000000,0.533783
0.400000,0.600000,-0.500000,-0.300000,0.000000,0.533220
0.400000,0.600000,-0.500000,-0.300000,0.000000,0.532657
0.400000,0.600000,-0.500000,-0.300000,0.000000,0.532093
0.400000,0.600000,-0.500000,-0.300000,0.000000,0.531528
0.400000,0.600000,-0.500000,-0.300000,0.000000,0.530963
0.400000,0.600000,-0.500000,-0.300000,0.000000,0.530398
0.400000,0.600000,-0.500000,-0.300000,0.000000,0.529831
0.400000,0.600000,-0.500000,-0.300000,0.000000,0.529265
0.400000,0.600000,-0.500000,-0.300000,0.000000,0.528697
0.400000,0.600000,-0.500000,-0.300000,0.000000,0.528129
0.400000,0.600000,-0.500000,-0.300000,0.000000,0.527561
0.400000,0.600000,-0.500000,-0.300000,0.000000,0.526992
0.400000,0.600000,-0.500000,-0.300000,0.000000,0.526422
0.400000,0.600000,-0.500000,-0.300000,0.000000,0.525852
0.400000,0.600000,-0.500000,-0.300000,0.000000,0.525281
0.400000,0.600000,-0.500000,-0.300000,0.000000,0.524710
0.400000,0.600000,-0.500000,-0.300000,0.000000,0.524138
0.400000,0.600000,-0.500000,-0.300000,0.000000,0.523566
0.400000,0.600000,-0.500000,-0.300000,0.000000,0.522993
0.400000,0.600000,-0.500000,-0.300000,0.000000,0.522420
0.400000,0.600000,-0.500000,-0.300000,0.000000,0.521846
0.400000,0.600000,-0.500000,-0.300000,0.000000,0.521271
0.400000,0.600000,-0.500000,-0.300000,0.000000,0.520696
0.400000,0.600000,-0.500000,-0.300000,0.000000,0.520121
0.400000,0.600000,-0.500000,-0.300000,0.000000,0.519545
0.400000,0.600000,-0.500000,-0.300000,0.000000,0.518968
0.400000,0.600000,-0.500000,-0.300000,0.000000,0.518391
0.400000,0.600000,-0.500000,-0.300000,0.000000,0.517813
0.400000,0.600000,-0.500000,-0.300000,0.000000,0.517235
0.400000,0.600000,-0.500000,-0.300000,0.000000,0.516657
0.400000,0.600000,-0.500000,-0.300000,0.000000,0.516077
0.400000,0.600000,-0.500000,-0.300000,0.000000,0.515498
0.400000,0.600000,-0.500000,-0.300000,0.000000,0.514918
0.400000,0.600000,-0.500000,-0.300000,0.000000,0.514337
0.400000,0.600000,-0.500000,-0.300000,0.000000,0.513756
0.400000,0.600000,-0.500000,-0.300000,0.000000,0.513174
0.400000,0.600000,-0.500000,-0.300000,0.000000,0.512592
0.400000,0.600000,-0.500000,-0.300000,0.000000,0.512009
0.400000,0.600000,-0.500000,-0.300000,0.000000,0.511426
0.400000,0.600000,-0.500000,-0.300000,0.000000,0.510842
0.400000,0.600000,-0.500000,-0.300000,0.000000,0.510258
0.400000,0.600000,-0.500000,-0.300000,0.000000,0.509673
0.400000,0.600000,-0.500000,-0.300000,0.000000,0.509088
0.400000,0.600000,-0.500000,-0.300000,0.000000,0.508503
0.400000,0.600000,-0.500000,-0.300000,0.000000,0.507917
0.400000,0.600000,-0.500000,-0.300000,0.000000,0.507330
0.400000,0.600000,-0.500000,-0.300000,0.000000,0.506743
0.400000,0.600000,-0.500000,-0.300000,0.000000,0.506155
0.400000,0.600000,-0.500000,-0.300000,0.000000,0.505567
0.400000,0.600000,-0.500000,-0.300000,0.000000,0.504979
0.400000,0.600000,-0.500000,-0.300000,0.000000,0.504390
0.400000,0.600000,-0.500000,-0.300000,0.000000,0.503801
0.400000,0.600000,-0.500000,-0.300000,0.000000,0.503211
0.400000,0.600000,-0.500000,-0.300000,0.000000,0.502621
0.400000,0.600000,-0.500000,-0.300000,0.000000,0.502030
0.400000,0.600000,-0.500000,-0.300000,0.000000,0.501439
0.400000,0.600000,-0.500000,-0.300000,0.000000,0.500847
0.400000,0.600000,-0.500000,-0.300000,0.000000,0.500255
0.400000,0.600000,-0.500000,-0.300000,0.000000,0.499663
0.400000,0.600000,-0.500000,-0.300000,0.000000,0.499070
0.400000,0.600000,-0.500000,-0.300000,0.000000,0.498477
0.400000,0.600000,-0.500000,-0.300000,0.000000,0.497883
0.400000,0.600000,-0.500000,-0.300000,0.000000,0.497289
0.400000,0.600000,-0.500000,-0.300000,0.000000,0.496694
0.400000,0.600000,-0.500000,-0.300000,0.000000,0.496099
0.400000,0.600000,-0.500000,-0.300000,0.000000,0.495503
0.400000,0.600000,-0.500000,-0.300000,0.000000,0.494908
0.400000,0.600000,-0.500000,-0.300000,0.000000,0.494311
0.400000,0.600000,-0.500000,-0.300000,0.000000,0.493715
0.400000,0.600000,-0.500000,-0.300000,0.000000,0.493117
0.400000,0.600000,-0.500000,-0.300000,0.000000,0.492520
0.400000,0.600000,-0.500000,-0.300000,0.000000,0.491922
0.400000,0.600000,-0.500000,-0.300000,0.000000,0.491324
0.400000,0.600000,-0.500000,-0.300000,0.000000,0.490725
0.400000,0.600000,-0.500000,-0.300000,0.000000,0.490126
0.400000,0.600000,-0.500000,-0.300000,0.000000,0.489526
0.400000,0.600000,-0.500000,-0.300000,0.000000,0.488926
0.400000,0.600000,-0.500000,-0.300000,0.000000,0.488326
0.400000,0.600000,-0.500000,-0.300000,0.000000,0.487725
0.400000,0.600000,-0.500000,-0.300000,0.000000,0.487124
0.400000,0.600000,-0.500000,-0.300000,0.000000,0.486522
0.400000,0.600000,-0.500000,-0.300000,0.000000,0.485921
0.400000,0.600000,-0.500000,-0.300000,0.000000,0.485318
0.400000,0.600000,-0.500000,-0.300000,0.000000,0.484716
0.400000,0.600000,-0.500000,-0.300000,0.000000,0.484113
0.400000,0.600000,-0.500000,-0.300000,0.000000,0.483509
0.400000,0.600000,-0.500000,-0.300000,0.000000,0.482906
0.400000,0.600000,-0.500000,-0.300000,0.000000,0.482302
0.400000,0.600000,-0.500000,-0.300000,0.000000,0.481697
0.400000,0.600000,-0.500000,-0.300000,0.000000,0.481092
0.400000,0.600000,-0.500000,-0.300000,0.000000,0.480487
0.400000,0.600000,-0.500000,-0.300000,0.000000,0.479882
0.400000,0.600000,-0.500000,-0.300000,0.000000,0.479276
0.400000,0.600000,-0.500000,-0.300000,0.000000,0.478669
0.400000,0.600000,-0.500000,-0.300000,0.000000,0.478063
0.400000,0.600000,-0.500000,-0.300000,0.000000,0.477456
0.400000,0.600000,-0.500000,-0.300000,0.000000,0.476849
0.400000,0.600000,-0.500000,-0.300000,0.000000,0.476241
0.400000,0.600000,-0.500000,-0.300000,0.000000,0.475633
0.400000,0.600000,-0.500000,-0.300000,0.000000,0.475025
0.400000,0.600000,-0.500000,-0.300000,0.000000,0.474416
0.400000,0.600000,-0.500000,-0.300000,0.000000,0.473808
0.400000,0.600000,-0.500000,-0.300000,0.000000,0.473198
0.400000,0.600000,-0.500000,-0.300000,0.000000,0.472589
0.400000,0.600000,-0.500000,-0.300000,0.000000,0.471979
0.400000,0.600000,-0.500000,-0.300000,0.000000,0.471369
0.400000,0.600000,-0.500000,-0.300000,0.000000,0.470758
0.400000,0.600000,-0.500000,-0.300000,0.000000,0.470147
0.400000,0.600000,-0.500000,-0.300000,0.000000,0.469536
0.400000,0.600000,-0.500000,-0.300000,0.000000,0.468925
0.400000,0.600000,-0.500000,-0.300000,0.000000,0.468313
0.400000,0.600000,-0.500000,-0.300000,0.000000,0.467701
0.400000,0.600000,-0.500000,-0.300000,0.000000,0.467089
0.400000,0.600000,-0.500000,-0.300000,0.000000,0.466476
0.400000,0.600000,-0.500000,-0.300000,0.000000,0.465863
0.400000,0.600000,-0.500000,-0.300000,0.000000,0.465250
0.400000,0.600000,-0.500000,-0.300000,0.000000,0.464637
0.400000,0.600000,-0.500000,-0.300000,0.000000,0.464023
0.400000,0.600000,-0.500000,-0.300000,0.000000,0.463409
0.400000,0.600000,-0.500000,-0.300000,0.000000,0.462794
0.400000,0.600000,-0.500000,-0.300000,0.000000,0.462180
0.400000,0.600000,-0.500000,-0.300000,0.000000,0.461565
0.400000,0.600000,-0.500000,-0.300000,0.000000,0.460950
0.400000,0.600000,-0.500000,-0.300000,0.000000,0.460334
0.400000,0.600000,-0.500000,-0.300000,0.000000,0.459719
0.400000,0.600000,-0.500000,-0.300000,0.000000,0.459103
0.400000,0.600000,-0.500000,-0.300000,0.000000,0.458487
0.400000,0.600000,-0.500000,-0.300000,0.000000,0.457870
0.400000,0.600000,-0.500000,-0.300000,0.000000,0.457253
0.400000,0.600000,-0.500000,-0.300000,0.000000,0.456637
0.400000,0.600000,-0.500000,-0.300000,0.000000,0.456019
0.400000,0.600000,-0.500000,-0.300000,0.000000,0.455402
0.400000,0.600000,-0.500000,-0.300000,0.000000,0.454784
0.400000,0.600000,-0.500000,-0.300000,0.000000,0.454166
0.400000,0.600000,-0.500000,-0.300000,0.000000,0.453548
0.400000,0.600000,-0.500000,-0.300000,0.000000,0.452930
0.400000,0.600000,-0.500000,-0.300000,0.000000,0.452311
0.400000,0.600000,-0.500000,-0.300000,0.000000,0.451692
0.400000,0.600000,-0.500000,-0.300000,0.000000,0.451073
0.400000,0.600000,-0.500000,-0.300000,0.000000,0.450454
0.400000,0.600000,-0.500000,-0.300000,0.000000,0.449834
0.400000,0.600000,-0.500000,-0.300000,0.000000,0.449214
0.400000,0.600000,-0.500000,-0.300000,0.000000,0.448594
0.400000,0.600000,-0.500000,-0.300000,0.000000,0.447974
0.400000,0.600000,-0.500000,-0.300000,0.000000,0.447354
0.400000,0.600000,-0.500000,-0.300000,0.000000,0.446733
0.400000,0.600000,-0.500000,-0.300000,0.000000,0.446112
0.400000,0.600000,-0.500000,-0.300000,0.000000,0.445491
0.400000,0.600000,-0.500000,-0.300000,0.000000,0.444870
0.400000,0.600000,-0.500000,-0.300000,0.000000,0.444249
0.400000,0.600000,-0.500000,-0.300000,0.000000,0.443627
0.400000,0.600000,-0.500000,-0.300000,0.000000,0.443005
0.400000,0.600000,-0.500000,-0.300000,0.000000,0.442383
0.400000,0.600000,-0.500000,-0.300000,0.000000,0.441761
0.400000,0.600000,-0.500000,-0.300000,0.000000,0.441139
0.400000,0.600000,-0.500000,-0.300000,0.000000,0.440516
0.400000,0.600000,-0.500000,-0.300000,0.000000,0.439894
0.400000,0.600000,-0.500000,-0.300000,0.000000,0.439271
0.400000,0.600000,-0.500000,-0.300000,0.000000,0.438648
0.400000,0.600000,-0.500000,-0.300000,0.000000,0.438024
0.400000,0.600000,-0.500000,-0.300000,0.000000,0.437401
0.400000,0.600000,-0.500000,-0.300000,0.000000,0.436778
0.400000,0.600000,-0.500000,-0.300000,0.000000,0.436154
0.400000,0.600000,-0.500000,-0.300000,0.000000,0.435530
0.400000,0.600000,-0.500000,-0.300000,0.000000,0.434906
0.400000,0.600000,-0.500000,-0.300000,0.000000,0.434282
0.400000,0.600000,-0.500000,-0.300000,0.000000,0.433657
0.400000,0.600000,-0.500000,-0.300000,0.000000,0.433033
0.400000,0.600000,-0.500000,-0.300000,0.000000,0.432408
0.400000,0.600000,-0.500000,-0.300000,0.000000,0.431783
0.400000,0.600000,-0.500000,-0.300000,0.000000,0.431159
0.400000,0.600000,-0.500000,-0.300000,0.000000,0.430534
0.400000,0.600000,-0.500000,-0.300000,0.000000,0.429908
0.400000,0.600000,-0.500000,-0.300000,0.000000,0.429283
0.400000,0.600000,-0.500000,-0.300000,0.000000,0.428658
0.400000,0.600000,-0.500000,-0.300000,0.000000,0.428032
0.400000,0.600000,-0.500000,-0.300000,0.000000,0.427406
0.400000,0.600000,-0.500000,-0.300000,0.000000,0.426780
0.400000,0.600000,-0.500000,-0.300000,0.000000,0.426155
0.400000,0.600000,-0.500000,-0.300000,0.000000,0.425529
0.400000,0.600000,-0.500000,-0.300000,0.000000,0.424902
0.400000,0.600000,-0.500000,-0.300000,0.000000,0.424276
0.400000,0.600000,-0.500000,-0.300000,0.000000,0.423650
0.400000,0.600000,-0.500000,-0.300000,0.000000,0.423023
0.400000,0.600000,-0.500000,-0.300000,0.000000,0.422397
0.400000,0.600000,-0.500000,-0.300000,0.000000,0.421770
0.400000,0.600000,-0.500000,-0.300000,0.000000,0.421143
0.400000,0.600000,-0.500000,-0.300000,0.000000,0.420516
0.400000,0.600000,-0.500000,-0.300000,0.000000,0.419889
0.400000,0.600000,-0.500000,-0.300000,0.000000,0.419262
0.400000,0.600000,-0.500000,-0.300000,0.000000,0.418635
0.400000,0.600000,-0.500000,-0.300000,0.000000,0.418008
0.400000,0.600000,-0.500000,-0.300000,0.000000,0.417381
0.400000,0.600000,-0.500000,-0.300000,0.000000,0.416753
0.400000,0.600000,-0.500000,-0.300000,0.000000,0.416126
0.400000,0.600000,-0.500000,-0.300000,0.000000,0.415498
0.400000,0.600000,-0.500000,-0.300000,0.000000,0.414871
0.400000,0.600000,-0.500000,-0.300000,0.000000,0.414243
0.400000,0.600000,-0.500000,-0.300000,0.000000,0.413615
0.400000,0.600000,-0.500000,-0.300000,0.000000,0.412988
0.400000,0.600000,-0.500000,-0.300000,0.000000,0.412360
0.400000,0.600000,-0.500000,-0.300000,0.000000,0.411732
0.400000,0.600000,-0.500000,-0.300000,0.000000,0.411104
0.400000,0.600000,-0.500000,-0.300000,0.000000,0.410476
0.400000,0.600000,-0.500000,-0.300000,0.000000,0.409848
0.400000,0.600000,-0.500000,-0.300000,0.000000,0.409220
0.400000,0.600000,-0.500000,-0.300000,0.000000,0.408592
0.400000,0.600000,-0.500000,-0.300000,0.000000,0.407964
0.400000,0.600000,-0.500000,-0.300000,0.000000,0.407336
0.400000,0.600000,-0.500000,-0.300000,0.000000,0.406707
0.400000,0.600000,-0.500000,-0.300000,0.000000,0.406079
0.400000,0.600000,-0.500000,-0.300000,0.000000,0.405451
0.400000,0.600000,-0.500000,-0.300000,0.000000,0.404823
0.400000,0.600000,-0.500000,-0.300000,0.000000,0.404194
0.400000,0.600000,-0.500000,-0.300000,0.000000,0.403566
0.400000,0.600000,-0.500000,-0.300000,0.000000,0.402938
0.400000,0.600000,-0.500000,-0.300000,0.000000,0.402309
0.400000,0.600000,-0.500000,-0.300000,0.000000,0.401681
0.400000,0.600000,-0.500000,-0.300000,0.000000,0.401053
0.400000,0.600000,-0.500000,-0.300000,0.000000,0.400424
0.400000,0.600000,-0.500000,-0.300000,0.000000,0.399796
0.400000,0.600000,-0.500000,-0.300000,0.000000,0.399167
0.400000,0.600000,-0.500000,-0.300000,0.000000,0.398539
0.400000,0.600000,-0.500000,-0.300000,0.000000,0.397911
0.400000,0.600000,-0.500000,-0.300000,0.000000,0.397282
0.400000,0.600000,-0.500000,-0.300000,0.000000,0.396654
0.400000,0.600000,-0.500000,-0.300000,0.000000,0.396026
0.400000,0.600000,-0.500000,-0.300000,0.000000,0.395397
0.400000,0.600000,-0.500000,-0.300000,0.000000,0.394769
0.400000,0.600000,-0.500000,-0.300000,0.000000,0.394141
0.400000,0.600000,-0.500000,-0.300000,0.000000,0.393512
0.400000,0.600000,-0.500000,-0.300000,0.000000,0.392884
0.400000,0.600000,-0.500000,-0.300000,0.000000,0.392256
0.400000,0.600000,-0.500000,-0.300000,0.000000,0.391628
0.400000,0.600000,-0.500000,-0.300000,0.000000,0.391000
0.400000,0.600000,-0.500000,-0.300000,0.000000,0.390372
0.400000,0.600000,-0.500000,-0.300000,0.000000,0.389744
0.400000,0.600000,-0.500000,-0.300000,0.000000,0.389116
0.400000,0.600000,-0.500000,-0.300000,0.000000,0.388488
0.400000,0.600000,-0.500000,-0.300000,0.000000,0.387860
0.400000,0.600000,-0.500000,-0.300000,0.000000,0.387232
0.400000,0.600000,-0.500000,-0.300000,0.000000,0.386604
0.400000,0.600000,-0.500000,-0.300000,0.000000,0.385976
0.400000,0.600000,-0.500000,-0.300000,0.000000,0.385349
0.400000,0.600000,-0.500000,-0.300000,0.000000,0.384721
0.400000,0.600000,-0.500000,-0.300000,0.000000,0.384094
0.400000,0.600000,-0.500000,-0.300000,0.000000,0.383466
0.400000,0.600000,-0.500000,-0.300000,0.000000,0.382839
0.400000,0.600000,-0.500000,-0.300000,0.000000,0.382212
0.400000,0.600000,-0.500000,-0.300000,0.000000,0.381584
0.400000,0.600000,-0.500000,-0.300000,0.000000,0.380957
0.400000,0.600000,-0.500000,-0.300000,0.000000,0.380330
0.400000,0.600000,-0.500000,-0.300000,0.000000,0.379703
0.400000,0.600000,-0.500000,-0.300000,0.000000,0.379076
0.400000,0.600000,-0.500000,-0.300000,0.000000,0.378449
0.400000,0.600000,-0.500000,-0.300000,0.000000,0.377823
0.400000,0.600000,-0.500000,-0.300000,0.000000,0.377196
0.400000,0.600000,-0.500000,-0.300000,0.000000,0.376570
0.400000,0.600000,-0.500000,-0.300000,0.000000,0.375943
0.400000,0.600000,-0.500000,-0.300000,0.000000,0.375317
0.400000,0.600000,-0.500000,-0.300000,0.000000,0.374691
0.400000,0.600000,-0.500000,-0.300000,0.000000,0.374065
0.400000,0.600000,-0.500000,-0.300000,0.000000,0.373439
0.400000,0.600000,-0.500000,-0.300000,0.000000,0.372813
0.400000,0.600000,-0.500000,-0.300000,0.000000,0.372187
0.400000,0.600000,-0.500000,-0.300000,0.000000,0.371561
0.400000,0.600000,-0.500000,-0.300000,0.000000,0.370936
0.400000,0.600000,-0.500000,-0.300000,0.000000,0.370311
0.400000,0.600000,-0.500000,-0.300000,0.000000,0.369685
0.400000,0.600000,-0.500000,-0.300000,0.000000,0.369060
0.400000,0.600000,-0.500000,-0.300000,0.000000,0.368435
0.400000,0.600000,-0.500000,-0.300000,0.000000,0.367810
0.400000,0.600000,-0.500000,-0.300000,0.000000,0.367186
0.400000,0.600000,-0.500000,-0.300000,0.000000,0.366561
0.400000,0.600000,-0.500000,-0.300000,0.000000,0.365937
0.400000,0.600000,-0.500000,-0.300000,0.000000,0.365313
0.400000,0.600000,-0.500000,-0.300000,0.000000,0.364688
0.400000,0.600000,-0.500000,-0.300000,0.000000,0.364065
0.400000,0.600000,-0.500000,-0.300000,0.000000,0.363441
0.400000,0.600000,-0.500000,-0.300000,0.000000,0.362817
0.400000,0.600000,-0.500000,-0.300000,0.000000,0.362194
0.400000,0.600000,-0.500000,-0.300000,0.000000,0.361570
0.400000,0.600000,-0.500000,-0.300000,0.000000,0.360947
0.400000,0.600000,-0.500000,-0.300000,0.000000,0.360324
0.400000,0.600000,-0.500000,-0.300000,0.000000,0.359702
0.400000,0.600000,-0.500000,-0.300000,0.000000,0.359079
0.400000,0.600000,-0.500000,-0.300000,0.000000,0.358457
0.400000,0.600000,-0.500000,-0.300000,0.000000,0.357834
0.400000,0.600000,-0.500000,-0.300000,0.000000,0.357212
0.400000,0.600000,-0.500000,-0.300000,0.000000,0.356590
0.400000,0.600000,-0.500000,-0.300000,0.000000,0.355969
0.400000,0.600000,-0.500000,-0.300000,0.000000,0.355347
0.400000,0.600000,-0.500000,-0.300000,0.000000,0.354726
0.400000,0.600000,-0.500000,-0.300000,0.000000,0.354105
0.400000,0.600000,-0.500000,-0.300000,0.000000,0.353484
0.400000,0.600000,-0.500000,-0.300000,0.000000,0.352863
0.400000,0.600000,-0.500000,-0.300000,0.000000,0.352243
0.400000,0.600000,-0.500000,-0.300000,0.000000,0.351623
0.400000,0.600000,-0.500000,-0.300000,0.000000,0.351003
0.400000,0.600000,-0.500000,-0.300000,0.000000,0.350383
0.400000,0.600000,-0.500000,-0.300000,0.000000,0.349763
0.400000,0.600000,-0.500000,-0.300000,0.000000,0.349144
0.400000,0.600000,-0.500000,-0.300000,0.000000,0.348524
0.400000,0.600000,-0.500000,-0.300000,0.000000,0.347906
0.400000,0.600000,-0.500000,-0.300000,0.000000,0.347287
0.400000,0.600000,-0.500000,-0.300000,0.000000,0.346668
0.400000,0.600000,-0.500000,-0.300000,0.000000,0.346050
0.400000,0.600000,-0.500000,-0.300000,0.000000,0.345432
0.400000,0.600000,-0.500000,-0.300000,0.000000,0.344814
0.400000,0.600000,-0.500000,-0.300000,0.000000,0.344197
0.400000,0.600000,-0.500000,-0.300000,0.000000,0.343579
0.400000,0.600000,-0.500000,-0.300000,0.000000,0.342962
0.400000,0.600000,-0.500000,-0.300000,0.000000,0.342346
0.400000,0.600000,-0.500000,-0.300000,0.000000,0.341729
0.400000,0.600000,-0.500000,-0.300000,0.000000,0.341113
0.400000,0.600000,-0.500000,-0.300000,0.000000,0.340497
0.400000,0.600000,-0.500000,-0.300000,0.000000,0.339881
0.400000,0.600000,-0.500000,-0.300000,0.000000,0.339265
0.400000,0.600000,-0.500000,-0.300000,0.000000,0.338650
0.400000,0.600000,-0.500000,-0.300000,0.000000,0.338035
0.400000,0.600000,-0.500000,-0.300000,0.000000,0.337421
0.400000,0.600000,-0.500000,-0.300000,0.000000,0.336806
0.400000,0.600000,-0.500000,-0.300000,0.000000,0.336192
0.400000,0.600000,-0.500000,-0.300000,0.000000,0.335578
0.400000,0.600000,-0.500000,-0.300000,0.000000,0.334965
0.400000,0.600000,-0.500000,-0.300000,0.000000,0.334351
0.400000,0.600000,-0.500000,-0.300000,0.000000,0.333738
0.400000,0.600000,-0.500000,-0.300000,0.000000,0.333126
0.400000,0.600000,-0.500000,-0.300000,0.000000,0.332513
0.400000,0.600000,-0.500000,-0.300000,0.000000,0.331901
0.400000,0.600000,-0.500000,-0.300000,0.000000,0.331289
0.400000,0.600000,-0.500000,-0.300000,0.000000,0.330678
0.400000,0.600000,-0.500000,-0.300000,0.000000,0.330066
0.400000,0.600000,-0.500000,-0.300000,0.000000,0.329456
0.400000,0.600000,-0.500000,-0.300000,0.000000,0.328845
0.400000,0.600000,-0.500000,-0.300000,0.000000,0.328235
0.400000,0.600000,-0.500000,-0.300000,0.000000,0.327625
0.400000,0.600000,-0.500000,-0.300000,0.000000,0.327015
0.400000,0.600000,-0.500000,-0.300000,0.000000,0.326406
0.400000,0.600000,-0.500000,-0.300000,0.000000,0.325797
0.400000,0.600000,-0.500000,-0.300000,0.000000,0.325188
0.400000,0.600000,-0.500000,-0.300000,0.000000,0.324580
0.400000,0.600000,-0.500000,-0.300000,0.000000,0.323972
0.400000,0.600000,-0.500000,-0.300000,0.000000,0.323364
0.400000,0.600000,-0.500000,-0.300000,0.000000,0.322756
0.400000,0.600000,-0.500000,-0.300000,0.000000,0.322149
0.400000,0.600000,-0.500000,-0.300000,0.000000,0.321543
0.400000,0.600000,-0.500000,-0.300000,0.000000,0.320936
0.400000,0.600000,-0.500000,-0.300000,0.000000,0.320330
0.400000,0.600000,-0.500000,-0.300000,0.000000,0.319725
0.400000,0.600000,-0.500000,-0.300000,0.000000,0.319120
0.400000,0.600000,-0.500000,-0.300000,0.000000,0.318515
0.400000,0.600000,-0.500000,-0.300000,0.000000,0.317910
0.400000,0.600000,-0.500000,-0.300000,0.000000,0.317306
0.400000,0.600000,-0.500000,-0.300000,0.000000,0.316702
0.400000,0.600000,-0.500000,-0.300000,0.000000,0.316098
0.400000,0.600000,-0.500000,-0.300000,0.000000,0.315495
0.400000,0.600000,-0.500000,-0.300000,0.000000,0.314893
0.400000,0.600000,-0.500000,-0.300000,0.000000,0.314290
0.400000,0.600000,-0.500000,-0.300000,0.000000,0.313688
0.400000,0.600000,-0.500000,-0.300000,0.000000,0.313087
0.400000,0.600000,-0.500000,-0.300000,0.000000,0.312485
0.400000,0.600000,-0.500000,-0.300000,0.000000,0.311884
0.400000,0.600000,-0.500000,-0.300000,0.000000,0.311284
0.400000,0.600000,-0.500000,-0.300000,0.000000,0.310684
0.400000,0.600000,-0.500000,-0.300000,0.000000,0.310084
0.400000,0.600000,-0.500000,-0.300000,0.000000,0.309485
0.400000,0.600000,-0.500000,-0.300000,0.000000,0.308886
0.400000,0.600000,-0.500000,-0.300000,0.000000,0.308288
0.400000,0.600000,-0.500000,-0.300000,0.000000,0.307689
0.400000,0.600000,-0.500000,-0.300000,0.000000,0.307092
0.400000,0.600000,-0.500000,-0.300000,0.000000,0.306494
0.400000,0.600000,-0.500000,-0.300000,0.000000,0.305898
0.400000,0.600000,-0.500000,-0.300000,0.000000,0.305301
0.400000,0.600000,-0.500000,-0.300000,0.000000,0.304705
0.400000,0.600000,-0.500000,-0.300000,0.000000,0.304109
0.400000,0.600000,-0.500000,-0.300000,0.000000,0.303514
0.400000,0.600000,-0.500000,-0.300000,0.000000,0.302919
0.400000,0.600000,-0.500000,-0.300000,0.000000,0.302325
0.400000,0.600000,-0.500000,-0.300000,0.000000,0.301731
0.400000,0.600000,-0.500000,-0.300000,0.000000,0.301138
0.400000,0.600000,-0.500000,-0.300000,0.000000,0.300545
0.400000,0.600000,-0.500000,-0.300000,0.000000,0.299952
0.400000,0.600000,-0.500000,-0.300000,0.000000,0.299360
0.400000,0.600000,-0.500000,-0.300000,0.000000,0.298768
0.400000,0.600000,-0.500000,-0.300000,0.000000,0.298177
0.400000,0.600000,-0.500000,-0.300000,0.000000,0.297586
0.400000,0.600000,-0.500000,-0.300000,0.000000,0.296995
0.400000,0.600000,-0.500000,-0.300000,0.000000,0.296406
0.400000,0.600000,-0.500000,-0.300000,0.000000,0.295816
0.400000,0.600000,-0.500000,-0.300000,0.000000,0.295227
0.400000,0.600000,-0.500000,-0.300000,0.000000,0.294638
0.400000,0.600000,-0.500000,-0.300000,0.000000,0.294050
0.400000,0.600000,-0.500000,-0.300000,0.000000,0.293463
0.400000,0.600000,-0.500000,-0.300000,0.000000,0.292875
0.400000,0.600000,-0.500000,-0.300000,0.000000,0.292289
0.400000,0.600000,-0.500000,-0.300000,0.000000,0.291702
0.400000,0.600000,-0.500000,-0.300000,0.000000,0.291117
0.400000,0.600000,-0.500000,-0.300000,0.000000,0.290531
0.400000,0.600000,-0.500000,-0.300000,0.000000,0.289947
0.400000,0.600000,-0.500000,-0.300000,0.000000,0.289362
0.400000,0.600000,-0.500000,-0.300000,0.000000,0.288778
0.400000,0.600000,-0.500000,-0.300000,0.000000,0.288195
0.400000,0.600000,-0.500000,-0.300000,0.000000,0.287612
0.400000,0.600000,-0.500000,-0.300000,0.000000,0.287030
0.400000,0.600000,-0.500000,-0.300000,0.000000,0.286448
0.400000,0.600000,-0.500000,-0.300000,0.000000,0.285867
0.400000,0.600000,-0.500000,-0.300000,0.000000,0.285286
0.400000,0.600000,-0.500000,-0.300000,0.000000,0.284705
0.400000,0.600000,-0.500000,-0.300000,0.000000,0.284125
0.400000,0.600000,-0.500000,-0.300000,0.000000,0.283546
0.400000,0.600000,-0.500000,-0.300000,0.000000,0.282967
0.400000,0.600000,-0.500000,-0.300000,0.000000,0.282389
0.400000,0.600000,-0.500000,-0.300000,0.000000,0.281811
0.400000,0.600000,-0.500000,-0.300000,0.000000,0.281234
0.400000,0.600000,-0.500000,-0.300000,0.000000,0.280657
0.400000,0.600000,-0.500000,-0.300000,0.000000,0.280081
0.400000,0.600000,-0.500000,-0.300000,0.000000,0.279505
0.400000,0.600000,-0.500000,-0.300000,0.000000,0.278930
0.400000,0.600000,-0.500000,-0.300000,0.000000,0.278355
0.400000,0.600000,-0.500000,-0.300000,0.000000,0.277781
0.400000,0.600000,-0.500000,-0.300000,0.000000,0.277207
0.400000,0.600000,-0.500000,-0.300000,0.000000,0.276634
0.400000,0.600000,-0.500000,-0.300000,0.000000,0.276062
0.400000,0.600000,-0.500000,-0.300000,0.000000,0.275490
0.400000,0.600000,-0.500000,-0.300000,0.000000,0.274918
0.400000,0.600000,-0.500000,-0.300000,0.000000,0.274348
0.400000,0.600000,-0.500000,-0.300000,0.000000,0.273777
0.400000,0.600000,-0.500000,-0.300000,0.000000,0.273207
0.400000,0.600000,-0.500000,-0.300000,0.000000,0.272638
0.400000,0.600000,-0.500000,-0.300000,0.000000,0.272070
0.400000,0.600000,-0.500000,-0.300000,0.000000,0.271501
0.400000,0.600000,-0.500000,-0.300000,0.000000,0.270934
0.400000,0.600000,-0.500000,-0.300000,0.000000,0.270367
0.400000,0.600000,-0.500000,-0.300000,0.000000,0.269801
0.400000,0.600000,-0.500000,-0.300000,0.000000,0.269235
0.400000,0.600000,-0.500000,-0.300000,0.000000,0.268669
0.400000,0.600000,-0.500000,-0.300000,0.000000,0.268105
0.400000,0.600000,-0.500000,-0.300000,0.000000,0.267541
0.400000,0.600000,-0.500000,-0.300000,0.000000,0.266977
0.400000,0.600000,-0.500000,-0.300000,0.000000,0.266414
0.400000,0.600000,-0.500000,-0.300000,0.000000,0.265852
0.400000,0.600000,-0.500000,-0.300000,0.000000,0.265290
0.400000,0.600000,-0.500000,-0.300000,0.000000,0.264729
0.400000,0.600000,-0.500000,-0.300000,0.000000,0.264168
0.400000,0.600000,-0.500000,-0.300000,0.000000,0.263608
0.400000,0.600000,-0.500000,-0.300000,0.000000,0.263049
0.400000,0.600000,-0.500000,-0.300000,0.000000,0.262490
0.400000,0.600000,-0.500000,-0.300000,0.000000,0.261932
0.400000,0.600000,-0.500000,-0.300000,0.000000,0.261374
0.400000,0.600000,-0.500000,-0.300000,0.000000,0.260817
0.400000,0.600000,-0.500000,-0.300000,0.000000,0.260261
0.400000,0.600000,-0.500000,-0.300000,0.000000,0.259705
0.400000,0.600000,-0.500000,-0.300000,0.000000,0.259150
0.400000,0.600000,-0.500000,-0.300000,0.000000,0.258596
0.400000,0.600000,-0.500000,-0.300000,0.000000,0.258042
0.400000,0.600000,-0.500000,-0.300000,0.000000,0.257489
0.400000,0.600000,-0.500000,-0.300000,0.000000,0.256936
0.400000,0.600000,-0.500000,-0.300000,0.000000,0.256384
0.400000,0.600000,-0.500000,-0.300000,0.000000,0.255833
0.400000,0.600000,-0.500000,-0.300000,0.000000,0.255282
0.400000,0.600000,-0.500000,-0.300000,0.000000,0.254732
0.400000,0.600000,-0.500000,-0.300000,0.000000,0.254182
0.400000,0.600000,-0.500000,-0.300000,0.000000,0.253633
0.400000,0.600000,-0.500000,-0.300000,0.000000,0.253085
0.400000,0.600000,-0.500000,-0.300000,0.000000,0.252538
0.400000,0.600000,-0.500000,-0.300000,0.000000,0.251991
0.400000,0.600000,-0.500000,-0.300000,0.000000,0.251444
0.400000,0.600000,-0.500000,-0.300000,0.000000,0.250899
0.400000,0.600000,-0.500000,-0.300000,0.000000,0.250354
0.400000,0.600000,-0.500000,-0.300000,0.000000,0.249810
0.400000,0.600000,-0.500000,-0.300000,0.000000,0.249266
0.400000,0.600000,-0.500000,-0.300000,0.000000,0.248723
0.400000,0.600000,-0.500000,-0.300000,0.000000,0.248181
0.400000,0.600000,-0.500000,-0.300000,0.000000,0.247639
0.400000,0.600000,-0.500000,-0.300000,0.000000,0.247098
0.400000,0.600000,-0.500000,-0.300000,0.000000,0.246558
0.400000,0.600000,-0.500000,-0.300000,0.000000,0.246018
0.400000,0.600000,-0.500000,-0.300000,0.000000,0.245479
0.400000,0.600000,-0.500000,-0.300000,0.000000,0.244941
0.400000,0.600000,-0.500000,-0.300000,0.000000,0.244403
0.400000,0.600000,-0.500000,-0.300000,0.000000,0.243866
0.400000,0.600000,-0.500000,-0.300000,0.000000,0.243330
0.400000,0.600000,-0.500000,-0.300000,0.000000,0.242795
0.400000,0.600000,-0.500000,-0.300000,0.000000,0.242260
0.400000,0.600000,-0.500000,-0.300000,0.000000,0.241726
0.400000,0.600000,-0.500000,-0.300000,0.000000,0.241192
0.400000,0.600000,-0.500000,-0.300000,0.000000,0.240659
0.400000,0.600000,-0.500000,-0.300000,0.000000,0.240127
0.400000,0.600000,-0.500000,-0.300000,0.000000,0.239596
0.400000,0.600000,-0.500000,-0.300000,0.000000,0.239065
0.400000,0.600000,-0.500000,-0.300000,0.000000,0.238535
0.400000,0.600000,-0.500000,-0.300000,0.000000,0.238006
0.400000,0.600000,-0.500000,-0.300000,0.000000,0.237478
0.400000,0.600000,-0.500000,-0.300000,0.000000,0.236950
0.400000,0.600000,-0.500000,-0.300000,0.000000,0.236423
0.400000,0.600000,-0.500000,-0.300000,0.000000,0.235896
0.400000,0.600000,-0.500000,-0.300000,0.000000,0.235370
0.400000,0.600000,-0.500000,-0.300000,0.000000,0.234846
0.400000,0.600000,-0.500000,-0.300000,0.000000,0.234321
0.400000,0.600000,-0.500000,-0.300000,0.000000,0.233798
0.400000,0.600000,-0.500000,-0.300000,0.000000,0.233275
0.400000,0.600000,-0.500000,-0.300000,0.000000,0.232753
0.400000,0.600000,-0.500000,-0.300000,0.000000,0.232232
0.400000,0.600000,-0.500000,-0.300000,0.000000,0.231711
0.400000,0.600000,-0.500000,-0.300000,0.000000,0.231191
0.400000,0.600000,-0.500000,-0.300000,0.000000,0.230672
0.400000,0.600000,-0.500000,-0.300000,0.000000,0.230154
0.400000,0.600000,-0.500000,-0.300000,0.000000,0.229636
0.400000,0.600000,-0.500000,-0.300000,0.000000,0.229119
0.400000,0.600000,-0.500000,-0.300000,0.000000,0.228603
0.400000,0.600000,-0.500000,-0.300000,0.000000,0.228088
0.400000,0.600000,-0.500000,-0.300000,0.000000,0.227573
0.400000,0.600000,-0.500000,-0.300000,0.000000,0.227060
0.400000,0.600000,-0.500000,-0.300000,0.000000,0.226546
0.400000,0.600000,-0.500000,-0.300000,0.000000,0.226034
0.400000,0.600000,-0.500000,-0.300000,0.000000,0.225523
0.400000,0.600000,-0.500000,-0.300000,0.000000,0.225012
0.400000,0.600000,-0.500000,-0.300000,0.000000,0.224502
0.400000,0.600000,-0.500000,-0.300000,0.000000,0.223992
0.400000,0.600000,-0.500000,-0.300000,0.000000,0.223484
0.400000,0.600000,-0.500000,-0.300000,0.000000,0.222976
0.400000,0.600000,-0.500000,-0.300000,0.000000,0.222469
0.400000,0.600000,-0.500000,-0.300000,0.000000,0.221963
0.400000,0.600000,-0.500000,-0.300000,0.000000,0.221458
0.400000,0.600000,-0.500000,-0.300000,0.000000,0.220953
0.400000,0.600000,-0.500000,-0.300000,0.000000,0.220449
0.400000,0.600000,-0.500000,-0.300000,0.000000,0.219946
0.400000,0.600000,-0.500000,-0.300000,0.000000,0.219444
0.400000,0.600000,-0.500000,-0.300000,0.000000,0.218943
0.400000,0.600000,-0.500000,-0.300000,0.000000,0.218442
0.400000,0.600000,-0.500000,-0.300000,0.000000,0.217942
0.400000,0.600000,-0.500000,-0.300000,0.000000,0.217443
0.400000,0.600000,-0.500000,-0.300000,0.000000,0.216945
0.400000,0.600000,-0.500000,-0.300000,0.000000,0.216448
0.400000,0.600000,-0.500000,-0.300000,0.000000,0.215951
0.400000,0.600000,-0.500000,-0.300000,0.000000,0.215455
0.400000,0.600000,-0.500000,-0.300000,0.000000,0.214960
0.400000,0.600000,-0.500000,-0.300000,0.000000,0.214466
0.400000,0.600000,-0.500000,-0.300000,0.000000,0.213972
0.400000,0.600000,-0.500000,-0.300000,0.000000,0.213480
0.400000,0.600000,-0.500000,-0.300000,0.000000,0.212988
0.400000,0.600000,-0.500000,-0.300000,0.000000,0.212497
0.400000,0.600000,-0.500000,-0.300000,0.000000,0.212007
0.400000,0.600000,-0.500000,-0.300000,0.000000,0.211518
0.400000,0.600000,-0.500000,-0.300000,0.000000,0.211029
0.400000,0.600000,-0.500000,-0.300000,0.000000,0.210542
0.400000,0.600000,-0.500000,-0.300000,0.000000,0.210055
0.400000,0.600000,-0.500000,-0.300000,0.000000,0.209569
0.400000,0.600000,-0.500000,-0.300000,0.000000,0.209084
0.400000,0.600000,-0.500000,-0.300000,0.000000,0.208600
0.400000,0.600000,-0.500000,-0.300000,0.000000,0.208116
0.400000,0.600000,-0.500000,-0.300000,0.000000,0.207633
0.400000,0.600000,-0.500000,-0.300000,0.000000,0.207152
0.400000,0.600000,-0.500000,-0.300000,0.000000,0.206671
0.400000,0.600000,-0.500000,-0.300000,0.000000,0.206191
0.400000,0.600000,-0.500000,-0.300000,0.000000,0.205711
0.400000,0.600000,-0.500000,-0.300000,0.000000,0.205233
0.400000,0.600000,-0.500000,-0.300000,0.000000,0.204756
0.400000,0.600000,-0.500000,-0.300000,0.000000,0.204279
0.400000,0.600000,-0.500000,-0.300000,0.000000,0.203803
0.400000,0.600000,-0.500000,-0.300000,0.000000,0.203328
0.400000,0.600000,-0.500000,-0.300000,0.000000,0.202854
0.400000,0.600000,-0.500000,-0.300000,0.000000,0.202381
0.400000,0.600000,-0.500000,-0.300000,0.000000,0.201909
0.400000,0.600000,-0.500000,-0.300000,0.000000,0.201437
0.400000,0.600000,-0.500000,-0.300000,0.000000,0.200966
0.400000,0.600000,-0.500000,-0.300000,0.000000,0.200497
0.400000,0.600000,-0.500000,-0.300000,0.000000,0.200028
0.400000,0.600000,-0.500000,-0.300000,0.000000,0.199560
0.400000,0.600000,-0.500000,-0.300000,0.000000,0.199093
0.400000,0.600000,-0.500000,-0.300000,0.000000,0.198627
0.400000,0.600000,-0.500000,-0.300000,0.000000,0.198161
0.400000,0.600000,-0.500000,-0.300000,0.000000,0.197697
0.400000,0.600000,-0.500000,-0.300000,0.000000,0.197233
0.400000,0.600000,-0.500000,-0.300000,0.000000,0.196771
0.400000,0.600000,-0.500000,-0.300000,0.000000,0.196309
0.400000,0.600000,-0.500000,-0.300000,0.000000,0.195848
0.400000,0.600000,-0.500000,-0.300000,0.000000,0.195388
0.400000,0.600000,-0.500000,-0.300000,0.000000,0.194929
0.400000,0.600000,-0.500000,-0.300000,0.000000,0.194471
0.400000,0.600000,-0.500000,-0.300000,0.000000,0.194013
0.400000,0.600000,-0.500000,-0.300000,0.000000,0.193557
0.400000,0.600000,-0.500000,-0.300000,0.000000,0.193101
0.400000,0.600000,-0.500000,-0.300000,0.000000,0.192647
0.400000,0.600000,-0.500000,-0.300000,0.000000,0.192193
0.400000,0.600000,-0.500000,-0.300000,0.000000,0.191740
0.400000,0.600000,-0.500000,-0.300000,0.000000,0.191289
0.400000,0.600000,-0.500000,-0.300000,0.000000,0.190838
0.400000,0.600000,-0.500000,-0.300000,0.000000,0.190388
0.400000,0.600000,-0.500000,-0.300000,0.000000,0.189939
0.400000,0.600000,-0.500000,-0.300000,0.000000,0.189490
0.400000,0.600000,-0.500000,-0.300000,0.000000,0.189043
0.400000,0.600000,-0.500000,-0.300000,0.000000,0.188597
0.400000,0.600000,-0.500000,-0.300000,0.000000,0.188151
0.400000,0.600000,-0.500000,-0.300000,0.000000,0.187707
0.400000,0.600000,-0.500000,-0.300000,0.000000,0.187263
0.400000,0.600000,-0.500000,-0.300000,0.000000,0.186821
0.400000,0.600000,-0.500000,-0.300000,0.000000,0.186379
0.400000,0.600000,-0.500000,-0.300000,0.000000,0.185938
0.400000,0.600000,-0.500000,-0.300000,0.000000,0.185499
0.400000,0.600000,-0.500000,-0.300000,0.000000,0.185060
0.400000,0.600000,-0.500000,-0.300000,0.000000,0.184622
0.400000,0.600000,-0.500000,-0.300000,0.000000,0.184185
0.400000,0.600000,-0.500000,-0.300000,0.000000,0.183749
0.400000,0.600000,-0.500000,-0.300000,0.000000,0.183314
0.400000,0.600000,-0.500000,-0.300000,0.000000,0.182880
0.400000,0.600000,-0.500000,-0.300000,0.000000,0.182447
0.400000,0.600000,-0.500000,-0.300000,0.000000,0.182014
0.400000,0.600000,-0.500000,-0.300000,0.000000,0.181583
0.400000,0.600000,-0.500000,-0.300000,0.000000,0.181153
0.400000,0.600000,-0.500000,-0.300000,0.000000,0.180724
0.400000,0.600000,-0.500000,-0.300000,0.000000,0.180295
0.400000,0.600000,-0.500000,-0.300000,0.000000,0.179868
0.400000,0.600000,-0.500000,-0.300000,0.000000,0.179441
0.400000,0.600000,-0.500000,-0.300000,0.000000,0.179016
0.400000,0.600000,-0.500000,-0.300000,0.000000,0.178591
0.400000,0.600000,-0.500000,-0.300000,0.000000,0.178168
0.400000,0.600000,-0.500000,-0.300000,0.000000,0.177745
0.400000,0.600000,-0.500000,-0.300000,0.000000,0.177324
0.400000,0.600000,-0.500000,-0.300000,0.000000,0.176903
0.400000,0.600000,-0.500000,-0.300000,0.000000,0.176484
0.400000,0.600000,-0.500000,-0.300000,0.000000,0.176065
0.400000,0.600000,-0.500000,-0.300000,0.000000,0.175647
0.400000,0.600000,-0.500000,-0.300000,0.000000,0.175231
0.400000,0.600000,-0.500000,-0.300000,0.000000,0.174815
0.400000,0.600000,-0.500000,-0.300000,0.000000,0.174400
0.400000,0.600000,-0.500000,-0.300000,0.000000,0.173986
0.400000,0.600000,-0.500000,-0.300000,0.000000,0.173574
0.400000,0.600000,-0.500000,-0.300000,0.000000,0.173162
0.400000,0.600000,-0.500000,-0.300000,0.000000,0.172751
0.400000,0.600000,-0.500000,-0.300000,0.000000,0.172342
0.400000,0.600000,-0.500000,-0.300000,0.000000,0.171933
0.400000,0.600000,-0.500000,-0.300000,0.000000,0.171525
0.400000,0.600000,-0.500000,-0.300000,0.000000,0.171118
0.400000,0.600000,-0.500000,-0.300000,0.000000,0.170713
0.400000,0.600000,-0.500000,-0.300000,0.000000,0.170308
0.400000,0.600000,-0.500000,-0.300000,0.000000,0.169904
0.400000,0.600000,-0.500000,-0.300000,0.000000,0.169501
0.400000,0.600000,-0.500000,-0.300000,0.000000,0.169100
0.400000,0.600000,-0.500000,-0.300000,0.000000,0.168699
0.400000,0.600000,-0.500000,-0.300000,0.000000,0.168299
0.400000,0.600000,-0.500000,-0.300000,0.000000,0.167901
0.400000,0.600000,-0.500000,-0.300000,0.000000,0.167503
0.400000,0.600000,-0.500000,-0.300000,0.000000,0.167107
0.400000,0.600000,-0.500000,-0.300000,0.000000,0.166711
0.400000,0.600000,-0.500000,-0.300000,0.000000,0.166316
0.400000,0.600000,-0.500000,-0.300000,0.000000,0.165923
0.400000,0.600000,-0.500000,-0.300000,0.000000,0.165530
0.400000,0.600000,-0.500000,-0.300000,0.000000,0.165139
0.400000,0.600000,-0.500000,-0.300000,0.000000,0.164748
0.400000,0.600000,-0.500000,-0.300000,0.000000,0.164359
0.400000,0.600000,-0.500000,-0.300000,0.000000,0.163971
0.400000,0.600000,-0.500000,-0.300000,0.000000,0.163583
0.400000,0.600000,-0.500000,-0.300000,0.000000,0.163197
0.400000,0.600000,-0.500000,-0.300000,0.000000,0.162812
0.400000,0.600000,-0.500000,-0.300000,0.000000,0.162427
0.400000,0.600000,-0.500000,-0.300000,0.000000,0.162044
0.400000,0.600000,-0.500000,-0.300000,0.000000,0.161662
0.400000,0.600000,-0.500000,-0.300000,0.000000,0.161281
0.400000,0.600000,-0.500000,-0.300000,0.000000,0.160901
0.400000,0.600000,-0.500000,-0.300000,0.000000,0.160522
0.400000,0.600000,-0.500000,-0.300000,0.000000,0.160144
0.400000,0.600000,-0.500000,-0.300000,0.000000,0.159767
0.400000,0.600000,-0.500000,-0.300000,0.000000,0.159391
0.400000,0.600000,-0.500000,-0.300000,0.000000,0.159016
0.400000,0.600000,-0.500000,-0.300000,0.000000,0.158643
0.400000,0.600000,-0.500000,-0.300000,0.000000,0.158270
0.400000,0.600000,-0.500000,-0.300000,0.000000,0.157898
0.400000,0.600000,-0.500000,-0.300000,0.000000,0.157528
0.400000,0.600000,-0.500000,-0.300000,0.000000,0.157158
0.400000,0.600000,-0.500000,-0.300000,0.000000,0.156790
0.400000,0.600000,-0.500000,-0.300000,0.000000,0.156423
0.400000,0.600000,-0.500000,-0.300000,0.000000,0.156056
0.400000,0.600000,-0.500000,-0.300000,0.000000,0.155691
0.400000,0.600000,-0.500000,-0.300000,0.000000,0.155327
0.400000,0.600000,-0.500000,-0.300000,0.000000,0.154964
0.400000,0.600000,-0.500000,-0.300000,0.000000,0.154602
0.400000,0.600000,-0.500000,-0.300000,0.000000,0.154241
0.400000,0.600000,-0.500000,-0.300000,0.000000,0.153881
0.400000,0.600000,-0.500000,-0.300000,0.000000,0.153522
0.400000,0.600000,-0.500000,-0.300000,0.000000,0.153165
0.400000,0.600000,-0.500000,-0.300000,0.000000,0.152808
0.400000,0.600000,-0.500000,-0.300000,0.000000,0.152452
0.400000,0.600000,-0.500000,-0.300000,0.000000,0.152098
0.400000,0.600000,-0.500000,-0.300000,0.000000,0.151745
0.400000,0.600000,-0.500000,-0.300000,0.000000,0.151392
0.400000,0.600000,-0.500000,-0.300000,0.000000,0.151041
0.400000,0.600000,-0.500000,-0.300000,0.000000,0.150691
0.400000,0.600000,-0.500000,-0.300000,0.000000,0.150342
0.400000,0.600000,-0.500000,-0.300000,0.000000,0.149994
0.400000,0.600000,-0.500000,-0.300000,0.000000,0.149648
0.400000,0.600000,-0.500000,-0.300000,0.000000,0.149302
0.400000,0.600000,-0.500000,-0.300000,0.000000,0.148957
0.400000,0.600000,-0.500000,-0.300000,0.000000,0.148614
0.400000,0.600000,-0.500000,-0.300000,0.000000,0.148271
0.400000,0.600000,-0.500000,-0.300000,0.000000,0.147930
0.400000,0.600000,-0.500000,-0.300000,0.000000,0.147590
0.400000,0.600000,-0.500000,-0.300000,0.000000,0.147251
0.400000,0.600000,-0.500000,-0.300000,0.000000,0.146913
0.400000,0.600000,-0.500000,-0.300000,0.000000,0.146576
0.400000,0.600000,-0.500000,-0.300000,0.000000,0.146240
0.400000,0.600000,-0.500000,-0.300000,0.000000,0.145906
0.400000,0.600000,-0.500000,-0.300000,0.000000,0.145572
0.400000,0.600000,-0.500000,-0.300000,0.000000,0.145240
0.400000,0.600000,-0.500000,-0.300000,0.000000,0.144909
0.400000,0.600000,-0.500000,-0.300000,0.000000,0.144578
0.400000,0.600000,-0.500000,-0.300000,0.000000,0.144249
0.400000,0.600000,-0.500000,-0.300000,0.000000,0.143922
0.400000,0.600000,-0.500000,-0.300000,0.000000,0.143595
0.400000,0.600000,-0.500000,-0.300000,0.000000,0.143269
0.400000,0.600000,-0.500000,-0.300000,0.000000,0.142945
0.400000,0.600000,-0.500000,-0.300000,0.000000,0.142621
0.400000,0.600000,-0.500000,-0.300000,0.000000,0.142299
0.400000,0.600000,-0.500000,-0.300000,0.000000,0.141978
0.400000,0.600000,-0.500000,-0.300000,0.000000,0.141658
0.400000,0.600000,-0.500000,-0.300000,0.000000,0.141339
0.400000,0.600000,-0.500000,-0.300000,0.000000,0.141021
0.400000,0.600000,-0.500000,-0.300000,0.000000,0.140704
0.400000,0.600000,-0.500000,-0.300000,0.000000,0.140389
0.400000,0.600000,-0.500000,-0.300000,0.000000,0.140075
0.400000,0.600000,-0.500000,-0.300000,0.000000,0.139761
0.400000,0.600000,-0.500000,-0.300000,0.000000,0.139449
0.400000,0.600000,-0.500000,-0.300000,0.000000,0.139138
0.400000,0.600000,-0.500000,-0.300000,0.000000,0.138829
0.400000,0.600000,-0.500000,-0.300000,0.000000,0.138520
0.400000,0.600000,-0.500000,-0.300000,0.000000,0.138213
0.400000,0.600000,-0.500000,-0.300000,0.000000,0.137906
0.400000,0.600000,-0.500000,-0.300000,0.000000,0.137601
0.400000,0.600000,-0.500000,-0.300000,0.000000,0.137297
0.400000,0.600000,-0.500000,-0.300000,0.000000,0.136994
0.400000,0.600000,-0.500000,-0.300000,0.000000,0.136693
0.400000,0.600000,-0.500000,-0.300000,0.000000,0.136392
0.400000,0.600000,-0.500000,-0.300000,0.000000,0.136093
0.400000,0.600000,-0.500000,-0.300000,0.000000,0.135794
0.400000,0.600000,-0.500000,-0.300000,0.000000,0.135497
0.400000,0.600000,-0.500000,-0.300000,0.000000,0.135201
0.400000,0.600000,-0.500000,-0.300000,0.000000,0.134907
0.400000,0.600000,-0.500000,-0.300000,0.000000,0.134613
0.400000,0.600000,-0.500000,-0.300000,0.000000,0.134321
0.400000,0.600000,-0.500000,-0.300000,0.000000,0.134029
0.400000,0.600000,-0.500000,-0.300000,0.000000,0.133739
0.400000,0.600000,-0.500000,-0.300000,0.000000,0.133450
0.400000,0.600000,-0.500000,-0.300000,0.000000,0.133162
0.400000,0.600000,-0.500000,-0.300000,0.000000,0.132876
0.400000,0.600000,-0.500000,-0.300000,0.000000,0.132590
0.400000,0.600000,-0.500000,-0.300000,0.000000,0.132306
0.400000,0.600000,-0.500000,-0.300000,0.000000,0.132023
0.400000,0.600000,-0.500000,-0.300000,0.000000,0.131741
0.400000,0.600000,-0.500000,-0.300000,0.000000,0.131460
0.400000,0.600000,-0.500000,-0.300000,0.000000,0.131181
0.400000,0.600000,-0.500000,-0.300000,0.000000,0.130903
0.400000,0.600000,-0.500000,-0.300000,0.000000,0.130625
0.400000,0.600000,-0.500000,-0.300000,0.000000,0.130349
0.400000,0.600000,-0.500000,-0.300000,0.000000,0.130075
0.400000,0.600000,-0.500000,-0.300000,0.000000,0.129801
0.400000,0.600000,-0.500000,-0.300000,0.000000,0.129528
0.400000,0.600000,-0.500000,-0.300000,0.000000,0.129257
0.400000,0.600000,-0.500000,-0.300000,0.000000,0.128987
0.400000,0.600000,-0.500000,-0.300000,0.000000,0.128718
0.400000,0.600000,-0.500000,-0.300000,0.000000,0.128451
0.400000,0.600000,-0.500000,-0.300000,0.000000,0.128184
0.400000,0.600000,-0.500000,-0.300000,0.000000,0.127919
0.400000,0.600000,-0.500000,-0.300000,0.000000,0.127655
0.400000,0.600000,-0.500000,-0.300000,0.000000,0.127392
0.400000,0.600000,-0.500000,-0.300000,0.000000,0.127130
0.400000,0.600000,-0.500000,-0.300000,0.000000,0.126869
0.400000,0.600000,-0.500000,-0.300000,0.000000,0.126610
0.400000,0.600000,-0.500000,-0.300000,0.000000,0.126352
0.400000,0.600000,-0.500000,-0.300000,0.000000,0.126095
0.400000,0.600000,-0.500000,-0.300000,0.000000,0.125839
0.400000,0.600000,-0.500000,-0.300000,0.000000,0.125585
0.400000,0.600000,-0.500000,-0.300000,0.000000,0.125331
0.400000,0.600000,-0.500000,-0.300000,0.000000,0.125079
0.400000,0.600000,-0.500000,-0.300000,0.000000,0.124828
0.400000,0.600000,-0.500000,-0.300000,0.000000,0.124579
0.400000,0.600000,-0.500000,-0.300000,0.000000,0.124330
0.400000,0.600000,-0.500000,-0.300000,0.000000,0.124083
0.400000,0.600000,-0.500000,-0.300000,0.000000,0.123837
0.400000,0.600000,-0.500000,-0.300000,0.000000,0.123592
0.400000,0.600000,-0.500000,-0.300000,0.000000,0.123348
0.400000,0.600000,-0.500000,-0.300000,0.000000,0.123106
0.400000,0.600000,-0.500000,-0.300000,0.000000,0.122865
0.400000,0.600000,-0.500000,-0.300000,0.000000,0.122625
0.400000,0.600000,-0.500000,-0.300000,0.000000,0.122386
0.400000,0.600000,-0.500000,-0.300000,0.000000,0.122148
0.400000,0.600000,-0.500000,-0.300000,0.000000,0.121912
0.400000,0.600000,-0.500000,-0.300000,0.000000,0.121677
0.400000,0.600000,-0.500000,-0.300000,0.000000,0.121443
0.400000,0.600000,-0.500000,-0.300000,0.000000,0.121210
0.400000,0.600000,-0.500000,-0.300000,0.000000,0.120979
0.400000,0.600000,-0.500000,-0.300000,0.000000,0.120749
0.400000,0.600000,-0.500000,-0.300000,0.000000,0.120520
0.400000,0.600000,-0.500000,-0.300000,0.000000,0.120292
0.400000,0.600000,-0.500000,-0.300000,0.000000,0.120065
0.400000,0.600000,-0.500000,-0.300000,0.000000,0.119840
0.400000,0.600000,-0.500000,-0.300000,0.000000,0.119616
0.400000,0.600000,-0.500000,-0.300000,0.000000,0.119393
0.400000,0.600000,-0.500000,-0.300000,0.000000,0.119171
0.400000,0.600000,-0.500000,-0.300000,0.000000,0.118951
0.400000,0.600000,-0.500000,-0.300000,0.000000,0.118732
0.400000,0.600000,-0.500000,-0.300000,0.000000,0.118514
0.400000,0.600000,-0.500000,-0.300000,0.000000,0.118297
0.400000,0.600000,-0.500000,-0.300000,0.000000,0.118081
0.400000,0.600000,-0.500000,-0.300000,0.000000,0.117867
0.400000,0.600000,-0.500000,-0.300000,0.000000,0.117654
0.400000,0.600000,-0.500000,-0.300000,0.000000,0.117442
0.400000,0.600000,-0.500000,-0.300000,0.000000,0.117232
0.400000,0.600000,-0.500000,-0.300000,0.000000,0.117023
0.400000,0.600000,-0.500000,-0.300000,0.000000,0.116815
0.400000,0.600000,-0.500000,-0.300000,0.000000,0.116608
0.400000,0.600000,-0.500000,-0.300000,0.000000,0.116402
0.400000,0.600000,-0.500000,-0.300000,0.000000,0.116198
0.400000,0.600000,-0.500000,-0.300000,0.000000,0.115995
0.400000,0.600000,-0.500000,-0.300000,0.000000,0.115793
0.400000,0.600000,-0.500000,-0.300000,0.000000,0.115593
0.400000,0.600000,-0.500000,-0.300000,0.000000,0.115393
0.400000,0.600000,-0.500000,-0.300000,0.000000,0.115195
0.400000,0.600000,-0.500000,-0.300000,0.000000,0.114998
0.400000,0.600000,-0.500000,-0.300000,0.000000,0.114803
0.400000,0.600000,-0.500000,-0.300000,0.000000,0.114608
0.400000,0.600000,-0.500000,-0.300000,0.000000,0.114415
0.400000,0.600000,-0.500000,-0.300000,0.000000,0.114223
0.400000,0.600000,-0.500000,-0.300000,0.000000,0.114033
0.400000,0.600000,-0.500000,-0.300000,0.000000,0.113844
0.400000,0.600000,-0.500000,-0.300000,0.000000,0.113656
0.400000,0.600000,-0.500000,-0.300000,0.000000,0.113469
0.400000,0.600000,-0.500000,-0.300000,0.000000,0.113283
0.400000,0.600000,-0.500000,-0.300000,0.000000,0.113099
0.400000,0.600000,-0.500000,-0.300000,0.000000,0.112916
0.400000,0.600000,-0.500000,-0.300000,0.000000,0.112734
0.400000,0.600000,-0.500000,-0.300000,0.000000,0.112554
0.400000,0.600000,-0.500000,-0.300000,0.000000,0.112374
0.400000,0.600000,-0.500000,-0.300000,0.000000,0.112196
0.400000,0.600000,-0.500000,-0.300000,0.000000,0.112020
0.400000,0.600000,-0.500000,-0.300000,0.000000,0.111844
0.400000,0.600000,-0.500000,-0.300000,0.000000,0.111670
0.400000,0.600000,-0.500000,-0.300000,0.000000,0.111497
0.400000,0.600000,-0.500000,-0.300000,0.000000,0.111325
0.400000,0.600000,-0.500000,-0.300000,0.000000,0.111155
0.400000,0.600000,-0.500000,-0.300000,0.000000,0.110986
0.400000,0.600000,-0.500000,-0.300000,0.000000,0.110818
0.400000,0.600000,-0.500000,-0.300000,0.000000,0.110651
0.400000,0.600000,-0.500000,-0.300000,0.000000,0.110486
0.400000,0.600000,-0.500000,-0.300000,0.000000,0.110322
0.400000,0.600000,-0.500000,-0.300000,0.000000,0.110159
0.400000,0.600000,-0.500000,-0.300000,0.000000,0.109998
0.400000,0.600000,-0.500000,-0.300000,0.000000,0.109838
0.400000,0.600000,-0.500000,-0.300000,0.000000,0.109679
0.400000,0.600000,-0.500000,-0.300000,0.000000,0.109521
0.400000,0.600000,-0.500000,-0.300000,0.000000,0.109365
0.400000,0.600000,-0.500000,-0.300000,0.000000,0.109209
0.400000,0.600000,-0.500000,-0.300000,0.000000,0.109056
0.400000,0.600000,-0.500000,-0.300000,0.000000,0.108903
0.400000,0.600000,-0.500000,-0.300000,0.000000,0.108752
0.400000,0.600000,-0.500000,-0.300000,0.000000,0.108602
0.400000,0.600000,-0.500000,-0.300000,0.000000,0.108453
0.400000,0.600000,-0.500000,-0.300000,0.000000,0.108305
0.400000,0.600000,-0.500000,-0.300000,0.000000,0.108159
0.400000,0.600000,-0.500000,-0.300000,0.000000,0.108014
0.400000,0.600000,-0.500000,-0.300000,0.000000,0.107871
0.400000,0.600000,-0.500000,-0.300000,0.000000,0.107728
0.400000,0.600000,-0.500000,-0.300000,0.000000,0.107587
0.400000,0.600000,-0.500000,-0.300000,0.000000,0.107447
0.400000,0.600000,-0.500000,-0.300000,0.000000,0.107309
0.400000,0.600000,-0.500000,-0.300000,0.000000,0.107172
0.400000,0.600000,-0.500000,-0.300000,0.000000,0.107036
0.400000,0.600000,-0.500000,-0.300000,0.000000,0.106901
0.400000,0.600000,-0.500000,-0.300000,0.000000,0.106768
0.400000,0.600000,-0.500000,-0.300000,0.000000,0.106636
0.400000,0.600000,-0.500000,-0.300000,0.000000,0.106505
0.400000,0.600000,-0.500000,-0.300000,0.000000,0.106375
0.400000,0.600000,-0.500000,-0.300000,0.000000,0.106247
0.400000,0.600000,-0.500000,-0.300000,0.000000,0.106120
0.400000,0.600000,-0.500000,-0.300000,0.000000,0.105995
0.400000,0.600000,-0.500000,-0.300000,0.000000,0.105870
0.400000,0.600000,-0.500000,-0.300000,0.000000,0.105747
0.400000,0.600000,-0.500000,-0.300000,0.000000,0.105625
0.400000,0.600000,-0.500000,-0.300000,0.000000,0.105505
0.400000,0.600000,-0.500000,-0.300000,0.000000,0.105386
0.400000,0.600000,-0.500000,-0.300000,0.000000,0.105268
0.400000,0.600000,-0.500000,-0.300000,0.000000,0.105151
0.400000,0.600000,-0.500000,-0.300000,0.000000,0.105036
0.400000,0.600000,-0.500000,-0.300000,0.000000,0.104922
0.400000,0.600000,-0.500000,-0.300000,0.000000,0.104809
0.400000,0.600000,-0.500000,-0.300000,0.000000,0.104698
0.400000,0.600000,-0.500000,-0.300000,0.000000,0.104588
0.400000,0.600000,-0.500000,-0.300000,0.000000,0.104479
0.400000,0.600000,-0.500000,-0.300000,0.000000,0.104371
0.400000,0.600000,-0.500000,-0.300000,0.000000,0.104265
0.400000,0.600000,-0.500000,-0.300000,0.000000,0.104160
0.400000,0.600000,-0.500000,-0.300000,0.000000,0.104057
0.400000,0.600000,-0.500000,-0.300000,0.000000,0.103954
0.400000,0.600000,-0.500000,-0.300000,0.000000,0.103853
0.400000,0.600000,-0.500000,-0.300000,0.000000,0.103753
0.400000,0.600000,-0.500000,-0.300000,0.000000,0.103655
0.400000,0.600000,-0.500000,-0.300000,0.000000,0.103558
0.400000,0.600000,-0.500000,-0.300000,0.000000,0.103462
0.400000,0.600000,-0.500000,-0.300000,0.000000,0.103367
0.400000,0.600000,-0.500000,-0.300000,0.000000,0.103274
0.400000,0.600000,-0.500000,-0.300000,0.000000,0.103182
0.400000,0.600000,-0.500000,-0.300000,0.000000,0.103092
0.400000,0.600000,-0.500000,-0.300000,0.000000,0.103002
0.400000,0.600000,-0.500000,-0.300000,0.000000,0.102914
0.400000,0.600000,-0.500000,-0.300000,0.000000,0.102828
0.400000,0.600000,-0.500000,-0.300000,0.000000,0.102742
0.400000,0.600000,-0.500000,-0.300000,0.000000,0.102658
0.400000,0.600000,-0.500000,-0.300000,0.000000,0.102575
0.400000,0.600000,-0.500000,-0.300000,0.000000,0.102494
0.400000,0.600000,-0.500000,-0.300000,0.000000,0.102414
0.400000,0.600000,-0.500000,-0.300000,0.000000,0.102335
0.400000,0.600000,-0.500000,-0.300000,0.000000,0.102257
0.400000,0.600000,-0.500000,-0.300000,0.000000,0.102181
0.400000,0.600000,-0.500000,-0.300000,0.000000,0.102106
0.400000,0.600000,-0.500000,-0.300000,0.000000,0.102032
0.400000,0.600000,-0.500000,-0.300000,0.000000,0.101960
0.400000,0.600000,-0.500000,-0.300000,0.000000,0.101889
0.400000,0.600000,-0.500000,-0.300000,0.000000,0.101819
0.400000,0.600000,-0.500000,-0.300000,0.000000,0.101751
0.400000,0.600000,-0.500000,-0.300000,0.000000,0.101683
0.400000,0.600000,-0.500000,-0.300000,0.000000,0.101618
0.400000,0.600000,-0.500000,-0.300000,0.000000,0.101553
0.400000,0.600000,-0.500000,-0.300000,0.000000,0.101490
0.400000,0.600000,-0.500000,-0.300000,0.000000,0.101428
0.400000,0.600000,-0.500000,-0.300000,0.000000,0.101367
0.400000,0.600000,-0.500000,-0.300000,0.000000,0.101308
0.400000,0.600000,-0.500000,-0.300000,0.000000,0.101250
0.400000,0.600000,-0.500000,-0.300000,0.000000,0.101194
0.400000,0.600000,-0.500000,-0.300000,0.000000,0.101138
0.400000,0.600000,-0.500000,-0.300000,0.000000,0.101084
0.400000,0.600000,-0.500000,-0.300000,0.000000,0.101031
0.400000,0.600000,-0.500000,-0.300000,0.000000,0.100980
0.400000,0.600000,-0.500000,-0.300000,0.000000,0.100930
0.400000,0.600000,-0.500000,-0.300000,0.000000,0.100881
0.400000,0.600000,-0.500000,-0.300000,0.000000,0.100834
0.400000,0.600000,-0.500000,-0.300000,0.000000,0.100788
0.400000,0.600000,-0.500000,-0.300000,0.000000,0.100743
0.400000,0.600000,-0.500000,-0.300000,0.000000,0.100699
0.400000,0.600000,-0.500000,-0.300000,0.000000,0.100657
0.400000,0.600000,-0.500000,-0.300000,0.000000,0.100616
0.400000,0.600000,-0.500000,-0.300000,0.000000,0.100576
0.400000,0.600000,-0.500000,-0.300000,0.000000,0.100538
0.400000,0.600000,-0.500000,-0.300000,0.000000,0.100501
0.400000,0.600000,-0.500000,-0.300000,0.000000,0.100466
0.400000,0.600000,-0.500000,-0.300000,0.000000,0.100431
0.400000,0.600000,-0.500000,-0.300000,0.000000,0.100398
0.400000,0.600000,-0.500000,-0.300000,0.000000,0.100366
0.400000,0.600000,-0.500000,-0.300000,0.000000,0.100336
0.400000,0.600000,-0.500000,-0.300000,0.000000,0.100307
0.400000,0.600000,-0.500000,-0.300000,0.000000,0.100279
0.400000,0.600000,-0.500000,-0.300000,0.000000,0.100253
0.400000,0.600000,-0.500000,-0.300000,0.000000,0.100228
0.400000,0.600000,-0.500000,-0.300000,0.000000,0.100204
0.400000,0.600000,-0.500000,-0.300000,0.000000,0.100181
0.400000,0.600000,-0.500000,-0.300000,0.000000,0.100160
0.400000,0.600000,-0.500000,-0.300000,0.000000,0.100140
0.400000,0.600000,-0.500000,-0.300000,0.000000,0.100122
0.400000,0.600000,-0.500000,-0.300000,0.000000,0.100104
0.400000,0.600000,-0.500000,-0.300000,0.000000,0.100089
0.400000,0.600000,-0.500000,-0.300000,0.000000,0.100074
0.400000,0.600000,-0.500000,-0.300000,0.000000,0.100061
0.400000,0.600000,-0.500000,-0.300000,0.000000,0.100049
0.400000,0.600000,-0.500000,-0.300000,0.000000,0.100038
0.400000,0.600000,-0.500000,-0.300000,0.000000,0.100029
0.400000,0.600000,-0.500000,-0.300000,0.000000,0.100021
0.400000,0.600000,-0.500000,-0.300000,0.000000,0.100014
0.400000,0.600000,-0.500000,-0.300000,0.000000,0.100009
0.400000,0.600000,-0.500000,-0.300000,0.000000,0.100004
0.400000,0.600000,-0.500000,-0.300000,0.000000,0.100002
0.400000,0.600000,-0.500000,-0.300000,0.000000,0.100000
0.400000,0.600000,-0.500000,-0.300000,0.000000,0.100000
0.400000,0.600000,-0.500000,-0.300000,0.000000,0.100000
0.399999,0.599999,-0.499999,-0.299999,0.000000,0.100000
0.399998,0.599998,-0.499999,-0.299999,0.000000,0.100000
0.399997,0.599997,-0.499998,-0.299998,0.000000,0.100000
0.399995,0.599995,-0.499997,-0.299997,0.000000,0.100000
0.399994,0.599994,-0.499995,-0.299995,0.000000,0.100000
0.399991,0.599991,-0.499994,-0.299994,0.000000,0.100000
0.399989,0.599989,-0.499992,-0.299992,0.000000,0.100000
0.399986,0.599986,-0.499990,-0.299990,0.000000,0.100000
0.399983,0.599983,-0.499987,-0.299987,0.000000,0.100000
0.399979,0.599979,-0.499985,-0.299985,0.000000,0.100000
0.399976,0.599976,-0.499982,-0.299982,0.000000,0.100000
0.399972,0.599972,-0.499979,-0.299979,0.000000,0.100000
0.399967,0.599967,-0.499975,-0.299975,0.000000,0.100000
0.399963,0.599963,-0.499972,-0.299972,0.000000,0.100000
0.399958,0.599958,-0.499968,-0.299968,0.000000,0.100000
0.399952,0.599952,-0.499964,-0.299964,0.000000,0.100000
0.399947,0.599947,-0.499960,-0.299960,0.000000,0.100000
0.399941,0.599941,-0.499955,-0.299955,0.000000,0.100000
0.399934,0.599934,-0.499951,-0.299951,0.000000,0.100000
0.399928,0.599928,-0.499946,-0.299946,0.000000,0.100000
0.399921,0.599921,-0.499941,-0.299941,0.000000,0.100000
0.399914,0.599914,-0.499935,-0.299935,0.000000,0.100000
0.399906,0.599906,-0.499929,-0.299929,0.000000,0.100000
0.399898,0.599898,-0.499924,-0.299924,0.000000,0.100000
0.399890,0.599890,-0.499917,-0.299917,0.000000,0.100000
0.399881,0.599881,-0.499911,-0.299911,0.000000,0.100000
0.399873,0.599873,-0.499904,-0.299904,0.000000,0.100000
0.399863,0.599863,-0.499898,-0.299898,0.000000,0.100000
0.399854,0.599854,-0.499891,-0.299891,0.000000,0.100000
0.399844,0.599844,-0.499883,-0.299883,0.000000,0.100000
0.399834,0.599834,-0.499876,-0.299876,0.000000,0.100000
0.399824,0.599824,-0.499868,-0.299868,0.000000,0.100000
0.399813,0.599813,-0.499860,-0.299860,0.000000,0.100000
0.399802,0.599802,-0.499852,-0.299852,0.000000,0.100000
0.399791,0.599791,-0.499843,-0.299843,0.000000,0.100000
0.399779,0.599779,-0.499834,-0.299834,0.000000,0.100000
0.399767,0.599767,-0.499825,-0.299825,0.000000,0.100000
0.399755,0.599755,-0.499816,-0.299816,0.000000,0.100000
0.399742,0.599742,-0.499807,-0.299807,0.000000,0.100000
0.399729,0.599729,-0.499797,-0.299797,0.000000,0.100000
0.399716,0.599716,-0.499787,-0.299787,0.000000,0.100000
0.399703,0.599703,-0.499777,-0.299777,0.000000,0.100000
0.399689,0.599689,-0.499767,-0.299767,0.000000,0.100000
0.399675,0.599675,-0.499756,-0.299756,0.000000,0.100000
0.399660,0.599660,-0.499745,-0.299745,0.000000,0.100000
0.399645,0.599645,-0.499734,-0.299734,0.000000,0.100000
0.399630,0.599630,-0.499723,-0.299723,0.000000,0.100000
0.399615,0.599615,-0.499711,-0.299711,0.000000,0.100000
0.399599,0.599599,-0.499699,-0.299699,0.000000,0.100000
0.399583,0.599583,-0.499687,-0.299687,0.000000,0.100000
0.399566,0.599566,-0.499675,-0.299675,0.000000,0.100000
0.399550,0.599550,-0.499662,-0.299662,0.000000,0.100000
0.399533,0.599533,-0.499650,-0.299650,0.000000,0.100000
0.399515,0.599515,-0.499637,-0.299637,0.000000,0.100000
0.399498,0.599498,-0.499623,-0.299623,0.000000,0.100000
0.399480,0.599480,-0.499610,-0.299610,0.000000,0.100000
0.399462,0.599462,-0.499596,-0.299596,0.000000,0.100000
0.399443,0.599443,-0.499582,-0.299582,0.000000,0.100000
0.399424,0.599424,-0.499568,-0.299568,0.000000,0.100000
0.399405,0.599405,-0.499554,-0.299554,0.000000,0.100000
0.399385,0.599385,-0.499539,-0.299539,0.000000,0.100000
0.399365,0.599365,-0.499524,-0.299524,0.000000,0.100000
0.399345,0.599345,-0.499509,-0.299509,0.000000,0.100000
0.399325,0.599325,-0.499494,-0.299494,0.000000,0.100000
0.399304,0.599304,-0.499478,-0.299478,0.000000,0.100000
0.399283,0.599283,-0.499462,-0.299462,0.000000,0.100000
0.399261,0.599261,-0.499446,-0.299446,0.000000,0.100000
0.399240,0.599240,-0.499430,-0.299430,0.000000,0.100000
0.399218,0.599218,-0.499413,-0.299413,0.000000,0.100000
0.399195,0.599195,-0.499397,-0.299397,0.000000,0.100000
0.399173,0.599173,-0.499379,-0.299379,0.000000,0.100000
0.399150,0.599150,-0.499362,-0.299362,0.000000,0.100000
0.399126,0.599126,-0.499345,-0.299345,0.000000,0.100000
0.399103,0.599103,-0.499327,-0.299327,0.000000,0.100000
0.399079,0.599079,-0.499309,-0.299309,0.000000,0.100000
0.399055,0.599055,-0.499291,-0.299291,0.000000,0.100000
0.399030,0.599030,-0.499272,-0.299272,0.000000,0.100000
0.399005,0.599005,-0.499254,-0.299254,0.000000,0.100000
0.398980,0.598980,-0.499235,-0.299235,0.000000,0.100000
0.398954,0.598954,-0.499216,-0.299216,0.000000,0.100000
0.398929,0.598929,-0.499196,-0.299196,0.000000,0.100000
0.398902,0.598902,-0.499177,-0.299177,0.000000,0.100000
0.398876,0.598876,-0.499157,-0.299157,0.000000,0.100000
0.398849,0.598849,-0.499137,-0.299137,0.000000,0.100000
0.398822,0.598822,-0.499117,-0.299117,0.000000,0.100000
0.398795,0.598795,-0.499096,-0.299096,0.000000,0.100000
0.398767,0.598767,-0.499075,-0.299075,0.000000,0.100000
0.398739,0.598739,-0.499054,-0.299054,0.000000,0.100000
0.398711,0.598711,-0.499033,-0.299033,0.000000,0.100000
0.398682,0.598682,-0.499011,-0.299011,0.000000,0.100000
0.398653,0.598653,-0.498990,-0.298990,0.000000,0.100000
0.398624,0.598624,-0.498968,-0.298968,0.000000,0.100000
0.398594,0.598594,-0.498946,-0.298946,0.000000,0.100000
0.398564,0.598564,-0.498923,-0.298923,0.000000,0.100000
0.398534,0.598534,-0.498901,-0.298901,0.000000,0.100000
0.398503,0.598503,-0.498878,-0.298878,0.000000,0.100000
0.398473,0.598473,-0.498854,-0.298854,0.000000,0.100000
0.398441,0.598441,-0.498831,-0.298831,0.000000,0.100000
0.398410,0.598410,-0.498807,-0.298807,0.000000,0.100000
0.398378,0.598378,-0.498784,-0.298784,0.000000,0.100000
0.398346,0.598346,-0.498760,-0.298760,0.000000,0.100000
0.398314,0.598314,-0.498735,-0.298735,0.000000,0.100000
0.398281,0.598281,-0.498711,-0.298711,0.000000,0.100000
0.398248,0.598248,-0.498686,-0.298686,0.000000,0.100000
0.398215,0.598215,-0.498661,-0.298661,0.000000,0.100000
0.398181,0.598181,-0.498636,-0.298636,0.000000,0.100000
0.398147,0.598147,-0.498610,-0.298610,0.000000,0.100000
0.398113,0.598113,-0.498584,-0.298584,0.000000,0.100000
0.398078,0.598078,-0.498559,-0.298559,0.000000,0.100000
0.398043,0.598043,-0.498532,-0.298532,0.000000,0.100000
0.398008,0.598008,-0.498506,-0.298506,0.000000,0.100000
0.397972,0.597972,-0.498479,-0.298479,0.000000,0.100000
0.397936,0.597936,-0.498452,-0.298452,0.000000,0.100000
0.397900,0.597900,-0.498425,-0.298425,0.000000,0.100000
0.397864,0.597864,-0.498398,-0.298398,0.000000,0.100000
0.397827,0.597827,-0.498370,-0.298370,0.000000,0.100000
0.397790,0.597790,-0.498342,-0.298342,0.000000,0.100000
0.397752,0.597752,-0.498314,-0.298314,0.000000,0.100000
0.397715,0.597715,-0.498286,-0.298286,0.000000,0.100000
0.397677,0.597677,-0.498258,-0.298258,0.000000,0.100000
0.397638,0.597638,-0.498229,-0.298229,0.000000,0.100000
0.397600,0.597600,-0.498200,-0.298200,0.000000,0.100000
0.397561,0.597561,-0.498171,-0.298171,0.000000,0.100000
0.397521,0.597521,-0.498141,-0.298141,0.000000,0.100000
0.397482,0.597482,-0.498111,-0.298111,0.000000,0.100000
0.397442,0.597442,-0.498081,-0.298081,0.000000,0.100000
0.397402,0.597402,-0.498051,-0.298051,0.000000,0.100000
0.397361,0.597361,-0.498021,-0.298021,0.000000,0.100000
0.397320,0.597320,-0.497990,-0.297990,0.000000,0.100000
0.397279,0.597279,-0.497959,-0.297959,0.000000,0.100000
0.397238,0.597238,-0.497928,-0.297928,0.000000,0.100000
0.397196,0.597196,-0.497897,-0.297897,0.000000,0.100000
0.397154,0.597154,-0.497865,-0.297865,0.000000,0.100000
0.397111,0.597111,-0.497834,-0.297834,0.000000,0.100000
0.397069,0.597069,-0.497801,-0.297801,0.000000,0.100000
0.397026,0.597026,-0.497769,-0.297769,0.000000,0.100000
0.396982,0.596982,-0.497737,-0.297737,0.000000,0.100000
0.396939,0.596939,-0.497704,-0.297704,0.000000,0.100000
0.396895,0.596895,-0.497671,-0.297671,0.000000,0.100000
0.396850,0.596850,-0.497638,-0.297638,0.000000,0.100000
0.396806,0.596806,-0.497604,-0.297604,0.000000,0.100000
0.396761,0.596761,-0.497571,-0.297571,0.000000,0.100000
0.396716,0.596716,-0.497537,-0.297537,0.000000,0.100000
0.396670,0.596670,-0.497503,-0.297503,0.000000,0.100000
0.396624,0.596624,-0.497468,-0.297468,0.000000,0.100000
0.396578,0.596578,-0.497434,-0.297434,0.000000,0.100000
0.396532,0.596532,-0.497399,-0.297399,0.000000,0.100000
0.396485,0.596485,-0.497364,-0.297364,0.000000,0.100000
0.396438,0.596438,-0.497328,-0.297328,0.000000,0.100000
0.396390,0.596390,-0.497293,-0.297293,0.000000,0.100000
0.396343,0.596343,-0.497257,-0.297257,0.000000,0.100000
0.396295,0.596295,-0.497221,-0.297221,0.000000,0.100000
0.396246,0.596246,-0.497185,-0.297185,0.000000,0.100000
0.396198,0.596198,-0.497148,-0.297148,0.000000,0.100000
0.396149,0.596149,-0.497112,-0.297112,0.000000,0.100000
0.396100,0.596100,-0.497075,-0.297075,0.000000,0.100000
0.396050,0.596050,-0.497038,-0.297038,0.000000,0.100000
0.396000,0.596000,-0.497000,-0.297000,0.000000,0.100000
0.395950,0.595950,-0.496963,-0.296963,0.000000,0.100000
0.395900,0.595900,-0.496925,-0.296925,0.000000,0.100000
0.395849,0.595849,-0.496887,-0.296887,0.000000,0.100000
0.395798,0.595798,-0.496848,-0.296848,0.000000,0.100000
0.395746,0.595746,-0.496810,-0.296810,0.000000,0.100000
0.395695,0.595695,-0.496771,-0.296771,0.000000,0.100000
0.395643,0.595643,-0.496732,-0.296732,0.000000,0.100000
0.395590,0.595590,-0.496693,-0.296693,0.000000,0.100000
0.395538,0.595538,-0.496653,-0.296653,0.000000,0.100000
0.395485,0.595485,-0.496613,-0.296613,0.000000,0.100000
0.395431,0.595431,-0.496574,-0.296574,0.000000,0.100000
0.395378,0.595378,-0.496533,-0.296533,0.000000,0.100000
0.395324,0.595324,-0.496493,-0.296493,0.000000,0.100000
0.395270,0.595270,-0.496452,-0.296452,0.000000,0.100000
0.395215,0.595215,-0.496411,-0.296411,0.000000,0.100000
0.395160,0.595160,-0.496370,-0.296370,0.000000,0.100000
0.395105,0.595105,-0.496329,-0.296329,0.000000,0.100000
0.395050,0.595050,-0.496287,-0.296287,0.000000,0.100000
0.394994,0.594994,-0.496246,-0.296246,0.000000,0.100000
0.394938,0.594938,-0.496204,-0.296204,0.000000,0.100000
0.394882,0.594882,-0.496161,-0.296161,0.000000,0.100000
0.394825,0.594825,-0.496119,-0.296119,0.000000,0.100000
0.394768,0.594768,-0.496076,-0.296076,0.000000,0.100000
0.394711,0.594711,-0.496033,-0.296033,0.000000,0.100000
0.394653,0.594653,-0.495990,-0.295990,0.000000,0.100000
0.394595,0.594595,-0.495947,-0.295947,0.000000,0.100000
0.394537,0.594537,-0.495903,-0.295903,0.000000,0.100000
0.394479,0.594479,-0.495859,-0.295859,0.000000,0.100000
0.394420,0.594420,-0.495815,-0.295815,0.000000,0.100000
0.394361,0.594361,-0.495771,-0.295771,0.000000,0.100000
0.394301,0.594301,-0.495726,-0.295726,0.000000,0.100000
0.394242,0.594242,-0.495681,-0.295681,0.000000,0.100000
0.394182,0.594182,-0.495636,-0.295636,0.000000,0.100000
0.394121,0.594121,-0.495591,-0.295591,0.000000,0.100000
0.394061,0.594061,-0.495545,-0.295545,0.000000,0.100000
0.394000,0.594000,-0.495500,-0.295500,0.000000,0.100000
0.393938,0.593938,-0.495454,-0.295454,0.000000,0.100000
0.393877,0.593877,-0.495408,-0.295408,0.000000,0.100000
0.393815,0.593815,-0.495361,-0.295361,0.000000,0.100000
0.393753,0.593753,-0.495315,-0.295315,0.000000,0.100000
0.393690,0.593690,-0.495268,-0.295268,0.000000,0.100000
0.393628,0.593628,-0.495221,-0.295221,0.000000,0.100000
0.393564,0.593564,-0.495173,-0.295173,0.000000,0.100000
0.393501,0.593501,-0.495126,-0.295126,0.000000,0.100000
0.393437,0.593437,-0.495078,-0.295078,0.000000,0.100000
0.393373,0.593373,-0.495030,-0.295030,0.000000,0.100000
0.393309,0.593309,-0.494982,-0.294982,0.000000,0.100000
0.393244,0.593244,-0.494933,-0.294933,0.000000,0.100000
0.393179,0.593179,-0.494885,-0.294885,0.000000,0.100000
0.393114,0.593114,-0.494836,-0.294836,0.000000,0.100000
0.393049,0.593049,-0.494787,-0.294787,0.000000,0.100000
0.392983,0.592983,-0.494737,-0.294737,0.000000,0.100000
0.392917,0.592917,-0.494688,-0.294688,0.000000,0.100000
0.392850,0.592850,-0.494638,-0.294638,0.000000,0.100000
0.392783,0.592783,-0.494588,-0.294588,0.000000,0.100000
0.392716,0.592716,-0.494537,-0.294537,0.000000,0.100000
0.392649,0.592649,-0.494487,-0.294487,0.000000,0.100000
0.392581,0.592581,-0.494436,-0.294436,0.000000,0.100000
0.392513,0.592513,-0.494385,-0.294385,0.000000,0.100000
0.392445,0.592445,-0.494334,-0.294334,0.000000,0.100000
0.392377,0.592377,-0.494282,-0.294282,0.000000,0.100000
0.392308,0.592308,-0.494231,-0.294231,0.000000,0.100000
0.392238,0.592238,-0.494179,-0.294179,0.000000,0.100000
0.392169,0.592169,-0.494127,-0.294127,0.000000,0.100000
0.392099,0.592099,-0.494074,-0.294074,0.000000,0.100000
0.392029,0.592029,-0.494022,-0.294022,0.000000,0.100000
0.391959,0.591959,-0.493969,-0.293969,0.000000,0.100000
0.391888,0.591888,-0.493916,-0.293916,0.000000,0.100000
0.391817,0.591817,-0.493863,-0.293863,0.000000,0.100000
0.391746,0.591746,-0.493809,-0.293809,0.000000,0.100000
0.391674,0.591674,-0.493756,-0.293756,0.000000,0.100000
0.391602,0.591602,-0.493702,-0.293702,0.000000,0.100000
0.391530,0.591530,-0.493647,-0.293647,0.000000,0.100000
0.391457,0.591457,-0.493593,-0.293593,0.000000,0.100000
0.391385,0.591385,-0.493538,-0.293538,0.000000,0.100000
0.391311,0.591311,-0.493484,-0.293484,0.000000,0.100000
0.391238,0.591238,-0.493428,-0.293428,0.000000,0.100000
0.391164,0.591164,-0.493373,-0.293373,0.000000,0.100000
0.391090,0.591090,-0.493318,-0.293318,0.000000,0.100000
0.391016,0.591016,-0.493262,-0.293262,0.000000,0.100000
0.390941,0.590941,-0.493206,-0.293206,0.000000,0.100000
0.390866,0.590866,-0.493150,-0.293150,0.000000,0.100000
0.390791,0.590791,-0.493093,-0.293093,0.000000,0.100000
0.390715,0.590715,-0.493037,-0.293037,0.000000,0.100000
0.390640,0.590640,-0.492980,-0.292980,0.000000,0.100000
0.390564,0.590564,-0.492923,-0.292923,0.000000,0.100000
0.390487,0.590487,-0.492865,-0.292865,0.000000,0.100000
0.390410,0.590410,-0.492808,-0.292808,0.000000,0.100000
0.390333,0.590333,-0.492750,-0.292750,0.000000,0.100000
0.390256,0.590256,-0.492692,-0.292692,0.000000,0.100000
0.390178,0.590178,-0.492634,-0.292634,0.000000,0.100000
0.390100,0.590100,-0.492575,-0.292575,0.000000,0.100000
0.390022,0.590022,-0.492517,-0.292517,0.000000,0.100000
0.389944,0.589944,-0.492458,-0.292458,0.000000,0.100000
0.389865,0.589865,-0.492398,-0.292398,0.000000,0.100000
0.389786,0.589786,-0.492339,-0.292339,0.000000,0.100000
0.389706,0.589706,-0.492280,-0.292280,0.000000,0.100000
0.389626,0.589626,-0.492220,-0.292220,0.000000,0.100000
0.389546,0.589546,-0.492160,-0.292160,0.000000,0.100000
0.389466,0.589466,-0.492099,-0.292099,0.000000,0.100000
0.389385,0.589385,-0.492039,-0.292039,0.000000,0.100000
0.389304,0.589304,-0.491978,-0.291978,0.000000,0.100000
0.389223,0.589223,-0.491917,-0.291917,0.000000,0.100000
0.389142,0.589142,-0.491856,-0.291856,0.000000,0.100000
0.389060,0.589060,-0.491795,-0.291795,0.000000,0.100000
0.388978,0.588978,-0.491733,-0.291733,0.000000,0.100000
0.388895,0.588895,-0.491671,-0.291671,0.000000,0.100000
0.388812,0.588812,-0.491609,-0.291609,0.000000,0.100000
0.388729,0.588729,-0.491547,-0.291547,0.000000,0.100000
0.388646,0.588646,-0.491484,-0.291484,0.000000,0.100000
0.388562,0.588562,-0.491422,-0.291422,0.000000,0.100000
0.388478,0.588478,-0.491359,-0.291359,0.000000,0.100000
0.388394,0.588394,-0.491296,-0.291296,0.000000,0.100000
0.388310,0.588310,-0.491232,-0.291232,0.000000,0.100000
0.388225,0.588225,-0.491169,-0.291169,0.000000,0.100000
0.388140,0.588140,-0.491105,-0.291105,0.000000,0.100000
0.388054,0.588054,-0.491041,-0.291041,0.000000,0.100000
0.387969,0.587969,-0.490976,-0.290976,0.000000,0.100000
0.387883,0.587883,-0.490912,-0.290912,0.000000,0.100000
0.387796,0.587796,-0.490847,-0.290847,0.000000,0.100000
0.387710,0.587710,-0.490782,-0.290782,0.000000,0.100000
0.387623,0.587623,-0.490717,-0.290717,0.000000,0.100000
0.387536,0.587536,-0.490652,-0.290652,0.000000,0.100000
0.387448,0.587448,-0.490586,-0.290586,0.000000,0.100000
0.387360,0.587360,-0.490520,-0.290520,0.000000,0.100000
0.387272,0.587272,-0.490454,-0.290454,0.000000,0.100000
0.387184,0.587184,-0.490388,-0.290388,0.000000,0.100000
0.387095,0.587095,-0.490321,-0.290321,0.000000,0.100000
0.387006,0.587006,-0.490255,-0.290255,0.000000,0.100000
0.386917,0.586917,-0.490188,-0.290188,0.000000,0.100000
0.386827,0.586827,-0.490120,-0.290120,0.000000,0.100000
0.386737,0.586737,-0.490053,-0.290053,0.000000,0.100000
0.386647,0.586647,-0.489985,-0.289985,0.000000,0.100000
0.386557,0.586557,-0.489918,-0.289918,0.000000,0.100000
0.386466,0.586466,-0.489850,-0.289850,0.000000,0.100000
0.386375,0.586375,-0.489781,-0.289781,0.000000,0.100000
0.386284,0.586284,-0.489713,-0.289713,0.000000,0.100000
0.386192,0.586192,-0.489644,-0.289644,0.000000,0.100000
0.386100,0.586100,-0.489575,-0.289575,0.000000,0.100000
0.386008,0.586008,-0.489506,-0.289506,0.000000,0.100000
0.385915,0.585915,-0.489437,-0.289437,0.000000,0.100000
0.385823,0.585823,-0.489367,-0.289367,0.000000,0.100000
0.385730,0.585730,-0.489297,-0.289297,0.000000,0.100000
0.385636,0.585636,-0.489227,-0.289227,0.000000,0.100000
0.385543,0.585543,-0.489157,-0.289157,0.000000,0.100000
0.385449,0.585449,-0.489086,-0.289086,0.000000,0.100000
0.385354,0.585354,-0.489016,-0.289016,0.000000,0.100000
0.385260,0.585260,-0.488945,-0.288945,0.000000,0.100000
0.385165,0.585165,-0.488874,-0.288874,0.000000,0.100000
0.385070,0.585070,-0.488802,-0.288802,0.000000,0.100000
0.384974,0.584974,-0.488731,-0.288731,0.000000,0.100000
0.384879,0.584879,-0.488659,-0.288659,0.000000,0.100000
0.384783,0.584783,-0.488587,-0.288587,0.000000,0.100000
0.384686,0.584686,-0.488515,-0.288515,0.000000,0.100000
0.384590,0.584590,-0.488442,-0.288442,0.000000,0.100000
0.384493,0.584493,-0.488370,-0.288370,0.000000,0.100000
0.384396,0.584396,-0.488297,-0.288297,0.000000,0.100000
0.384298,0.584298,-0.488224,-0.288224,0.000000,0.100000
0.384200,0.584200,-0.488150,-0.288150,0.000000,0.100000
0.384102,0.584102,-0.488077,-0.288077,0.000000,0.100000
0.384004,0.584004,-0.488003,-0.288003,0.000000,0.100000
0.383905,0.583905,-0.487929,-0.287929,0.000000,0.100000
0.383806,0.583806,-0.487855,-0.287855,0.000000,0.100000
0.383707,0.583707,-0.487780,-0.287780,0.000000,0.100000
0.383608,0.583608,-0.487706,-0.287706,0.000000,0.100000
0.383508,0.583508,-0.487631,-0.287631,0.000000,0.100000
0.383408,0.583408,-0.487556,-0.287556,0.000000,0.100000
0.383307,0.583307,-0.487480,-0.287480,0.000000,0.100000
0.383207,0.583207,-0.487405,-0.287405,0.000000,0.100000
0.383106,0.583106,-0.487329,-0.287329,0.000000,0.100000
0.383004,0.583004,-0.487253,-0.287253,0.000000,0.100000
0.382903,0.582903,-0.487177,-0.287177,0.000000,0.100000
0.382801,0.582801,-0.487101,-0.287101,0.000000,0.100000
0.382699,0.582699,-0.487024,-0.287024,0.000000,0.100000
0.382596,0.582596,-0.486947,-0.286947,0.000000,0.100000
0.382494,0.582494,-0.486870,-0.286870,0.000000,0.100000
0.382391,0.582391,-0.486793,-0.286793,0.000000,0.100000
0.382288,0.582288,-0.486716,-0.286716,0.000000,0.100000
0.382184,0.582184,-0.486638,-0.286638,0.000000,0.100000
0.382080,0.582080,-0.486560,-0.286560,0.000000,0.100000
0.381976,0.581976,-0.486482,-0.286482,0.000000,0.100000
0.381872,0.581872,-0.486404,-0.286404,0.000000,0.100000
0.381767,0.581767,-0.486325,-0.286325,0.000000,0.100000
0.381662,0.581662,-0.486246,-0.286246,0.000000,0.100000
0.381557,0.581557,-0.486167,-0.286167,0.000000,0.100000
0.381451,0.581451,-0.486088,-0.286088,0.000000,0.100000
0.381345,0.581345,-0.486009,-0.286009,0.000000,0.100000
0.381239,0.581239,-0.485929,-0.285929,0.000000,0.100000
0.381133,0.581133,-0.485849,-0.285849,0.000000,0.100000
0.381026,0.581026,-0.485769,-0.285769,0.000000,0.100000
0.380919,0.580919,-0.485689,-0.285689,0.000000,0.100000
0.380812,0.580812,-0.485609,-0.285609,0.000000,0.100000
0.380704,0.580704,-0.485528,-0.285528,0.000000,0.100000
0.380596,0.580596,-0.485447,-0.285447,0.000000,0.100000
0.380488,0.580488,-0.485366,-0.285366,0.000000,0.100000
0.380380,0.580380,-0.485285,-0.285285,0.000000,0.100000
0.380271,0.580271,-0.485203,-0.285203,0.000000,0.100000
0.380162,0.580162,-0.485121,-0.285121,0.000000,0.100000
0.380053,0.580053,-0.485039,-0.285039,0.000000,0.100000
0.379943,0.579943,-0.484957,-0.284957,0.000000,0.100000
0.379833,0.579833,-0.484875,-0.284875,0.000000,0.100000
0.379723,0.579723,-0.484792,-0.284792,0.000000,0.100000
0.379613,0.579613,-0.484709,-0.284709,0.000000,0.100000
0.379502,0.579502,-0.484626,-0.284626,0.000000,0.100000
0.379391,0.579391,-0.484543,-0.284543,0.000000,0.100000
0.379280,0.579280,-0.484460,-0.284460,0.000000,0.100000
0.379168,0.579168,-0.484376,-0.284376,0.000000,0.100000
0.379056,0.579056,-0.484292,-0.284292,0.000000,0.100000
0.378944,0.578944,-0.484208,-0.284208,0.000000,0.100000
0.378832,0.578832,-0.484124,-0.284124,0.000000,0.100000
0.378719,0.578719,-0.484039,-0.284039,0.000000,0.100000
0.378606,0.578606,-0.483955,-0.283955,0.000000,0.100000
0.378493,0.578493,-0.483870,-0.283870,0.000000,0.100000
0.378379,0.578379,-0.483784,-0.283784,0.000000,0.100000
0.378265,0.578265,-0.483699,-0.283699,0.000000,0.100000
0.378151,0.578151,-0.483614,-0.283614,0.000000,0.100000
0.378037,0.578037,-0.483528,-0.283528,0.000000,0.100000
0.377922,0.577922,-0.483442,-0.283442,0.000000,0.100000
0.377807,0.577807,-0.483356,-0.283356,0.000000,0.100000
0.377692,0.577692,-0.483269,-0.283269,0.000000,0.100000
0.377577,0.577577,-0.483182,-0.283182,0.000000,0.100000
0.377461,0.577461,-0.483096,-0.283096,0.000000,0.100000
0.377345,0.577345,-0.483009,-0.283009,0.000000,0.100000
0.377228,0.577228,-0.482921,-0.282921,0.000000,0.100000
0.377112,0.577112,-0.482834,-0.282834,0.000000,0.100000
0.376995,0.576995,-0.482746,-0.282746,0.000000,0.100000
0.376878,0.576878,-0.482658,-0.282658,0.000000,0.100000
0.376760,0.576760,-0.482570,-0.282570,0.000000,0.100000
0.376643,0.576643,-0.482482,-0.282482,0.000000,0.100000
0.376525,0.576525,-0.482393,-0.282393,0.000000,0.100000
0.376406,0.576406,-0.482305,-0.282305,0.000000,0.100000
0.376288,0.576288,-0.482216,-0.282216,0.000000,0.100000
0.376169,0.576169,-0.482127,-0.282127,0.000000,0.100000
0.376050,0.576050,-0.482037,-0.282037,0.000000,0.100000
0.375930,0.575930,-0.481948,-0.281948,0.000000,0.100000
0.375811,0.575811,-0.481858,-0.281858,0.000000,0.100000
0.375691,0.575691,-0.481768,-0.281768,0.000000,0.100000
0.375570,0.575570,-0.481678,-0.281678,0.000000,0.100000
0.375450,0.575450,-0.481587,-0.281587,0.000000,0.100000
0.375329,0.575329,-0.481497,-0.281497,0.000000,0.100000
0.375208,0.575208,-0.481406,-0.281406,0.000000,0.100000
0.375087,0.575087,-0.481315,-0.281315,0.000000,0.100000
0.374965,0.574965,-0.481224,-0.281224,0.000000,0.100000
0.374843,0.574843,-0.481132,-0.281132,0.000000,0.100000
0.374721,0.574721,-0.481041,-0.281041,0.000000,0.100000
0.374599,0.574599,-0.480949,-0.280949,0.000000,0.100000
0.374476,0.574476,-0.480857,-0.280857,0.000000,0.100000
0.374353,0.574353,-0.480765,-0.280765,0.000000,0.100000
0.374229,0.574229,-0.480672,-0.280672,0.000000,0.100000
0.374106,0.574106,-0.480579,-0.280579,0.000000,0.100000
0.373982,0.573982,-0.480487,-0.280487,0.000000,0.100000
0.373858,0.573858,-0.480394,-0.280394,0.000000,0.100000
0.373734,0.573734,-0.480300,-0.280300,0.000000,0.100000
0.373609,0.573609,-0.480207,-0.280207,0.000000,0.100000
0.373484,0.573484,-0.480113,-0.280113,0.000000,0.100000
0.373359,0.573359,-0.480019,-0.280019,0.000000,0.100000
0.373233,0.573233,-0.479925,-0.279925,0.000000,0.100000
0.373108,0.573108,-0.479831,-0.279831,0.000000,0.100000
0.372982,0.572982,-0.479736,-0.279736,0.000000,0.100000
0.372855,0.572855,-0.479641,-0.279641,0.000000,0.100000
0.372729,0.572729,-0.479547,-0.279547,0.000000,0.100000
0.372602,0.572602,-0.479451,-0.279451,0.000000,0.100000
0.372475,0.572475,-0.479356,-0.279356,0.000000,0.100000
0.372347,0.572347,-0.479261,-0.279261,0.000000,0.100000
0.372220,0.572220,-0.479165,-0.279165,0.000000,0.100000
0.372092,0.572092,-0.479069,-0.279069,0.000000,0.100000
0.371964,0.571964,-0.478973,-0.278973,0.000000,0.100000
0.371835,0.571835,-0.478876,-0.278876,0.000000,0.100000
0.371706,0.571706,-0.478780,-0.278780,0.000000,0.100000
0.371577,0.571577,-0.478683,-0.278683,0.000000,0.100000
0.371448,0.571448,-0.478586,-0.278586,0.000000,0.100000
0.371318,0.571318,-0.478489,-0.278489,0.000000,0.100000
0.371189,0.571189,-0.478391,-0.278391,0.000000,0.100000
0.371059,0.571059,-0.478294,-0.278294,0.000000,0.100000
0.370928,0.570928,-0.478196,-0.278196,0.000000,0.100000
0.370798,0.570798,-0.478098,-0.278098,0.000000,0.100000
0.370667,0.570667,-0.478000,-0.278000,0.000000,0.100000
0.370535,0.570535,-0.477902,-0.277902,0.000000,0.100000
0.370404,0.570404,-0.477803,-0.277803,0.000000,0.100000
0.370272,0.570272,-0.477704,-0.277704,0.000000,0.100000
0.370140,0.570140,-0.477605,-0.277605,0.000000,0.100000
0.370008,0.570008,-0.477506,-0.277506,0.000000,0.100000
0.369875,0.569875,-0.477407,-0.277407,0.000000,0.100000
0.369743,0.569743,-0.477307,-0.277307,0.000000,0.100000
0.369610,0.569610,-0.477207,-0.277207,0.000000,0.100000
0.369476,0.569476,-0.477107,-0.277107,0.000000,0.100000
0.369343,0.569343,-0.477007,-0.277007,0.000000,0.100000
0.369209,0.569209,-0.476907,-0.276907,0.000000,0.100000
0.369075,0.569075,-0.476806,-0.276806,0.000000,0.100000
0.368940,0.568940,-0.476705,-0.276705,0.000000,0.100000
0.368806,0.568806,-0.476604,-0.276604,0.000000,0.100000
0.368671,0.568671,-0.476503,-0.276503,0.000000,0.100000
0.368535,0.568535,-0.476402,-0.276402,0.000000,0.100000
0.368400,0.568400,-0.476300,-0.276300,0.000000,0.100000
0.368264,0.568264,-0.476198,-0.276198,0.000000,0.100000
0.368128,0.568128,-0.476096,-0.276096,0.000000,0.100000
0.367992,0.567992,-0.475994,-0.275994,0.000000,0.100000
0.367856,0.567856,-0.475892,-0.275892,0.000000,0.100000
0.367719,0.567719,-0.475789,-0.275789,0.000000,0.100000
0.367582,0.567582,-0.475686,-0.275686,0.000000,0.100000
0.367444,0.567444,-0.475583,-0.275583,0.000000,0.100000
0.367307,0.567307,-0.475480,-0.275480,0.000000,0.100000
0.367169,0.567169,-0.475377,-0.275377,0.000000,0.100000
0.367031,0.567031,-0.475273,-0.275273,0.000000,0.100000
0.366892,0.566892,-0.475169,-0.275169,0.000000,0.100000
0.366754,0.566754,-0.475065,-0.275065,0.000000,0.100000
0.366615,0.566615,-0.474961,-0.274961,0.000000,0.100000
0.366476,0.566476,-0.474857,-0.274857,0.000000,0.100000
0.366336,0.566336,-0.474752,-0.274752,0.000000,0.100000
0.366197,0.566197,-0.474647,-0.274647,0.000000,0.100000
0.366057,0.566057,-0.474542,-0.274542,0.000000,0.100000
0.365916,0.565916,-0.474437,-0.274437,0.000000,0.100000
0.365776,0.565776,-0.474332,-0.274332,0.000000,0.100000
0.365635,0.565635,-0.474226,-0.274226,0.000000,0.100000
0.365494,0.565494,-0.474121,-0.274121,0.000000,0.100000
0.365353,0.565353,-0.474015,-0.274015,0.000000,0.100000
0.365211,0.565211,-0.473909,-0.273909,0.000000,0.100000
0.365070,0.565070,-0.473802,-0.273802,0.000000,0.100000
0.364927,0.564927,-0.473696,-0.273696,0.000000,0.100000
0.364785,0.564785,-0.473589,-0.273589,0.000000,0.100000
0.364643,0.564643,-0.473482,-0.273482,0.000000,0.100000
0.364500,0.564500,-0.473375,-0.273375,0.000000,0.100000
0.364357,0.564357,-0.473268,-0.273268,0.000000,0.100000
0.364213,0.564213,-0.473160,-0.273160,0.000000,0.100000
0.364070,0.564070,-0.473052,-0.273052,0.000000,0.100000
0.363926,0.563926,-0.472944,-0.272944,0.000000,0.100000
0.363782,0.563782,-0.472836,-0.272836,0.000000,0.100000
0.363637,0.563637,-0.472728,-0.272728,0.000000,0.100000
0.363493,0.563493,-0.472620,-0.272620,0.000000,0.100000
0.363348,0.563348,-0.472511,-0.272511,0.000000,0.100000
0.363203,0.563203,-0.472402,-0.272402,0.000000,0.100000
0.363057,0.563057,-0.472293,-0.272293,0.000000,0.100000
0.362912,0.562912,-0.472184,-0.272184,0.000000,0.100000
0.362766,0.562766,-0.472074,-0.272074,0.000000,0.100000
0.362619,0.562619,-0.471965,-0.271965,0.000000,0.100000
0.362473,0.562473,-0.471855,-0.271855,0.000000,0.100000
0.362326,0.562326,-0.471745,-0.271745,0.000000,0.100000
0.362179,0.562179,-0.471634,-0.271634,0.000000,0.100000
0.362032,0.562032,-0.471524,-0.271524,0.000000,0.100000
0.361885,0.561885,-0.471413,-0.271413,0.000000,0.100000
0.361737,0.561737,-0.471303,-0.271303,0.000000,0.100000
0.361589,0.561589,-0.471192,-0.271192,0.000000,0.100000
0.361441,0.561441,-0.471080,-0.271080,0.000000,0.100000
0.361292,0.561292,-0.470969,-0.270969,0.000000,0.100000
0.361143,0.561143,-0.470858,-0.270858,0.000000,0.100000
0.360994,0.560994,-0.470746,-0.270746,0.000000,0.100000
0.360845,0.560845,-0.470634,-0.270634,0.000000,0.100000
0.360696,0.560696,-0.470522,-0.270522,0.000000,0.100000
0.360546,0.560546,-0.470409,-0.270409,0.000000,0.100000
0.360396,0.560396,-0.470297,-0.270297,0.000000,0.100000
0.360246,0.560246,-0.470184,-0.270184,0.000000,0.100000
0.360095,0.560095,-0.470071,-0.270071,0.000000,0.100000
0.359944,0.559944,-0.469958,-0.269958,0.000000,0.100000
0.359793,0.559793,-0.469845,-0.269845,0.000000,0.100000
0.359642,0.559642,-0.469731,-0.269731,0.000000,0.100000
0.359490,0.559490,-0.469618,-0.269618,0.000000,0.100000
0.359339,0.559339,-0.469504,-0.269504,0.000000,0.100000
0.359187,0.559187,-0.469390,-0.269390,0.000000,0.100000
0.359034,0.559034,-0.469276,-0.269276,0.000000,0.100000
0.358882,0.558882,-0.469161,-0.269161,0.000000,0.100000
0.358729,0.558729,-0.469047,-0.269047,0.000000,0.100000
0.358576,0.558576,-0.468932,-0.268932,0.000000,0.100000
0.358423,0.558423,-0.468817,-0.268817,0.000000,0.100000
0.358269,0.558269,-0.468702,-0.268702,0.000000,0.100000
0.358115,0.558115,-0.468586,-0.268586,0.000000,0.100000
0.357961,0.557961,-0.468471,-0.268471,0.000000,0.100000
0.357807,0.557807,-0.468355,-0.268355,0.000000,0.100000
0.357652,0.557652,-0.468239,-0.268239,0.000000,0.100000
0.357498,0.557498,-0.468123,-0.268123,0.000000,0.100000
0.357343,0.557343,-0.468007,-0.268007,0.000000,0.100000
0.357187,0.557187,-0.467890,-0.267890,0.000000,0.100000
0.357032,0.557032,-0.467774,-0.267774,0.000000,0.100000
0.356876,0.556876,-0.467657,-0.267657,0.000000,0.100000
0.356720,0.556720,-0.467540,-0.267540,0.000000,0.100000
0.356564,0.556564,-0.467423,-0.267423,0.000000,0.100000
0.356407,0.556407,-0.467305,-0.267305,0.000000,0.100000
0.356250,0.556250,-0.467188,-0.267188,0.000000,0.100000
0.356093,0.556093,-0.467070,-0.267070,0.000000,0.100000
0.355936,0.555936,-0.466952,-0.266952,0.000000,0.100000
0.355779,0.555779,-0.466834,-0.266834,0.000000,0.100000
0.355621,0.555621,-0.466716,-0.266716,0.000000,0.100000
0.355463,0.555463,-0.466597,-0.266597,0.000000,0.100000
0.355305,0.555305,-0.466478,-0.266478,0.000000,0.100000
0.355146,0.555146,-0.466360,-0.266360,0.000000,0.100000
0.354987,0.554987,-0.466240,-0.266240,0.000000,0.100000
0.354828,0.554828,-0.466121,-0.266121,0.000000,0.100000
0.354669,0.554669,-0.466002,-0.266002,0.000000,0.100000
0.354510,0.554510,-0.465882,-0.265882,0.000000,0.100000
0.354350,0.554350,-0.465762,-0.265762,0.000000,0.100000
0.354190,0.554190,-0.465642,-0.265642,0.000000,0.100000
0.354030,0.554030,-0.465522,-0.265522,0.000000,0.100000
0.353869,0.553869,-0.465402,-0.265402,0.000000,0.100000
0.353709,0.553709,-0.465281,-0.265281,0.000000,0.100000
0.353548,0.553548,-0.465161,-0.265161,0.000000,0.100000
0.353386,0.553386,-0.465040,-0.265040,0.000000,0.100000
0.353225,0.553225,-0.464919,-0.264919,0.000000,0.100000
0.353063,0.553063,-0.464798,-0.264798,0.000000,0.100000
0.352901,0.552901,-0.464676,-0.264676,0.000000,0.100000
0.352739,0.552739,-0.464554,-0.264554,0.000000,0.100000
0.352577,0.552577,-0.464433,-0.264433,0.000000,0.100000
0.352414,0.552414,-0.464311,-0.264311,0.000000,0.100000
0.352251,0.552251,-0.464189,-0.264189,0.000000,0.100000
0.352088,0.552088,-0.464066,-0.264066,0.000000,0.100000
0.351925,0.551925,-0.463944,-0.263944,0.000000,0.100000
0.351761,0.551761,-0.463821,-0.263821,0.000000,0.100000
0.351598,0.551598,-0.463698,-0.263698,0.000000,0.100000
0.351433,0.551433,-0.463575,-0.263575,0.000000,0.100000
0.351269,0.551269,-0.463452,-0.263452,0.000000,0.100000
0.351105,0.551105,-0.463328,-0.263328,0.000000,0.100000
0.350940,0.550940,-0.463205,-0.263205,0.000000,0.100000
0.350775,0.550775,-0.463081,-0.263081,0.000000,0.100000
0.350610,0.550610,-0.462957,-0.262957,0.000000,0.100000
0.350444,0.550444,-0.462833,-0.262833,0.000000,0.100000
0.350278,0.550278,-0.462709,-0.262709,0.000000,0.100000
0.350112,0.550112,-0.462584,-0.262584,0.000000,0.100000
0.349946,0.549946,-0.462460,-0.262460,0.000000,0.100000
0.349780,0.549780,-0.462335,-0.262335,0.000000,0.100000
0.349613,0.549613,-0.462210,-0.262210,0.000000,0.100000
0.349446,0.549446,-0.462085,-0.262085,0.000000,0.100000
0.349279,0.549279,-0.461959,-0.261959,0.000000,0.100000
0.349112,0.549112,-0.461834,-0.261834,0.000000,0.100000
0.348944,0.548944,-0.461708,-0.261708,0.000000,0.100000
0.348776,0.548776,-0.461582,-0.261582,0.000000,0.100000
0.348608,0.548608,-0.461456,-0.261456,0.000000,0.100000
0.348440,0.548440,-0.461330,-0.261330,0.000000,0.100000
0.348271,0.548271,-0.461203,-0.261203,0.000000,0.100000
0.348102,0.548102,-0.461077,-0.261077,0.000000,0.100000
0.347933,0.547933,-0.460950,-0.260950,0.000000,0.100000
0.347764,0.547764,-0.460823,-0.260823,0.000000,0.100000
0.347594,0.547594,-0.460696,-0.260696,0.000000,0.100000
0.347425,0.547425,-0.460569,-0.260569,0.000000,0.100000
0.347255,0.547255,-0.460441,-0.260441,0.000000,0.100000
0.347085,0.547085,-0.460313,-0.260313,0.000000,0.100000
0.346914,0.546914,-0.460186,-0.260186,0.000000,0.100000
0.346743,0.546743,-0.460058,-0.260058,0.000000,0.100000
0.346573,0.546573,-0.459929,-0.259929,0.000000,0.100000
0.346401,0.546401,-0.459801,-0.259801,0.000000,0.100000
0.346230,0.546230,-0.459673,-0.259673,0.000000,0.100000
0.346058,0.546058,-0.459544,-0.259544,0.000000,0.100000
0.345887,0.545887,-0.459415,-0.259415,0.000000,0.100000
0.345715,0.545715,-0.459286,-0.259286,0.000000,0.100000
0.345542,0.545542,-0.459157,-0.259157,0.000000,0.100000
0.345370,0.545370,-0.459027,-0.259027,0.000000,0.100000
0.345197,0.545197,-0.458898,-0.258898,0.000000,0.100000
0.345024,0.545024,-0.458768,-0.258768,0.000000,0.100000
0.344851,0.544851,-0.458638,-0.258638,0.000000,0.100000
0.344677,0.544677,-0.458508,-0.258508,0.000000,0.100000
0.344504,0.544504,-0.458378,-0.258378,0.000000,0.100000
0.344330,0.544330,-0.458247,-0.258247,0.000000,0.100000
0.344156,0.544156,-0.458117,-0.258117,0.000000,0.100000
0.343981,0.543981,-0.457986,-0.257986,0.000000,0.100000
0.343807,0.543807,-0.457855,-0.257855,0.000000,0.100000
0.343632,0.543632,-0.457724,-0.257724,0.000000,0.100000
0.343457,0.543457,-0.457593,-0.257593,0.000000,0.100000
0.343282,0.543282,-0.457461,-0.257461,0.000000,0.100000
0.343106,0.543106,-0.457330,-0.257330,0.000000,0.100000
0.342931,0.542931,-0.457198,-0.257198,0.000000,0.100000
0.342755,0.542755,-0.457066,-0.257066,0.000000,0.100000
0.342579,0.542579,-0.456934,-0.256934,0.000000,0.100000
0.342402,0.542402,-0.456802,-0.256802,0.000000,0.100000
0.342226,0.542226,-0.456669,-0.256669,0.000000,0.100000
0.342049,0.542049,-0.456537,-0.256537,0.000000,0.100000
0.341872,0.541872,-0.456404,-0.256404,0.000000,0.100000
0.341694,0.541694,-0.456271,-0.256271,0.000000,0.100000
0.341517,0.541517,-0.456138,-0.256138,0.000000,0.100000
0.341339,0.541339,-0.456004,-0.256004,0.000000,0.100000
0.341161,0.541161,-0.455871,-0.255871,0.000000,0.100000
0.340983,0.540983,-0.455737,-0.255737,0.000000,0.100000
0.340805,0.540805,-0.455603,-0.255603,0.000000,0.100000
0.340626,0.540626,-0.455470,-0.255470,0.000000,0.100000
0.340447,0.540447,-0.455335,-0.255335,0.000000,0.100000
0.340268,0.540268,-0.455201,-0.255201,0.000000,0.100000
0.340089,0.540089,-0.455067,-0.255067,0.000000,0.100000
0.339909,0.539909,-0.454932,-0.254932,0.000000,0.100000
0.339730,0.539730,-0.454797,-0.254797,0.000000,0.100000
0.339550,0.539550,-0.454662,-0.254662,0.000000,0.100000
0.339369,0.539369,-0.454527,-0.254527,0.000000,0.100000
0.339189,0.539189,-0.454392,-0.254392,0.000000,0.100000
0.339008,0.539008,-0.454256,-0.254256,0.000000,0.100000
0.338828,0.538828,-0.454121,-0.254121,0.000000,0.100000
0.338647,0.538647,-0.453985,-0.253985,0.000000,0.100000
0.338465,0.538465,-0.453849,-0.253849,0.000000,0.100000
0.338284,0.538284,-0.453713,-0.253713,0.000000,0.100000
0.338102,0.538102,-0.453577,-0.253577,0.000000,0.100000
0.337920,0.537920,-0.453440,-0.253440,0.000000,0.100000
0.337738,0.537738,-0.453304,-0.253304,0.000000,0.100000
0.337556,0.537556,-0.453167,-0.253167,0.000000,0.100000
0.337373,0.537373,-0.453030,-0.253030,0.000000,0.100000
0.337190,0.537190,-0.452893,-0.252893,0.000000,0.100000
0.337007,0.537007,-0.452756,-0.252756,0.000000,0.100000
0.336824,0.536824,-0.452618,-0.252618,0.000000,0.100000
0.336641,0.536641,-0.452481,-0.252481,0.000000,0.100000
0.336457,0.536457,-0.452343,-0.252343,0.000000,0.100000
0.336273,0.536273,-0.452205,-0.252205,0.000000,0.100000
0.336089,0.536089,-0.452067,-0.252067,0.000000,0.100000
0.335905,0.535905,-0.451929,-0.251929,0.000000,0.100000
0.335720,0.535720,-0.451790,-0.251790,0.000000,0.100000
0.335536,0.535536,-0.451652,-0.251652,0.000000,0.100000
0.335351,0.535351,-0.451513,-0.251513,0.000000,0.100000
0.335166,0.535166,-0.451374,-0.251374,0.000000,0.100000
0.334980,0.534980,-0.451235,-0.251235,0.000000,0.100000
0.334795,0.534795,-0.451096,-0.251096,0.000000,0.100000
0.334609,0.534609,-0.450957,-0.250957,0.000000,0.100000
0.334423,0.534423,-0.450817,-0.250817,0.000000,0.100000
0.334237,0.534237,-0.450677,-0.250677,0.000000,0.100000
0.334050,0.534050,-0.450538,-0.250538,0.000000,0.100000
0.333863,0.533863,-0.450398,-0.250398,0.000000,0.100000
0.333677,0.533677,-0.450257,-0.250257,0.000000,0.100000
0.333490,0.533490,-0.450117,-0.250117,0.000000,0.100000
0.333302,0.533302,-0.449977,-0.249977,0.000000,0.100000
0.333115,0.533115,-0.449836,-0.249836,0.000000,0.100000
0.332927,0.532927,-0.449695,-0.249695,0.000000,0.100000
0.332739,0.532739,-0.449554,-0.249554,0.000000,0.100000
0.332551,0.532551,-0.449413,-0.249413,0.000000,0.100000
0.332363,0.532363,-0.449272,-0.249272,0.000000,0.100000
0.332174,0.532174,-0.449131,-0.249131,0.000000,0.100000
0.331985,0.531985,-0.448989,-0.248989,0.000000,0.100000
0.331797,0.531797,-0.448847,-0.248847,0.000000,0.100000
0.331607,0.531607,-0.448706,-0.248706,0.000000,0.100000
0.331418,0.531418,-0.448563,-0.248563,0.000000,0.100000
0.331228,0.531228,-0.448421,-0.248421,0.000000,0.100000
0.331039,0.531039,-0.448279,-0.248279,0.000000,0.100000
0.330849,0.530849,-0.448136,-0.248136,0.000000,0.100000
0.330658,0.530658,-0.447994,-0.247994,0.000000,0.100000
0.330468,0.530468,-0.447851,-0.247851,0.000000,0.100000
0.330277,0.530277,-0.447708,-0.247708,0.000000,0.100000
0.330087,0.530087,-0.447565,-0.247565,0.000000,0.100000
0.329896,0.529896,-0.447422,-0.247422,0.000000,0.100000
0.329704,0.529704,-0.447278,-0.247278,0.000000,0.100000
0.329513,0.529513,-0.447135,-0.247135,0.000000,0.100000
0.329321,0.529321,-0.446991,-0.246991,0.000000,0.100000
0.329129,0.529129,-0.446847,-0.246847,0.000000,0.100000
0.328937,0.528937,-0.446703,-0.246703,0.000000,0.100000
0.328745,0.528745,-0.446559,-0.246559,0.000000,0.100000
0.328553,0.528553,-0.446415,-0.246415,0.000000,0.100000
0.328360,0.528360,-0.446270,-0.246270,0.000000,0.100000
0.328167,0.528167,-0.446125,-0.246125,0.000000,0.100000
0.327974,0.527974,-0.445981,-0.245981,0.000000,0.100000
0.327781,0.527781,-0.445836,-0.245836,0.000000,0.100000
0.327587,0.527587,-0.445691,-0.245691,0.000000,0.100000
0.327394,0.527394,-0.445545,-0.245545,0.000000,0.100000
0.327200,0.527200,-0.445400,-0.245400,0.000000,0.100000
0.327006,0.527006,-0.445254,-0.245254,0.000000,0.100000
0.326812,0.526812,-0.445109,-0.245109,0.000000,0.100000
0.326617,0.526617,-0.444963,-0.244963,0.000000,0.100000
0.326422,0.526422,-0.444817,-0.244817,0.000000,0.100000
0.326228,0.526228,-0.444671,-0.244671,0.000000,0.100000
0.326032,0.526032,-0.444524,-0.244524,0.000000,0.100000
0.325837,0.525837,-0.444378,-0.244378,0.000000,0.100000
0.325642,0.525642,-0.444231,-0.244231,0.000000,0.100000
0.325446,0.525446,-0.444085,-0.244085,0.000000,0.100000
0.325250,0.525250,-0.443938,-0.243938,0.000000,0.100000
0.325054,0.525054,-0.443791,-0.243791,0.000000,0.100000
0.324858,0.524858,-0.443643,-0.243643,0.000000,0.100000
0.324661,0.524661,-0.443496,-0.243496,0.000000,0.100000
0.324465,0.524465,-0.443349,-0.243349,0.000000,0.100000
0.324268,0.524268,-0.443201,-0.243201,0.000000,0.100000
0.324071,0.524071,-0.443053,-0.243053,0.000000,0.100000
0.323874,0.523874,-0.442905,-0.242905,0.000000,0.100000
0.323676,0.523676,-0.442757,-0.242757,0.000000,0.100000
0.323479,0.523479,-0.442609,-0.242609,0.000000,0.100000
0.323281,0.523281,-0.442461,-0.242461,0.000000,0.100000
0.323083,0.523083,-0.442312,-0.242312,0.000000,0.100000
0.322885,0.522885,-0.442163,-0.242163,0.000000,0.100000
0.322686,0.522686,-0.442015,-0.242015,0.000000,0.100000
0.322488,0.522488,-0.441866,-0.241866,0.000000,0.100000
0.322289,0.522289,-0.441717,-0.241717,0.000000,0.100000
0.322090,0.522090,-0.441567,-0.241567,0.000000,0.100000
0.321891,0.521891,-0.441418,-0.241418,0.000000,0.100000
0.321691,0.521691,-0.441268,-0.241268,0.000000,0.100000
0.321492,0.521492,-0.441119,-0.241119,0.000000,0.100000
0.321292,0.521292,-0.440969,-0.240969,0.000000,0.100000
0.321092,0.521092,-0.440819,-0.240819,0.000000,0.100000
0.320892,0.520892,-0.440669,-0.240669,0.000000,0.100000
0.320691,0.520691,-0.440519,-0.240519,0.000000,0.100000
0.320491,0.520491,-0.440368,-0.240368,0.000000,0.100000
0.320290,0.520290,-0.440218,-0.240218,0.000000,0.100000
0.320089,0.520089,-0.440067,-0.240067,0.000000,0.100000
0.319888,0.519888,-0.439916,-0.239916,0.000000,0.100000
0.319687,0.519687,-0.439765,-0.239765,0.000000,0.100000
0.319485,0.519485,-0.439614,-0.239614,0.000000,0.100000
0.319284,0.519284,-0.439463,-0.239463,0.000000,0.100000
0.319082,0.519082,-0.439311,-0.239311,0.000000,0.100000
0.318880,0.518880,-0.439160,-0.239160,0.000000,0.100000
0.318678,0.518678,-0.439008,-0.239008,0.000000,0.100000
0.318475,0.518475,-0.438856,-0.238856,0.000000,0.100000
0.318273,0.518273,-0.438705,-0.238705,0.000000,0.100000
0.318070,0.518070,-0.438552,-0.238552,0.000000,0.100000
0.317867,0.517867,-0.438400,-0.238400,0.000000,0.100000
0.317664,0.517664,-0.438248,-0.238248,0.000000,0.100000
0.317460,0.517460,-0.438095,-0.238095,0.000000,0.100000
0.317257,0.517257,-0.437943,-0.237943,0.000000,0.100000
0.317053,0.517053,-0.437790,-0.237790,0.000000,0.100000
0.316849,0.516849,-0.437637,-0.237637,0.000000,0.100000
0.316645,0.516645,-0.437484,-0.237484,0.000000,0.100000
0.316441,0.516441,-0.437331,-0.237331,0.000000,0.100000
0.316236,0.516236,-0.437177,-0.237177,0.000000,0.100000
0.316032,0.516032,-0.437024,-0.237024,0.000000,0.100000
0.315827,0.515827,-0.436870,-0.236870,0.000000,0.100000
0.315622,0.515622,-0.436717,-0.236717,0.000000,0.100000
0.315417,0.515417,-0.436563,-0.236563,0.000000,0.100000
0.315211,0.515211,-0.436409,-0.236409,0.000000,0.100000
0.315006,0.515006,-0.436254,-0.236254,0.000000,0.100000
0.314800,0.514800,-0.436100,-0.236100,0.000000,0.100000
0.314594,0.514594,-0.435946,-0.235946,0.000000,0.100000
0.314388,0.514388,-0.435791,-0.235791,0.000000,0.100000
0.314182,0.514182,-0.435636,-0.235636,0.000000,0.100000
0.313975,0.513975,-0.435482,-0.235482,0.000000,0.100000
0.313769,0.513769,-0.435327,-0.235327,0.000000,0.100000
0.313562,0.513562,-0.435172,-0.235172,0.000000,0.100000
0.313355,0.513355,-0.435016,-0.235016,0.000000,0.100000
0.313148,0.513148,-0.434861,-0.234861,0.000000,0.100000
0.312941,0.512941,-0.434705,-0.234705,0.000000,0.100000
0.312733,0.512733,-0.434550,-0.234550,0.000000,0.100000
0.312525,0.512525,-0.434394,-0.234394,0.000000,0.100000
0.312317,0.512317,-0.434238,-0.234238,0.000000,0.100000
0.312109,0.512109,-0.434082,-0.234082,0.000000,0.100000
0.311901,0.511901,-0.433926,-0.233926,0.000000,0.100000
0.311693,0.511693,-0.433770,-0.233770,0.000000,0.100000
0.311484,0.511484,-0.433613,-0.233613,0.000000,0.100000
0.311275,0.511275,-0.433456,-0.233456,0.000000,0.100000
0.311066,0.511066,-0.433300,-0.233300,0.000000,0.100000
0.310857,0.510857,-0.433143,-0.233143,0.000000,0.100000
0.310648,0.510648,-0.432986,-0.232986,0.000000,0.100000
0.310438,0.510438,-0.432829,-0.232829,0.000000,0.100000
0.310229,0.510229,-0.432672,-0.232672,0.000000,0.100000
0.310019,0.510019,-0.432514,-0.232514,0.000000,0.100000
0.309809,0.509809,-0.432357,-0.232357,0.000000,0.100000
0.309599,0.509599,-0.432199,-0.232199,0.000000,0.100000
0.309389,0.509389,-0.432041,-0.232041,0.000000,0.100000
0.309178,0.509178,-0.431884,-0.231884,0.000000,0.100000
0.308967,0.508967,-0.431725,-0.231725,0.000000,0.100000
0.308756,0.508756,-0.431567,-0.231567,0.000000,0.100000
0.308545,0.508545,-0.431409,-0.231409,0.000000,0.100000
0.308334,0.508334,-0.431251,-0.231251,0.000000,0.100000
0.308123,0.508123,-0.431092,-0.231092,0.000000,0.100000
0.307911,0.507911,-0.430934,-0.230934,0.000000,0.100000
0.307700,0.507700,-0.430775,-0.230775,0.000000,0.100000
0.307488,0.507488,-0.430616,-0.230616,0.000000,0.100000
0.307276,0.507276,-0.430457,-0.230457,0.000000,0.100000
0.307063,0.507063,-0.430298,-0.230298,0.000000,0.100000
0.306851,0.506851,-0.430138,-0.230138,0.000000,0.100000
0.306639,0.506639,-0.429979,-0.229979,0.000000,0.100000
0.306426,0.506426,-0.429819,-0.229819,0.000000,0.100000
0.306213,0.506213,-0.429660,-0.229660,0.000000,0.100000
0.306000,0.506000,-0.429500,-0.229500,0.000000,0.100000
0.305787,0.505787,-0.429340,-0.229340,0.000000,0.100000
0.305573,0.505573,-0.429180,-0.229180,0.000000,0.100000
0.305360,0.505360,-0.429020,-0.229020,0.000000,0.100000
0.305146,0.505146,-0.428859,-0.228859,0.000000,0.100000
0.304932,0.504932,-0.428699,-0.228699,0.000000,0.100000
0.304718,0.504718,-0.428538,-0.228538,0.000000,0.100000
0.304504,0.504504,-0.428378,-0.228378,0.000000,0.100000
0.304289,0.504289,-0.428217,-0.228217,0.000000,0.100000
0.304075,0.504075,-0.428056,-0.228056,0.000000,0.100000
0.303860,0.503860,-0.427895,-0.227895,0.000000,0.100000
0.303645,0.503645,-0.427734,-0.227734,0.000000,0.100000
0.303430,0.503430,-0.427573,-0.227573,0.000000,0.100000
0.303215,0.503215,-0.427411,-0.227411,0.000000,0.100000
0.303000,0.503000,-0.427250,-0.227250,0.000000,0.100000
0.302784,0.502784,-0.427088,-0.227088,0.000000,0.100000
0.302568,0.502568,-0.426926,-0.226926,0.000000,0.100000
0.302352,0.502352,-0.426764,-0.226764,0.000000,0.100000
0.302136,0.502136,-0.426602,-0.226602,0.000000,0.100000
0.301920,0.501920,-0.426440,-0.226440,0.000000,0.100000
0.301704,0.501704,-0.426278,-0.226278,0.000000,0.100000
0.301487,0.501487,-0.426116,-0.226116,0.000000,0.100000
0.301271,0.501271,-0.425953,-0.225953,0.000000,0.100000
0.301054,0.501054,-0.425790,-0.225790,0.000000,0.100000
0.300837,0.500837,-0.425628,-0.225628,0.000000,0.100000
0.300620,0.500620,-0.425465,-0.225465,0.000000,0.100000
0.300402,0.500402,-0.425302,-0.225302,0.000000,0.100000
0.300185,0.500185,-0.425139,-0.225139,0.000000,0.100000
0.299967,0.499967,-0.424976,-0.224976,0.000000,0.100000
0.299750,0.499750,-0.424812,-0.224812,0.000000,0.100000
0.299532,0.499532,-0.424649,-0.224649,0.000000,0.100000
0.299314,0.499314,-0.424485,-0.224485,0.000000,0.100000
0.299095,0.499095,-0.424321,-0.224321,0.000000,0.100000
0.298877,0.498877,-0.424158,-0.224158,0.000000,0.100000
0.298658,0.498658,-0.423994,-0.223994,0.000000,0.100000
0.298440,0.498440,-0.423830,-0.223830,0.000000,0.100000
0.298221,0.498221,-0.423666,-0.223666,0.000000,0.100000
0.298002,0.498002,-0.423501,-0.223501,0.000000,0.100000
0.297782,0.497782,-0.423337,-0.223337,0.000000,0.100000
0.297563,0.497563,-0.423172,-0.223172,0.000000,0.100000
0.297344,0.497344,-0.423008,-0.223008,0.000000,0.100000
0.297124,0.497124,-0.422843,-0.222843,0.000000,0.100000
0.296904,0.496904,-0.422678,-0.222678,0.000000,0.100000
0.296684,0.496684,-0.422513,-0.222513,0.000000,0.100000
0.296464,0.496464,-0.422348,-0.222348,0.000000,0.100000
0.296244,0.496244,-0.422183,-0.222183,0.000000,0.100000
0.296023,0.496023,-0.422018,-0.222018,0.000000,0.100000
0.295803,0.495803,-0.421852,-0.221852,0.000000,0.100000
0.295582,0.495582,-0.421687,-0.221687,0.000000,0.100000
0.295361,0.495361,-0.421521,-0.221521,0.000000,0.100000
0.295140,0.495140,-0.421355,-0.221355,0.000000,0.100000
0.294919,0.494919,-0.421189,-0.221189,0.000000,0.100000
0.294698,0.494698,-0.421023,-0.221023,0.000000,0.100000
0.294476,0.494476,-0.420857,-0.220857,0.000000,0.100000
0.294255,0.494255,-0.420691,-0.220691,0.000000,0.100000
0.294033,0.494033,-0.420525,-0.220525,0.000000,0.100000
0.293811,0.493811,-0.420358,-0.220358,0.000000,0.100000
0.293589,0.493589,-0.420192,-0.220192,0.000000,0.100000
0.293367,0.493367,-0.420025,-0.220025,0.000000,0.100000
0.293144,0.493144,-0.419858,-0.219858,0.000000,0.100000
0.292922,0.492922,-0.419691,-0.219691,0.000000,0.100000
0.292699,0.492699,-0.419524,-0.219524,0.000000,0.100000
0.292477,0.492477,-0.419357,-0.219357,0.000000,0.100000
0.292254,0.492254,-0.419190,-0.219190,0.000000,0.100000
0.292030,0.492030,-0.419023,-0.219023,0.000000,0.100000
0.291807,0.491807,-0.418855,-0.218855,0.000000,0.100000
0.291584,0.491584,-0.418688,-0.218688,0.000000,0.100000
0.291360,0.491360,-0.418520,-0.218520,0.000000,0.100000
0.291137,0.491137,-0.418353,-0.218353,0.000000,0.100000
0.290913,0.490913,-0.418185,-0.218185,0.000000,0.100000
0.290689,0.490689,-0.418017,-0.218017,0.000000,0.100000
0.290465,0.490465,-0.417849,-0.217849,0.000000,0.100000
0.290241,0.490241,-0.417680,-0.217680,0.000000,0.100000
0.290016,0.490016,-0.417512,-0.217512,0.000000,0.100000
0.289792,0.489792,-0.417344,-0.217344,0.000000,0.100000
0.289567,0.489567,-0.417175,-0.217175,0.000000,0.100000
0.289342,0.489342,-0.417007,-0.217007,0.000000,0.100000
0.289117,0.489117,-0.416838,-0.216838,0.000000,0.100000
0.288892,0.488892,-0.416669,-0.216669,0.000000,0.100000
0.288667,0.488667,-0.416500,-0.216500,0.000000,0.100000
0.288442,0.488442,-0.416331,-0.216331,0.000000,0.100000
0.288216,0.488216,-0.416162,-0.216162,0.000000,0.100000
0.287990,0.487990,-0.415993,-0.215993,0.000000,0.100000
0.287765,0.487765,-0.415823,-0.215823,0.000000,0.100000
0.287539,0.487539,-0.415654,-0.215654,0.000000,0.100000
0.287313,0.487313,-0.415484,-0.215484,0.000000,0.100000
0.287086,0.487086,-0.415315,-0.215315,0.000000,0.100000
0.286860,0.486860,-0.415145,-0.215145,0.000000,0.100000
0.286634,0.486634,-0.414975,-0.214975,0.000000,0.100000
0.286407,0.486407,-0.414805,-0.214805,0.000000,0.100000
0.286180,0.486180,-0.414635,-0.214635,0.000000,0.100000
0.285953,0.485953,-0.414465,-0.214465,0.000000,0.100000
0.285726,0.485726,-0.414295,-0.214295,0.000000,0.100000
0.285499,0.485499,-0.414124,-0.214124,0.000000,0.100000
0.285272,0.485272,-0.413954,-0.213954,0.000000,0.100000
0.285044,0.485044,-0.413783,-0.213783,0.000000,0.100000
0.284817,0.484817,-0.413613,-0.213613,0.000000,0.100000
0.284589,0.484589,-0.413442,-0.213442,0.000000,0.100000
0.284361,0.484361,-0.413271,-0.213271,0.000000,0.100000
0.284133,0.484133,-0.413100,-0.213100,0.000000,0.100000
0.283905,0.483905,-0.412929,-0.212929,0.000000,0.100000
0.283677,0.483677,-0.412758,-0.212758,0.000000,0.100000
0.283449,0.483449,-0.412586,-0.212586,0.000000,0.100000
0.283220,0.483220,-0.412415,-0.212415,0.000000,0.100000
0.282992,0.482992,-0.412244,-0.212244,0.000000,0.100000
0.282763,0.482763,-0.412072,-0.212072,0.000000,0.100000
0.282534,0.482534,-0.411900,-0.211900,0.000000,0.100000
0.282305,0.482305,-0.411729,-0.211729,0.000000,0.100000
0.282076,0.482076,-0.411557,-0.211557,0.000000,0.100000
0.281846,0.481846,-0.411385,-0.211385,0.000000,0.100000
0.281617,0.481617,-0.411213,-0.211213,0.000000,0.100000
0.281388,0.481388,-0.411041,-0.211041,0.000000,0.100000
0.281158,0.481158,-0.410868,-0.210868,0.000000,0.100000
0.280928,0.480928,-0.410696,-0.210696,0.000000,0.100000
0.280698,0.480698,-0.410524,-0.210524,0.000000,0.100000
0.280468,0.480468,-0.410351,-0.210351,0.000000,0.100000
0.280238,0.480238,-0.410178,-0.210178,0.000000,0.100000
0.280008,0.480008,-0.410006,-0.210006,0.000000,0.100000
0.279777,0.479777,-0.409833,-0.209833,0.000000,0.100000
0.279547,0.479547,-0.409660,-0.209660,0.000000,0.100000
0.279316,0.479316,-0.409487,-0.209487,0.000000,0.100000
0.279085,0.479085,-0.409314,-0.209314,0.000000,0.100000
0.278854,0.478854,-0.409141,-0.209141,0.000000,0.100000
0.278623,0.478623,-0.408967,-0.208967,0.000000,0.100000
0.278392,0.478392,-0.408794,-0.208794,0.000000,0.100000
0.278161,0.478161,-0.408621,-0.208621,0.000000,0.100000
0.277929,0.477929,-0.408447,-0.208447,0.000000,0.100000
0.277698,0.477698,-0.408273,-0.208273,0.000000,0.100000
0.277466,0.477466,-0.408100,-0.208100,0.000000,0.100000
0.277234,0.477234,-0.407926,-0.207926,0.000000,0.100000
0.277002,0.477002,-0.407752,-0.207752,0.000000,0.100000
0.276770,0.476770,-0.407578,-0.207578,0.000000,0.100000
0.276538,0.476538,-0.407404,-0.207404,0.000000,0.100000
0.276306,0.476306,-0.407229,-0.207229,0.000000,0.100000
0.276073,0.476073,-0.407055,-0.207055,0.000000,0.100000
0.275841,0.475841,-0.406881,-0.206881,0.000000,0.100000
0.275608,0.475608,-0.406706,-0.206706,0.000000,0.100000
0.275376,0.475376,-0.406532,-0.206532,0.000000,0.100000
0.275143,0.475143,-0.406357,-0.206357,0.000000,0.100000
0.274910,0.474910,-0.406182,-0.206182,0.000000,0.100000
0.274677,0.474677,-0.406007,-0.206007,0.000000,0.100000
0.274443,0.474443,-0.405832,-0.205832,0.000000,0.100000
0.274210,0.474210,-0.405657,-0.205657,0.000000,0.100000
0.273976,0.473976,-0.405482,-0.205482,0.000000,0.100000
0.273743,0.473743,-0.405307,-0.205307,0.000000,0.100000
0.273509,0.473509,-0.405132,-0.205132,0.000000,0.100000
0.273275,0.473275,-0.404957,-0.204957,0.000000,0.100000
0.273041,0.473041,-0.404781,-0.204781,0.000000,0.100000
0.272807,0.472807,-0.404606,-0.204606,0.000000,0.100000
0.272573,0.472573,-0.404430,-0.204430,0.000000,0.100000
0.272339,0.472339,-0.404254,-0.204254,0.000000,0.100000
0.272105,0.472105,-0.404078,-0.204078,0.000000,0.100000
0.271870,0.471870,-0.403903,-0.203903,0.000000,0.100000
0.271635,0.471635,-0.403727,-0.203727,0.000000,0.100000
0.271401,0.471401,-0.403551,-0.203551,0.000000,0.100000
0.271166,0.471166,-0.403374,-0.203374,0.000000,0.100000
0.270931,0.470931,-0.403198,-0.203198,0.000000,0.100000
0.270696,0.470696,-0.403022,-0.203022,0.000000,0.100000
0.270461,0.470461,-0.402846,-0.202846,0.000000,0.100000
0.270225,0.470225,-0.402669,-0.202669,0.000000,0.100000
0.269990,0.469990,-0.402492,-0.202492,0.000000,0.100000
0.269754,0.469754,-0.402316,-0.202316,0.000000,0.100000
0.269519,0.469519,-0.402139,-0.202139,0.000000,0.100000
0.269283,0.469283,-0.401962,-0.201962,0.000000,0.100000
0.269047,0.469047,-0.401785,-0.201785,0.000000,0.100000
0.268811,0.468811,-0.401608,-0.201608,0.000000,0.100000
0.268575,0.468575,-0.401431,-0.201431,0.000000,0.100000
0.268339,0.468339,-0.401254,-0.201254,0.000000,0.100000
0.268103,0.468103,-0.401077,-0.201077,0.000000,0.100000
0.267866,0.467866,-0.400900,-0.200900,0.000000,0.100000
0.267630,0.467630,-0.400722,-0.200722,0.000000,0.100000
0.267393,0.467393,-0.400545,-0.200545,0.000000,0.100000
0.267157,0.467157,-0.400367,-0.200367,0.000000,0.100000
0.266920,0.466920,-0.400190,-0.200190,0.000000,0.100000
0.266683,0.466683,-0.400012,-0.200012,0.000000,0.100000
0.266446,0.466446,-0.399834,-0.199834,0.000000,0.100000
0.266209,0.466209,-0.399657,-0.199657,0.000000,0.100000
0.265971,0.465971,-0.399479,-0.199479,0.000000,0.100000
0.265734,0.465734,-0.399301,-0.199301,0.000000,0.100000
0.265497,0.465497,-0.399123,-0.199123,0.000000,0.100000
0.265259,0.465259,-0.398944,-0.198944,0.000000,0.100000
0.265022,0.465022,-0.398766,-0.198766,0.000000,0.100000
0.264784,0.464784,-0.398588,-0.198588,0.000000,0.100000
0.264546,0.464546,-0.398409,-0.198409,0.000000,0.100000
0.264308,0.464308,-0.398231,-0.198231,0.000000,0.100000
0.264070,0.464070,-0.398052,-0.198052,0.000000,0.100000
0.263832,0.463832,-0.397874,-0.197874,0.000000,0.100000
0.263594,0.463594,-0.397695,-0.197695,0.000000,0.100000
0.263355,0.463355,-0.397516,-0.197516,0.000000,0.100000
0.263117,0.463117,-0.397338,-0.197338,0.000000,0.100000
0.262878,0.462878,-0.397159,-0.197159,0.000000,0.100000
0.262639,0.462639,-0.396980,-0.196980,0.000000,0.100000
0.262401,0.462401,-0.396801,-0.196801,0.000000,0.100000
0.262162,0.462162,-0.396621,-0.196621,0.000000,0.100000
0.261923,0.461923,-0.396442,-0.196442,0.000000,0.100000
0.261684,0.461684,-0.396263,-0.196263,0.000000,0.100000
0.261445,0.461445,-0.396084,-0.196084,0.000000,0.100000
0.261205,0.461205,-0.395904,-0.195904,0.000000,0.100000
0.260966,0.460966,-0.395725,-0.195725,0.000000,0.100000
0.260727,0.460727,-0.395545,-0.195545,0.000000,0.100000
0.260487,0.460487,-0.395365,-0.195365,0.000000,0.100000
0.260248,0.460248,-0.395186,-0.195186,0.000000,0.100000
0.260008,0.460008,-0.395006,-0.195006,0.000000,0.100000
0.259768,0.459768,-0.394826,-0.194826,0.000000,0.100000
0.259528,0.459528,-0.394646,-0.194646,0.000000,0.100000
0.259288,0.459288,-0.394466,-0.194466,0.000000,0.100000
0.259048,0.459048,-0.394286,-0.194286,0.000000,0.100000
0.258808,0.458808,-0.394106,-0.194106,0.000000,0.100000
0.258567,0.458567,-0.393926,-0.193926,0.000000,0.100000
0.258327,0.458327,-0.393745,-0.193745,0.000000,0.100000
0.258087,0.458087,-0.393565,-0.193565,0.000000,0.100000
0.257846,0.457846,-0.393385,-0.193385,0.000000,0.100000
0.257605,0.457605,-0.393204,-0.193204,0.000000,0.100000
0.257365,0.457365,-0.393023,-0.193023,0.000000,0.100000
0.257124,0.457124,-0.392843,-0.192843,0.000000,0.100000
0.256883,0.456883,-0.392662,-0.192662,0.000000,0.100000
0.256642,0.456642,-0.392481,-0.192481,0.000000,0.100000
0.256401,0.456401,-0.392301,-0.192301,0.000000,0.100000
0.256160,0.456160,-0.392120,-0.192120,0.000000,0.100000
0.255918,0.455918,-0.391939,-0.191939,0.000000,0.100000
0.255677,0.455677,-0.391758,-0.191758,0.000000,0.100000
0.255435,0.455435,-0.391577,-0.191577,0.000000,0.100000
0.255194,0.455194,-0.391395,-0.191395,0.000000,0.100000
0.254952,0.454952,-0.391214,-0.191214,0.000000,0.100000
0.254711,0.454711,-0.391033,-0.191033,0.000000,0.100000
0.254469,0.454469,-0.390852,-0.190852,0.000000,0.100000
0.254227,0.454227,-0.390670,-0.190670,0.000000,0.100000
0.253985,0.453985,-0.390489,-0.190489,0.000000,0.100000
0.253743,0.453743,-0.390307,-0.190307,0.000000,0.100000
0.253501,0.453501,-0.390125,-0.190125,0.000000,0.100000
0.253258,0.453258,-0.389944,-0.189944,0.000000,0.100000
0.253016,0.453016,-0.389762,-0.189762,0.000000,0.100000
0.252774,0.452774,-0.389580,-0.189580,0.000000,0.100000
0.252531,0.452531,-0.389398,-0.189398,0.000000,0.100000
0.252289,0.452289,-0.389216,-0.189216,0.000000,0.100000
0.252046,0.452046,-0.389034,-0.189034,0.000000,0.100000
0.251803,0.451803,-0.388852,-0.188852,0.000000,0.100000
0.251560,0.451560,-0.388670,-0.188670,0.000000,0.100000
0.251318,0.451318,-0.388488,-0.188488,0.000000,0.100000
0.251075,0.451075,-0.388306,-0.188306,0.000000,0.100000
0.250832,0.450832,-0.388124,-0.188124,0.000000,0.100000
0.250588,0.450588,-0.387941,-0.187941,0.000000,0.100000
0.250345,0.450345,-0.387759,-0.187759,0.000000,0.100000
0.250102,0.450102,-0.387576,-0.187576,0.000000,0.100000
0.249858,0.449858,-0.387394,-0.187394,0.000000,0.100000
0.249615,0.449615,-0.387211,-0.187211,0.000000,0.100000
0.249371,0.449371,-0.387029,-0.187029,0.000000,0.100000
0.249128,0.449128,-0.386846,-0.186846,0.000000,0.100000
0.248884,0.448884,-0.386663,-0.186663,0.000000,0.100000
0.248640,0.448640,-0.386480,-0.186480,0.000000,0.100000
0.248397,0.448397,-0.386297,-0.186297,0.000000,0.100000
0.248153,0.448153,-0.386114,-0.186114,0.000000,0.100000
0.247909,0.447909,-0.385931,-0.185931,0.000000,0.100000
0.247665,0.447665,-0.385748,-0.185748,0.000000,0.100000
0.247420,0.447420,-0.385565,-0.185565,0.000000,0.100000
0.247176,0.447176,-0.385382,-0.185382,0.000000,0.100000
0.246932,0.446932,-0.385199,-0.185199,0.000000,0.100000
0.246688,0.446688,-0.385016,-0.185016,0.000000,0.100000
0.246443,0.446443,-0.384832,-0.184832,0.000000,0.100000
0.246199,0.446199,-0.384649,-0.184649,0.000000,0.100000
0.245954,0.445954,-0.384465,-0.184465,0.000000,0.100000
0.245709,0.445709,-0.384282,-0.184282,0.000000,0.100000
0.245465,0.445465,-0.384098,-0.184098,0.000000,0.100000
0.245220,0.445220,-0.383915,-0.183915,0.000000,0.100000
0.244975,0.444975,-0.383731,-0.183731,0.000000,0.100000
0.244730,0.444730,-0.383547,-0.183547,0.000000,0.100000
0.244485,0.444485,-0.383364,-0.183364,0.000000,0.100000
0.244240,0.444240,-0.383180,-0.183180,0.000000,0.100000
0.243995,0.443995,-0.382996,-0.182996,0.000000,0.100000
0.243749,0.443749,-0.382812,-0.182812,0.000000,0.100000
0.243504,0.443504,-0.382628,-0.182628,0.000000,0.100000
0.243259,0.443259,-0.382444,-0.182444,0.000000,0.100000
0.243013,0.443013,-0.382260,-0.182260,0.000000,0.100000
0.242768,0.442768,-0.382076,-0.182076,0.000000,0.100000
0.242522,0.442522,-0.381892,-0.181892,0.000000,0.100000
0.242277,0.442277,-0.381707,-0.181707,0.000000,0.100000
0.242031,0.442031,-0.381523,-0.181523,0.000000,0.100000
0.241785,0.441785,-0.381339,-0.181339,0.000000,0.100000
0.241539,0.441539,-0.381154,-0.181154,0.000000,0.100000
0.241293,0.441293,-0.380970,-0.180970,0.000000,0.100000
0.241047,0.441047,-0.380786,-0.180786,0.000000,0.100000
0.240801,0.440801,-0.380601,-0.180601,0.000000,0.100000
0.240555,0.440555,-0.380416,-0.180416,0.000000,0.100000
0.240309,0.440309,-0.380232,-0.180232,0.000000,0.100000
0.240063,0.440063,-0.380047,-0.180047,0.000000,0.100000
0.239817,0.439817,-0.379862,-0.179862,0.000000,0.100000
0.239570,0.439570,-0.379678,-0.179678,0.000000,0.100000
0.239324,0.439324,-0.379493,-0.179493,0.000000,0.100000
0.239077,0.439077,-0.379308,-0.179308,0.000000,0.100000
0.238831,0.438831,-0.379123,-0.179123,0.000000,0.100000
0.238584,0.438584,-0.378938,-0.178938,0.000000,0.100000
0.238338,0.438338,-0.378753,-0.178753,0.000000,0.100000
0.238091,0.438091,-0.378568,-0.178568,0.000000,0.100000
0.237844,0.437844,-0.378383,-0.178383,0.000000,0.100000
0.237597,0.437597,-0.378198,-0.178198,0.000000,0.100000
0.237350,0.437350,-0.378013,-0.178013,0.000000,0.100000
0.237103,0.437103,-0.377828,-0.177828,0.000000,0.100000
0.236856,0.436856,-0.377642,-0.177642,0.000000,0.100000
0.236609,0.436609,-0.377457,-0.177457,0.000000,0.100000
0.236362,0.436362,-0.377272,-0.177272,0.000000,0.100000
0.236115,0.436115,-0.377086,-0.177086,0.000000,0.100000
0.235868,0.435868,-0.376901,-0.176901,0.000000,0.100000
0.235620,0.435620,-0.376715,-0.176715,0.000000,0.100000
0.235373,0.435373,-0.376530,-0.176530,0.000000,0.100000
0.235126,0.435126,-0.376344,-0.176344,0.000000,0.100000
0.234878,0.434878,-0.376159,-0.176159,0.000000,0.100000
0.234631,0.434631,-0.375973,-0.175973,0.000000,0.100000
0.234383,0.434383,-0.375787,-0.175787,0.000000,0.100000
0.234135,0.434135,-0.375602,-0.175602,0.000000,0.100000
0.233888,0.433888,-0.375416,-0.175416,0.000000,0.100000
0.233640,0.433640,-0.375230,-0.175230,0.000000,0.100000
0.233392,0.433392,-0.375044,-0.175044,0.000000,0.100000
0.233144,0.433144,-0.374858,-0.174858,0.000000,0.100000
0.232896,0.432896,-0.374672,-0.174672,0.000000,0.100000
0.232648,0.432648,-0.374486,-0.174486,0.000000,0.100000
0.232400,0.432400,-0.374300,-0.174300,0.000000,0.100000
0.232152,0.432152,-0.374114,-0.174114,0.000000,0.100000
0.231904,0.431904,-0.373928,-0.173928,0.000000,0.100000
0.231656,0.431656,-0.373742,-0.173742,0.000000,0.100000
0.231408,0.431408,-0.373556,-0.173556,0.000000,0.100000
0.231160,0.431160,-0.373370,-0.173370,0.000000,0.100000
0.230911,0.430911,-0.373184,-0.173184,0.000000,0.100000
0.230663,0.430663,-0.372997,-0.172997,0.000000,0.100000
0.230415,0.430415,-0.372811,-0.172811,0.000000,0.100000
0.230166,0.430166,-0.372625,-0.172625,0.000000,0.100000
0.229918,0.429918,-0.372438,-0.172438,0.000000,0.100000
0.229669,0.429669,-0.372252,-0.172252,0.000000,0.100000
0.229420,0.429420,-0.372065,-0.172065,0.000000,0.100000
0.229172,0.429172,-0.371879,-0.171879,0.000000,0.100000
0.228923,0.428923,-0.371692,-0.171692,0.000000,0.100000
0.228674,0.428674,-0.371506,-0.171506,0.000000,0.100000
0.228426,0.428426,-0.371319,-0.171319,0.000000,0.100000
0.228177,0.428177,-0.371133,-0.171133,0.000000,0.100000
0.227928,0.427928,-0.370946,-0.170946,0.000000,0.100000
0.227679,0.427679,-0.370759,-0.170759,0.000000,0.100000
0.227430,0.427430,-0.370573,-0.170573,0.000000,0.100000
0.227181,0.427181,-0.370386,-0.170386,0.000000,0.100000
0.226932,0.426932,-0.370199,-0.170199,0.000000,0.100000
0.226683,0.426683,-0.370012,-0.170012,0.000000,0.100000
0.226434,0.426434,-0.369825,-0.169825,0.000000,0.100000
0.226185,0.426185,-0.369639,-0.169639,0.000000,0.100000
0.225935,0.425935,-0.369452,-0.169452,0.000000,0.100000
0.225686,0.425686,-0.369265,-0.169265,0.000000,0.100000
0.225437,0.425437,-0.369078,-0.169078,0.000000,0.100000
0.225188,0.425188,-0.368891,-0.168891,0.000000,0.100000
0.224938,0.424938,-0.368704,-0.168704,0.000000,0.100000
0.224689,0.424689,-0.368517,-0.168517,0.000000,0.100000
0.224439,0.424439,-0.368330,-0.168330,0.000000,0.100000
0.224190,0.424190,-0.368142,-0.168142,0.000000,0.100000
0.223940,0.423940,-0.367955,-0.167955,0.000000,0.100000
0.223691,0.423691,-0.367768,-0.167768,0.000000,0.100000
0.223441,0.423441,-0.367581,-0.167581,0.000000,0.100000
0.223192,0.423192,-0.367394,-0.167394,0.000000,0.100000
0.222942,0.422942,-0.367206,-0.167206,0.000000,0.100000
0.222692,0.422692,-0.367019,-0.167019,0.000000,0.100000
0.222442,0.422442,-0.366832,-0.166832,0.000000,0.100000
0.222193,0.422193,-0.366644,-0.166644,0.000000,0.100000
0.221943,0.421943,-0.366457,-0.166457,0.000000,0.100000
0.221693,0.421693,-0.366270,-0.166270,0.000000,0.100000
0.221443,0.421443,-0.366082,-0.166082,0.000000,0.100000
0.221193,0.421193,-0.365895,-0.165895,0.000000,0.100000
0.220943,0.420943,-0.365707,-0.165707,0.000000,0.100000
0.220693,0.420693,-0.365520,-0.165520,0.000000,0.100000
0.220443,0.420443,-0.365332,-0.165332,0.000000,0.100000
0.220193,0.420193,-0.365145,-0.165145,0.000000,0.100000
0.219943,0.419943,-0.364957,-0.164957,0.000000,0.100000
0.219693,0.419693,-0.364770,-0.164770,0.000000,0.100000
0.219443,0.419443,-0.364582,-0.164582,0.000000,0.100000
0.219193,0.419193,-0.364394,-0.164394,0.000000,0.100000
0.218942,0.418942,-0.364207,-0.164207,0.000000,0.100000
0.218692,0.418692,-0.364019,-0.164019,0.000000,0.100000
0.218442,0.418442,-0.363831,-0.163831,0.000000,0.100000
0.218192,0.418192,-0.363644,-0.163644,0.000000,0.100000
0.217941,0.417941,-0.363456,-0.163456,0.000000,0.100000
0.217691,0.417691,-0.363268,-0.163268,0.000000,0.100000
0.217441,0.417441,-0.363080,-0.163080,0.000000,0.100000
0.217190,0.417190,-0.362893,-0.162893,0.000000,0.100000
0.216940,0.416940,-0.362705,-0.162705,0.000000,0.100000
0.216689,0.416689,-0.362517,-0.162517,0.000000,0.100000
0.216439,0.416439,-0.362329,-0.162329,0.000000,0.100000
0.216188,0.416188,-0.362141,-0.162141,0.000000,0.100000
0.215938,0.415938,-0.361953,-0.161953,0.000000,0.100000
0.215687,0.415687,-0.361765,-0.161765,0.000000,0.100000
0.215437,0.415437,-0.361577,-0.161577,0.000000,0.100000
0.215186,0.415186,-0.361389,-0.161389,0.000000,0.100000
0.214935,0.414935,-0.361201,-0.161201,0.000000,0.100000
0.214685,0.414685,-0.361013,-0.161013,0.000000,0.100000
0.214434,0.414434,-0.360825,-0.160825,0.000000,0.100000
0.214183,0.414183,-0.360637,-0.160637,0.000000,0.100000
0.213932,0.413932,-0.360449,-0.160449,0.000000,0.100000
0.213682,0.413682,-0.360261,-0.160261,0.000000,0.100000
0.213431,0.413431,-0.360073,-0.160073,0.000000,0.100000
0.213180,0.413180,-0.359885,-0.159885,0.000000,0.100000
0.212929,0.412929,-0.359697,-0.159697,0.000000,0.100000
0.212679,0.412679,-0.359509,-0.159509,0.000000,0.100000
0.212428,0.412428,-0.359321,-0.159321,0.000000,0.100000
0.212177,0.412177,-0.359133,-0.159133,0.000000,0.100000
0.211926,0.411926,-0.358944,-0.158944,0.000000,0.100000
0.211675,0.411675,-0.358756,-0.158756,0.000000,0.100000
0.211424,0.411424,-0.358568,-0.158568,0.000000,0.100000
0.211173,0.411173,-0.358380,-0.158380,0.000000,0.100000
0.210922,0.410922,-0.358192,-0.158192,0.000000,0.100000
0.210671,0.410671,-0.358003,-0.158003,0.000000,0.100000
0.210420,0.410420,-0.357815,-0.157815,0.000000,0.100000
0.210169,0.410169,-0.357627,-0.157627,0.000000,0.100000
0.209918,0.409918,-0.357439,-0.157439,0.000000,0.100000
0.209667,0.409667,-0.357250,-0.157250,0.000000,0.100000
0.209416,0.409416,-0.357062,-0.157062,0.000000,0.100000
0.209165,0.409165,-0.356874,-0.156874,0.000000,0.100000
0.208914,0.408914,-0.356685,-0.156685,0.000000,0.100000
0.208663,0.408663,-0.356497,-0.156497,0.000000,0.100000
0.208412,0.408412,-0.356309,-0.156309,0.000000,0.100000
0.208160,0.408160,-0.356120,-0.156120,0.000000,0.100000
0.207909,0.407909,-0.355932,-0.155932,0.000000,0.100000
0.207658,0.407658,-0.355744,-0.155744,0.000000,0.100000
0.207407,0.407407,-0.355555,-0.155555,0.000000,0.100000
0.207156,0.407156,-0.355367,-0.155367,0.000000,0.100000
0.206905,0.406905,-0.355178,-0.155178,0.000000,0.100000
0.206653,0.406653,-0.354990,-0.154990,0.000000,0.100000
0.206402,0.406402,-0.354802,-0.154802,0.000000,0.100000
0.206151,0.406151,-0.354613,-0.154613,0.000000,0.100000
0.205900,0.405900,-0.354425,-0.154425,0.000000,0.100000
0.205648,0.405648,-0.354236,-0.154236,0.000000,0.100000
0.205397,0.405397,-0.354048,-0.154048,0.000000,0.100000
0.205146,0.405146,-0.353859,-0.153859,0.000000,0.100000
0.204895,0.404895,-0.353671,-0.153671,0.000000,0.100000
0.204643,0.404643,-0.353482,-0.153482,0.000000,0.100000
0.204392,0.404392,-0.353294,-0.153294,0.000000,0.100000
0.204141,0.404141,-0.353106,-0.153106,0.000000,0.100000
0.203889,0.403889,-0.352917,-0.152917,0.000000,0.100000
0.203638,0.403638,-0.352729,-0.152729,0.000000,0.100000
0.203387,0.403387,-0.352540,-0.152540,0.000000,0.100000
0.203135,0.403135,-0.352352,-0.152352,0.000000,0.100000
0.202884,0.402884,-0.352163,-0.152163,0.000000,0.100000
0.202633,0.402633,-0.351975,-0.151975,0.000000,0.100000
0.202382,0.402382,-0.351786,-0.151786,0.000000,0.100000
0.202130,0.402130,-0.351598,-0.151598,0.000000,0.100000
0.201879,0.401879,-0.351409,-0.151409,0.000000,0.100000
0.201627,0.401627,-0.351221,-0.151221,0.000000,0.100000
0.201376,0.401376,-0.351032,-0.151032,0.000000,0.100000
0.201125,0.401125,-0.350844,-0.150844,0.000000,0.100000
0.200873,0.400873,-0.350655,-0.150655,0.000000,0.100000
0.200622,0.400622,-0.350467,-0.150467,0.000000,0.100000
0.200371,0.400371,-0.350278,-0.150278,0.000000,0.100000
0.200119,0.400119,-0.350090,-0.150090,0.000000,0.100000
0.199868,0.399868,-0.349901,-0.149901,0.000000,0.100000
0.199617,0.399617,-0.349713,-0.149713,0.000000,0.100000
0.199365,0.399365,-0.349524,-0.149524,0.000000,0.100000
0.199114,0.399114,-0.349335,-0.149335,0.000000,0.100000
0.198863,0.398863,-0.349147,-0.149147,0.000000,0.100000
0.198611,0.398611,-0.348958,-0.148958,0.000000,0.100000
0.198360,0.398360,-0.348770,-0.148770,0.000000,0.100000
0.198109,0.398109,-0.348581,-0.148581,0.000000,0.100000
0.197857,0.397857,-0.348393,-0.148393,0.000000,0.100000
0.197606,0.397606,-0.348204,-0.148204,0.000000,0.100000
0.197355,0.397355,-0.348016,-0.148016,0.000000,0.100000
0.197103,0.397103,-0.347827,-0.147827,0.000000,0.100000
0.196852,0.396852,-0.347639,-0.147639,0.000000,0.100000
0.196601,0.396601,-0.347450,-0.147450,0.000000,0.100000
0.196349,0.396349,-0.347262,-0.147262,0.000000,0.100000
0.196098,0.396098,-0.347073,-0.147073,0.000000,0.100000
0.195847,0.395847,-0.346885,-0.146885,0.000000,0.100000
0.195595,0.395595,-0.346697,-0.146697,0.000000,0.100000
0.195344,0.395344,-0.346508,-0.146508,0.000000,0.100000
0.195093,0.395093,-0.346320,-0.146320,0.000000,0.100000
0.194842,0.394842,-0.346131,-0.146131,0.000000,0.100000
0.194590,0.394590,-0.345943,-0.145943,0.000000,0.100000
0.194339,0.394339,-0.345754,-0.145754,0.000000,0.100000
0.194088,0.394088,-0.345566,-0.145566,0.000000,0.100000
0.193837,0.393837,-0.345377,-0.145377,0.000000,0.100000
0.193585,0.393585,-0.345189,-0.145189,0.000000,0.100000
0.193334,0.393334,-0.345001,-0.145001,0.000000,0.100000
0.193083,0.393083,-0.344812,-0.144812,0.000000,0.100000
0.192832,0.392832,-0.344624,-0.144624,0.000000,0.100000
0.192581,0.392581,-0.344435,-0.144435,0.000000,0.100000
0.192329,0.392329,-0.344247,-0.144247,0.000000,0.100000
0.192078,0.392078,-0.344059,-0.144059,0.000000,0.100000
0.191827,0.391827,-0.343870,-0.143870,0.000000,0.100000
0.191576,0.391576,-0.343682,-0.143682,0.000000,0.100000
0.191325,0.391325,-0.343494,-0.143494,0.000000,0.100000
0.191074,0.391074,-0.343305,-0.143305,0.000000,0.100000
0.190823,0.390823,-0.343117,-0.143117,0.000000,0.100000
0.190571,0.390571,-0.342929,-0.142929,0.000000,0.100000
0.190320,0.390320,-0.342740,-0.142740,0.000000,0.100000
0.190069,0.390069,-0.342552,-0.142552,0.000000,0.100000
0.189818,0.389818,-0.342364,-0.142364,0.000000,0.100000
0.189567,0.389567,-0.342175,-0.142175,0.000000,0.100000
0.189316,0.389316,-0.341987,-0.141987,0.000000,0.100000
0.189065,0.389065,-0.341799,-0.141799,0.000000,0.100000
0.188814,0.388814,-0.341611,-0.141611,0.000000,0.100000
0.188563,0.388563,-0.341423,-0.141423,0.000000,0.100000
0.188312,0.388312,-0.341234,-0.141234,0.000000,0.100000
0.188062,0.388062,-0.341046,-0.141046,0.000000,0.100000
0.187811,0.387811,-0.340858,-0.140858,0.000000,0.100000
0.187560,0.387560,-0.340670,-0.140670,0.000000,0.100000
0.187309,0.387309,-0.340482,-0.140482,0.000000,0.100000
0.187058,0.387058,-0.340294,-0.140294,0.000000,0.100000
0.186807,0.386807,-0.340105,-0.140105,0.000000,0.100000
0.186556,0.386556,-0.339917,-0.139917,0.000000,0.100000
0.186306,0.386306,-0.339729,-0.139729,0.000000,0.100000
0.186055,0.386055,-0.339541,-0.139541,0.000000,0.100000
0.185804,0.385804,-0.339353,-0.139353,0.000000,0.100000
0.185554,0.385554,-0.339165,-0.139165,0.000000,0.100000
0.185303,0.385303,-0.338977,-0.138977,0.000000,0.100000
0.185052,0.385052,-0.338789,-0.138789,0.000000,0.100000
0.184802,0.384802,-0.338601,-0.138601,0.000000,0.100000
0.184551,0.384551,-0.338413,-0.138413,0.000000,0.100000
0.184300,0.384300,-0.338225,-0.138225,0.000000,0.100000
0.184050,0.384050,-0.338037,-0.138037,0.000000,0.100000
0.183799,0.383799,-0.337849,-0.137849,0.000000,0.100000
0.183549,0.383549,-0.337662,-0.137662,0.000000,0.100000
0.183298,0.383298,-0.337474,-0.137474,0.000000,0.100000
0.183048,0.383048,-0.337286,-0.137286,0.000000,0.100000
0.182797,0.382797,-0.337098,-0.137098,0.000000,0.100000
0.182547,0.382547,-0.336910,-0.136910,0.000000,0.100000
0.182297,0.382297,-0.336722,-0.136722,0.000000,0.100000
0.182046,0.382046,-0.336535,-0.136535,0.000000,0.100000
0.181796,0.381796,-0.336347,-0.136347,0.000000,0.100000
0.181546,0.381546,-0.336159,-0.136159,0.000000,0.100000
0.181295,0.381295,-0.335971,-0.135971,0.000000,0.100000
0.181045,0.381045,-0.335784,-0.135784,0.000000,0.100000
0.180795,0.380795,-0.335596,-0.135596,0.000000,0.100000
0.180545,0.380545,-0.335409,-0.135409,0.000000,0.100000
0.180295,0.380295,-0.335221,-0.135221,0.000000,0.100000
0.180044,0.380044,-0.335033,-0.135033,0.000000,0.100000
0.179794,0.379794,-0.334846,-0.134846,0.000000,0.100000
0.179544,0.379544,-0.334658,-0.134658,0.000000,0.100000
0.179294,0.379294,-0.334471,-0.134471,0.000000,0.100000
0.179044,0.379044,-0.334283,-0.134283,0.000000,0.100000
0.178794,0.378794,-0.334096,-0.134096,0.000000,0.100000
0.178544,0.378544,-0.333908,-0.133908,0.000000,0.100000
0.178295,0.378295,-0.333721,-0.133721,0.000000,0.100000
0.178045,0.378045,-0.333534,-0.133534,0.000000,0.100000
0.177795,0.377795,-0.333346,-0.133346,0.000000,0.100000
0.177545,0.377545,-0.333159,-0.133159,0.000000,0.100000
0.177295,0.377295,-0.332972,-0.132972,0.000000,0.100000
0.177046,0.377046,-0.332784,-0.132784,0.000000,0.100000
0.176796,0.376796,-0.332597,-0.132597,0.000000,0.100000
0.176546,0.376546,-0.332410,-0.132410,0.000000,0.100000
0.176297,0.376297,-0.332223,-0.132223,0.000000,0.100000
0.176047,0.376047,-0.332035,-0.132035,0.000000,0.100000
0.175798,0.375798,-0.331848,-0.131848,0.000000,0.100000
0.175548,0.375548,-0.331661,-0.131661,0.000000,0.100000
0.175299,0.375299,-0.331474,-0.131474,0.000000,0.100000
0.175049,0.375049,-0.331287,-0.131287,0.000000,0.100000
0.174800,0.374800,-0.331100,-0.131100,0.000000,0.100000
0.174551,0.374551,-0.330913,-0.130913,0.000000,0.100000
0.174301,0.374301,-0.330726,-0.130726,0.000000,0.100000
0.174052,0.374052,-0.330539,-0.130539,0.000000,0.100000
0.173803,0.373803,-0.330352,-0.130352,0.000000,0.100000
0.173554,0.373554,-0.330165,-0.130165,0.000000,0.100000
0.173305,0.373305,-0.329978,-0.129978,0.000000,0.100000
0.173055,0.373055,-0.329792,-0.129792,0.000000,0.100000
0.172806,0.372806,-0.329605,-0.129605,0.000000,0.100000
0.172557,0.372557,-0.329418,-0.129418,0.000000,0.100000
0.172309,0.372309,-0.329231,-0.129231,0.000000,0.100000
0.172060,0.372060,-0.329045,-0.129045,0.000000,0.100000
0.171811,0.371811,-0.328858,-0.128858,0.000000,0.100000
0.171562,0.371562,-0.328671,-0.128671,0.000000,0.100000
0.171313,0.371313,-0.328485,-0.128485,0.000000,0.100000
0.171064,0.371064,-0.328298,-0.128298,0.000000,0.100000
0.170816,0.370816,-0.328112,-0.128112,0.000000,0.100000
0.170567,0.370567,-0.327925,-0.127925,0.000000,0.100000
0.170318,0.370318,-0.327739,-0.127739,0.000000,0.100000
0.170070,0.370070,-0.327552,-0.127552,0.000000,0.100000
0.169821,0.369821,-0.327366,-0.127366,0.000000,0.100000
0.169573,0.369573,-0.327180,-0.127180,0.000000,0.100000
0.169325,0.369325,-0.326993,-0.126993,0.000000,0.100000
0.169076,0.369076,-0.326807,-0.126807,0.000000,0.100000
0.168828,0.368828,-0.326621,-0.126621,0.000000,0.100000
0.168580,0.368580,-0.326435,-0.126435,0.000000,0.100000
0.168331,0.368331,-0.326249,-0.126249,0.000000,0.100000
0.168083,0.368083,-0.326062,-0.126062,0.000000,0.100000
0.167835,0.367835,-0.325876,-0.125876,0.000000,0.100000
0.167587,0.367587,-0.325690,-0.125690,0.000000,0.100000
0.167339,0.367339,-0.325504,-0.125504,0.000000,0.100000
0.167091,0.367091,-0.325318,-0.125318,0.000000,0.100000
0.166843,0.366843,-0.325132,-0.125132,0.000000,0.100000
0.166595,0.366595,-0.324947,-0.124947,0.000000,0.100000
0.166348,0.366348,-0.324761,-0.124761,0.000000,0.100000
0.166100,0.366100,-0.324575,-0.124575,0.000000,0.100000
0.165852,0.365852,-0.324389,-0.124389,0.000000,0.100000
0.165605,0.365605,-0.324203,-0.124203,0.000000,0.100000
0.165357,0.365357,-0.324018,-0.124018,0.000000,0.100000
0.165109,0.365109,-0.323832,-0.123832,0.000000,0.100000
0.164862,0.364862,-0.323647,-0.123647,0.000000,0.100000
0.164615,0.364615,-0.323461,-0.123461,0.000000,0.100000
0.164367,0.364367,-0.323275,-0.123275,0.000000,0.100000
0.164120,0.364120,-0.323090,-0.123090,0.000000,0.100000
0.163873,0.363873,-0.322905,-0.122905,0.000000,0.100000
0.163625,0.363625,-0.322719,-0.122719,0.000000,0.100000
0.163378,0.363378,-0.322534,-0.122534,0.000000,0.100000
0.163131,0.363131,-0.322348,-0.122348,0.000000,0.100000
0.162884,0.362884,-0.322163,-0.122163,0.000000,0.100000
0.162637,0.362637,-0.321978,-0.121978,0.000000,0.100000
0.162390,0.362390,-0.321793,-0.121793,0.000000,0.100000
0.162144,0.362144,-0.321608,-0.121608,0.000000,0.100000
0.161897,0.361897,-0.321423,-0.121423,0.000000,0.100000
0.161650,0.361650,-0.321238,-0.121238,0.000000,0.100000
0.161403,0.361403,-0.321053,-0.121053,0.000000,0.100000
0.161157,0.361157,-0.320868,-0.120868,0.000000,0.100000
0.160910,0.360910,-0.320683,-0.120683,0.000000,0.100000
0.160664,0.360664,-0.320498,-0.120498,0.000000,0.100000
0.160417,0.360417,-0.320313,-0.120313,0.000000,0.100000
0.160171,0.360171,-0.320128,-0.120128,0.000000,0.100000
0.159925,0.359925,-0.319944,-0.119944,0.000000,0.100000
0.159679,0.359679,-0.319759,-0.119759,0.000000,0.100000
0.159432,0.359432,-0.319574,-0.119574,0.000000,0.100000
0.159186,0.359186,-0.319390,-0.119390,0.000000,0.100000
0.158940,0.358940,-0.319205,-0.119205,0.000000,0.100000
0.158694,0.358694,-0.319021,-0.119021,0.000000,0.100000
0.158448,0.358448,-0.318836,-0.118836,0.000000,0.100000
0.158203,0.358203,-0.318652,-0.118652,0.000000,0.100000
0.157957,0.357957,-0.318468,-0.118468,0.000000,0.100000
0.157711,0.357711,-0.318283,-0.118283,0.000000,0.100000
0.157465,0.357465,-0.318099,-0.118099,0.000000,0.100000
0.157220,0.357220,-0.317915,-0.117915,0.000000,0.100000
0.156974,0.356974,-0.317731,-0.117731,0.000000,0.100000
0.156729,0.356729,-0.317547,-0.117547,0.000000,0.100000
0.156484,0.356484,-0.317363,-0.117363,0.000000,0.100000
0.156238,0.356238,-0.317179,-0.117179,0.000000,0.100000
0.155993,0.355993,-0.316995,-0.116995,0.000000,0.100000
0.155748,0.355748,-0.316811,-0.116811,0.000000,0.100000
0.155503,0.355503,-0.316627,-0.116627,0.000000,0.100000
0.155258,0.355258,-0.316443,-0.116443,0.000000,0.100000
0.155013,0.355013,-0.316260,-0.116260,0.000000,0.100000
0.154768,0.354768,-0.316076,-0.116076,0.000000,0.100000
0.154523,0.354523,-0.315892,-0.115892,0.000000,0.100000
0.154278,0.354278,-0.315709,-0.115709,0.000000,0.100000
0.154034,0.354034,-0.315525,-0.115525,0.000000,0.100000
0.153789,0.353789,-0.315342,-0.115342,0.000000,0.100000
0.153545,0.353545,-0.315159,-0.115159,0.000000,0.100000
0.153300,0.353300,-0.314975,-0.114975,0.000000,0.100000
0.153056,0.353056,-0.314792,-0.114792,0.000000,0.100000
0.152812,0.352812,-0.314609,-0.114609,0.000000,0.100000
0.152567,0.352567,-0.314426,-0.114426,0.000000,0.100000
0.152323,0.352323,-0.314242,-0.114242,0.000000,0.100000
0.152079,0.352079,-0.314059,-0.114059,0.000000,0.100000
0.151835,0.351835,-0.313876,-0.113876,0.000000,0.100000
0.151591,0.351591,-0.313693,-0.113693,0.000000,0.100000
0.151347,0.351347,-0.313511,-0.113511,0.000000,0.100000
0.151104,0.351104,-0.313328,-0.113328,0.000000,0.100000
0.150860,0.350860,-0.313145,-0.113145,0.000000,0.100000
0.150616,0.350616,-0.312962,-0.112962,0.000000,0.100000
0.150373,0.350373,-0.312780,-0.112780,0.000000,0.100000
0.150129,0.350129,-0.312597,-0.112597,0.000000,0.100000
0.149886,0.349886,-0.312414,-0.112414,0.000000,0.100000
0.149643,0.349643,-0.312232,-0.112232,0.000000,0.100000
0.149399,0.349399,-0.312050,-0.112050,0.000000,0.100000
0.149156,0.349156,-0.311867,-0.111867,0.000000,0.100000
0.148913,0.348913,-0.311685,-0.111685,0.000000,0.100000
0.148670,0.348670,-0.311503,-0.111503,0.000000,0.100000
0.148427,0.348427,-0.311321,-0.111321,0.000000,0.100000
0.148185,0.348185,-0.311138,-0.111138,0.000000,0.100000
0.147942,0.347942,-0.310956,-0.110956,0.000000,0.100000
0.147699,0.347699,-0.310774,-0.110774,0.000000,0.100000
0.147457,0.347457,-0.310592,-0.110592,0.000000,0.100000
0.147214,0.347214,-0.310411,-0.110411,0.000000,0.100000
0.146972,0.346972,-0.310229,-0.110229,0.000000,0.100000
0.146729,0.346729,-0.310047,-0.110047,0.000000,0.100000
0.146487,0.346487,-0.309865,-0.109865,0.000000,0.100000
0.146245,0.346245,-0.309684,-0.109684,0.000000,0.100000
0.146003,0.346003,-0.309502,-0.109502,0.000000,0.100000
0.145761,0.345761,-0.309321,-0.109321,0.000000,0.100000
0.145519,0.345519,-0.309139,-0.109139,0.000000,0.100000
0.145277,0.345277,-0.308958,-0.108958,0.000000,0.100000
0.145036,0.345036,-0.308777,-0.108777,0.000000,0.100000
0.144794,0.344794,-0.308596,-0.108596,0.000000,0.100000
0.144552,0.344552,-0.308414,-0.108414,0.000000,0.100000
0.144311,0.344311,-0.308233,-0.108233,0.000000,0.100000
0.144070,0.344070,-0.308052,-0.108052,0.000000,0.100000
0.143828,0.343828,-0.307871,-0.107871,0.000000,0.100000
0.143587,0.343587,-0.307690,-0.107690,0.000000,0.100000
0.143346,0.343346,-0.307510,-0.107510,0.000000,0.100000
0.143105,0.343105,-0.307329,-0.107329,0.000000,0.100000
0.142864,0.342864,-0.307148,-0.107148,0.000000,0.100000
0.142623,0.342623,-0.306967,-0.106967,0.000000,0.100000
0.142383,0.342383,-0.306787,-0.106787,0.000000,0.100000
0.142142,0.342142,-0.306606,-0.106606,0.000000,0.100000
0.141901,0.341901,-0.306426,-0.106426,0.000000,0.100000
0.141661,0.341661,-0.306246,-0.106246,0.000000,0.100000
0.141421,0.341421,-0.306065,-0.106065,0.000000,0.100000
0.141180,0.341180,-0.305885,-0.105885,0.000000,0.100000
0.140940,0.340940,-0.305705,-0.105705,0.000000,0.100000
0.140700,0.340700,-0.305525,-0.105525,0.000000,0.100000
0.140460,0.340460,-0.305345,-0.105345,0.000000,0.100000
0.140220,0.340220,-0.305165,-0.105165,0.000000,0.100000
0.139980,0.339980,-0.304985,-0.104985,0.000000,0.100000
0.139740,0.339740,-0.304805,-0.104805,0.000000,0.100000
0.139501,0.339501,-0.304626,-0.104626,0.000000,0.100000
0.139261,0.339261,-0.304446,-0.104446,0.000000,0.100000
0.139022,0.339022,-0.304266,-0.104266,0.000000,0.100000
0.138783,0.338783,-0.304087,-0.104087,0.000000,0.100000
0.138543,0.338543,-0.303907,-0.103907,0.000000,0.100000
0.138304,0.338304,-0.303728,-0.103728,0.000000,0.100000
0.138065,0.338065,-0.303549,-0.103549,0.000000,0.100000
0.137826,0.337826,-0.303370,-0.103370,0.000000,0.100000
0.137587,0.337587,-0.303191,-0.103191,0.000000,0.100000
0.137349,0.337349,-0.303011,-0.103011,0.000000,0.100000
0.137110,0.337110,-0.302832,-0.102832,0.000000,0.100000
0.136871,0.336871,-0.302654,-0.102654,0.000000,0.100000
0.136633,0.336633,-0.302475,-0.102475,0.000000,0.100000
0.136395,0.336395,-0.302296,-0.102296,0.000000,0.100000
0.136156,0.336156,-0.302117,-0.102117,0.000000,0.100000
0.135918,0.335918,-0.301939,-0.101939,0.000000,0.100000
0.135680,0.335680,-0.301760,-0.101760,0.000000,0.100000
0.135442,0.335442,-0.301582,-0.101582,0.000000,0.100000
0.135204,0.335204,-0.301403,-0.101403,0.000000,0.100000
0.134967,0.334967,-0.301225,-0.101225,0.000000,0.100000
0.134729,0.334729,-0.301047,-0.101047,0.000000,0.100000
0.134491,0.334491,-0.300869,-0.100869,0.000000,0.100000
0.134254,0.334254,-0.300690,-0.100690,0.000000,0.100000
0.134017,0.334017,-0.300512,-0.100512,0.000000,0.100000
0.133779,0.333779,-0.300335,-0.100335,0.000000,0.100000
0.133542,0.333542,-0.300157,-0.100157,0.000000,0.100000
0.133305,0.333305,-0.299979,-0.099979,0.000000,0.100000
0.133068,0.333068,-0.299801,-0.099801,0.000000,0.100000
0.132832,0.332832,-0.299624,-0.099624,0.000000,0.100000
0.132595,0.332595,-0.299446,-0.099446,0.000000,0.100000
0.132358,0.332358,-0.299269,-0.099269,0.000000,0.100000
0.132122,0.332122,-0.299091,-0.099091,0.000000,0.100000
0.131885,0.331885,-0.298914,-0.098914,0.000000,0.100000
0.131649,0.331649,-0.298737,-0.098737,0.000000,0.100000
0.131413,0.331413,-0.298560,-0.098560,0.000000,0.100000
0.131177,0.331177,-0.298383,-0.098383,0.000000,0.100000
0.130941,0.330941,-0.298206,-0.098206,0.000000,0.100000
0.130705,0.330705,-0.298029,-0.098029,0.000000,0.100000
0.130469,0.330469,-0.297852,-0.097852,0.000000,0.100000
0.130234,0.330234,-0.297675,-0.097675,0.000000,0.100000
0.129998,0.329998,-0.297499,-0.097499,0.000000,0.100000
0.129763,0.329763,-0.297322,-0.097322,0.000000,0.100000
0.129528,0.329528,-0.297146,-0.097146,0.000000,0.100000
0.129292,0.329292,-0.296969,-0.096969,0.000000,0.100000
0.129057,0.329057,-0.296793,-0.096793,0.000000,0.100000
0.128822,0.328822,-0.296617,-0.096617,0.000000,0.100000
0.128588,0.328588,-0.296441,-0.096441,0.000000,0.100000
0.128353,0.328353,-0.296265,-0.096265,0.000000,0.100000
0.128118,0.328118,-0.296089,-0.096089,0.000000,0.100000
0.127884,0.327884,-0.295913,-0.095913,0.000000,0.100000
0.127649,0.327649,-0.295737,-0.095737,0.000000,0.100000
0.127415,0.327415,-0.295561,-0.095561,0.000000,0.100000
0.127181,0.327181,-0.295386,-0.095386,0.000000,0.100000
0.126947,0.326947,-0.295210,-0.095210,0.000000,0.100000
0.126713,0.326713,-0.295035,-0.095035,0.000000,0.100000
0.126479,0.326479,-0.294859,-0.094859,0.000000,0.100000
0.126245,0.326245,-0.294684,-0.094684,0.000000,0.100000
0.126012,0.326012,-0.294509,-0.094509,0.000000,0.100000
0.125778,0.325778,-0.294334,-0.094334,0.000000,0.100000
0.125545,0.325545,-0.294159,-0.094159,0.000000,0.100000
0.125312,0.325312,-0.293984,-0.093984,0.000000,0.100000
0.125079,0.325079,-0.293809,-0.093809,0.000000,0.100000
0.124846,0.324846,-0.293634,-0.093634,0.000000,0.100000
0.124613,0.324613,-0.293460,-0.093460,0.000000,0.100000
0.124380,0.324380,-0.293285,-0.093285,0.000000,0.100000
0.124147,0.324147,-0.293111,-0.093111,0.000000,0.100000
0.123915,0.323915,-0.292936,-0.092936,0.000000,0.100000
0.123683,0.323683,-0.292762,-0.092762,0.000000,0.100000
0.123450,0.323450,-0.292588,-0.092588,0.000000,0.100000
0.123218,0.323218,-0.292414,-0.092414,0.000000,0.100000
0.122986,0.322986,-0.292240,-0.092240,0.000000,0.100000
0.122754,0.322754,-0.292066,-0.092066,0.000000,0.100000
0.122522,0.322522,-0.291892,-0.091892,0.000000,0.100000
0.122291,0.322291,-0.291718,-0.091718,0.000000,0.100000
0.122059,0.322059,-0.291544,-0.091544,0.000000,0.100000
0.121828,0.321828,-0.291371,-0.091371,0.000000,0.100000
0.121596,0.321596,-0.291197,-0.091197,0.000000,0.100000
0.121365,0.321365,-0.291024,-0.091024,0.000000,0.100000
0.121134,0.321134,-0.290851,-0.090851,0.000000,0.100000
0.120903,0.320903,-0.290677,-0.090677,0.000000,0.100000
0.120673,0.320673,-0.290504,-0.090504,0.000000,0.100000
0.120442,0.320442,-0.290331,-0.090331,0.000000,0.100000
0.120211,0.320211,-0.290158,-0.090158,0.000000,0.100000
0.119981,0.319981,-0.289986,-0.089986,0.000000,0.100000
0.119751,0.319751,-0.289813,-0.089813,0.000000,0.100000
0.119520,0.319520,-0.289640,-0.089640,0.000000,0.100000
0.119290,0.319290,-0.289468,-0.089468,0.000000,0.100000
0.119060,0.319060,-0.289295,-0.089295,0.000000,0.100000
0.118831,0.318831,-0.289123,-0.089123,0.000000,0.100000
0.118601,0.318601,-0.288951,-0.088951,0.000000,0.100000
0.118371,0.318371,-0.288779,-0.088779,0.000000,0.100000
0.118142,0.318142,-0.288607,-0.088607,0.000000,0.100000
0.117913,0.317913,-0.288435,-0.088435,0.000000,0.100000
0.117684,0.317684,-0.288263,-0.088263,0.000000,0.100000
0.117455,0.317455,-0.288091,-0.088091,0.000000,0.100000
0.117226,0.317226,-0.287919,-0.087919,0.000000,0.100000
0.116997,0.316997,-0.287748,-0.087748,0.000000,0.100000
0.116768,0.316768,-0.287576,-0.087576,0.000000,0.100000
0.116540,0.316540,-0.287405,-0.087405,0.000000,0.100000
0.116312,0.316312,-0.287234,-0.087234,0.000000,0.100000
0.116083,0.316083,-0.287063,-0.087063,0.000000,0.100000
0.115855,0.315855,-0.286891,-0.086891,0.000000,0.100000
0.115627,0.315627,-0.286720,-0.086720,0.000000,0.100000
0.115399,0.315399,-0.286550,-0.086550,0.000000,0.100000
0.115172,0.315172,-0.286379,-0.086379,0.000000,0.100000
0.114944,0.314944,-0.286208,-0.086208,0.000000,0.100000
0.114717,0.314717,-0.286038,-0.086038,0.000000,0.100000
0.114490,0.314490,-0.285867,-0.085867,0.000000,0.100000
0.114262,0.314262,-0.285697,-0.085697,0.000000,0.100000
0.114035,0.314035,-0.285527,-0.085527,0.000000,0.100000
0.113808,0.313808,-0.285356,-0.085356,0.000000,0.100000
0.113582,0.313582,-0.285186,-0.085186,0.000000,0.100000
0.113355,0.313355,-0.285016,-0.085016,0.000000,0.100000
0.113129,0.313129,-0.284846,-0.084846,0.000000,0.100000
0.112902,0.312902,-0.284677,-0.084677,0.000000,0.100000
0.112676,0.312676,-0.284507,-0.084507,0.000000,0.100000
0.112450,0.312450,-0.284338,-0.084338,0.000000,0.100000
0.112224,0.312224,-0.284168,-0.084168,0.000000,0.100000
0.111998,0.311998,-0.283999,-0.083999,0.000000,0.100000
0.111773,0.311773,-0.283830,-0.083830,0.000000,0.100000
0.111547,0.311547,-0.283660,-0.083660,0.000000,0.100000
0.111322,0.311322,-0.283491,-0.083491,0.000000,0.100000
0.111097,0.311097,-0.283322,-0.083322,0.000000,0.100000
0.110872,0.310872,-0.283154,-0.083154,0.000000,0.100000
0.110647,0.310647,-0.282985,-0.082985,0.000000,0.100000
0.110422,0.310422,-0.282816,-0.082816,0.000000,0.100000
0.110197,0.310197,-0.282648,-0.082648,0.000000,0.100000
0.109973,0.309973,-0.282479,-0.082479,0.000000,0.100000
0.109748,0.309748,-0.282311,-0.082311,0.000000,0.100000
0.109524,0.309524,-0.282143,-0.082143,0.000000,0.100000
0.109300,0.309300,-0.281975,-0.081975,0.000000,0.100000
0.109076,0.309076,-0.281807,-0.081807,0.000000,0.100000
0.108852,0.308852,-0.281639,-0.081639,0.000000,0.100000
0.108628,0.308628,-0.281471,-0.081471,0.000000,0.100000
0.108405,0.308405,-0.281304,-0.081304,0.000000,0.100000
0.108182,0.308182,-0.281136,-0.081136,0.000000,0.100000
0.107958,0.307958,-0.280969,-0.080969,0.000000,0.100000
0.107735,0.307735,-0.280801,-0.080801,0.000000,0.100000
0.107512,0.307512,-0.280634,-0.080634,0.000000,0.100000
0.107290,0.307290,-0.280467,-0.080467,0.000000,0.100000
0.107067,0.307067,-0.280300,-0.080300,0.000000,0.100000
0.106844,0.306844,-0.280133,-0.080133,0.000000,0.100000
0.106622,0.306622,-0.279967,-0.079967,0.000000,0.100000
0.106400,0.306400,-0.279800,-0.079800,0.000000,0.100000
0.106178,0.306178,-0.279633,-0.079633,0.000000,0.100000
0.105956,0.305956,-0.279467,-0.079467,0.000000,0.100000
0.105734,0.305734,-0.279301,-0.079301,0.000000,0.100000
0.105513,0.305513,-0.279134,-0.079134,0.000000,0.100000
0.105291,0.305291,-0.278968,-0.078968,0.000000,0.100000
0.105070,0.305070,-0.278802,-0.078802,0.000000,0.100000
0.104849,0.304849,-0.278636,-0.078636,0.000000,0.100000
0.104628,0.304628,-0.278471,-0.078471,0.000000,0.100000
0.104407,0.304407,-0.278305,-0.078305,0.000000,0.100000
0.104186,0.304186,-0.278140,-0.078140,0.000000,0.100000
0.103965,0.303965,-0.277974,-0.077974,0.000000,0.100000
0.103745,0.303745,-0.277809,-0.077809,0.000000,0.100000
0.103525,0.303525,-0.277644,-0.077644,0.000000,0.100000
0.103305,0.303305,-0.277479,-0.077479,0.000000,0.100000
0.103085,0.303085,-0.277314,-0.077314,0.000000,0.100000
0.102865,0.302865,-0.277149,-0.077149,0.000000,0.100000
0.102645,0.302645,-0.276984,-0.076984,0.000000,0.100000
0.102426,0.302426,-0.276819,-0.076819,0.000000,0.100000
0.102207,0.302207,-0.276655,-0.076655,0.000000,0.100000
0.101987,0.301987,-0.276491,-0.076491,0.000000,0.100000
0.101768,0.301768,-0.276326,-0.076326,0.000000,0.100000
0.101549,0.301549,-0.276162,-0.076162,0.000000,0.100000
0.101331,0.301331,-0.275998,-0.075998,0.000000,0.100000
0.101112,0.301112,-0.275834,-0.075834,0.000000,0.100000
0.100894,0.300894,-0.275670,-0.075670,0.000000,0.100000
0.100676,0.300676,-0.275507,-0.075507,0.000000,0.100000
0.100457,0.300457,-0.275343,-0.075343,0.000000,0.100000
0.100240,0.300240,-0.275180,-0.075180,0.000000,0.100000
0.100022,0.300022,-0.275016,-0.075016,0.000000,0.100000
0.099804,0.299804,-0.274853,-0.074853,0.000000,0.100000
0.099587,0.299587,-0.274690,-0.074690,0.000000,0.100000
0.099369,0.299369,-0.274527,-0.074527,0.000000,0.100000
0.099152,0.299152,-0.274364,-0.074364,0.000000,0.100000
0.098935,0.298935,-0.274201,-0.074201,0.000000,0.100000
0.098718,0.298718,-0.274039,-0.074039,0.000000,0.100000
0.098502,0.298502,-0.273876,-0.073876,0.000000,0.100000
0.098285,0.298285,-0.273714,-0.073714,0.000000,0.100000
0.098069,0.298069,-0.273552,-0.073552,0.000000,0.100000
0.097853,0.297853,-0.273390,-0.073390,0.000000,0.100000
0.097637,0.297637,-0.273228,-0.073228,0.000000,0.100000
0.097421,0.297421,-0.273066,-0.073066,0.000000,0.100000
0.097205,0.297205,-0.272904,-0.072904,0.000000,0.100000
0.096990,0.296990,-0.272742,-0.072742,0.000000,0.100000
0.096774,0.296774,-0.272581,-0.072581,0.000000,0.100000
0.096559,0.296559,-0.272419,-0.072419,0.000000,0.100000
0.096344,0.296344,-0.272258,-0.072258,0.000000,0.100000
0.096129,0.296129,-0.272097,-0.072097,0.000000,0.100000
0.095914,0.295914,-0.271936,-0.071936,0.000000,0.100000
0.095700,0.295700,-0.271775,-0.071775,0.000000,0.100000
0.095486,0.295486,-0.271614,-0.071614,0.000000,0.100000
0.095271,0.295271,-0.271454,-0.071454,0.000000,0.100000
0.095057,0.295057,-0.271293,-0.071293,0.000000,0.100000
0.094843,0.294843,-0.271133,-0.071133,0.000000,0.100000
0.094630,0.294630,-0.270972,-0.070972,0.000000,0.100000
0.094416,0.294416,-0.270812,-0.070812,0.000000,0.100000
0.094203,0.294203,-0.270652,-0.070652,0.000000,0.100000
0.093990,0.293990,-0.270492,-0.070492,0.000000,0.100000
0.093776,0.293776,-0.270332,-0.070332,0.000000,0.100000
0.093564,0.293564,-0.270173,-0.070173,0.000000,0.100000
0.093351,0.293351,-0.270013,-0.070013,0.000000,0.100000
0.093138,0.293138,-0.269854,-0.069854,0.000000,0.100000
0.092926,0.292926,-0.269694,-0.069694,0.000000,0.100000
0.092714,0.292714,-0.269535,-0.069535,0.000000,0.100000
0.092502,0.292502,-0.269376,-0.069376,0.000000,0.100000
0.092290,0.292290,-0.269217,-0.069217,0.000000,0.100000
0.092078,0.292078,-0.269059,-0.069059,0.000000,0.100000
0.091867,0.291867,-0.268900,-0.068900,0.000000,0.100000
0.091655,0.291655,-0.268741,-0.068741,0.000000,0.100000
0.091444,0.291444,-0.268583,-0.068583,0.000000,0.100000
0.091233,0.291233,-0.268425,-0.068425,0.000000,0.100000
0.091022,0.291022,-0.268267,-0.068267,0.000000,0.100000
0.090811,0.290811,-0.268109,-0.068109,0.000000,0.100000
0.090601,0.290601,-0.267951,-0.067951,0.000000,0.100000
0.090391,0.290391,-0.267793,-0.067793,0.000000,0.100000
0.090180,0.290180,-0.267635,-0.067635,0.000000,0.100000
0.089970,0.289970,-0.267478,-0.067478,0.000000,0.100000
0.089761,0.289761,-0.267321,-0.067321,0.000000,0.100000
0.089551,0.289551,-0.267163,-0.067163,0.000000,0.100000
0.089342,0.289342,-0.267006,-0.067006,0.000000,0.100000
0.089132,0.289132,-0.266849,-0.066849,0.000000,0.100000
0.088923,0.288923,-0.266692,-0.066692,0.000000,0.100000
0.088714,0.288714,-0.266536,-0.066536,0.000000,0.100000
0.088505,0.288505,-0.266379,-0.066379,0.000000,0.100000
0.088297,0.288297,-0.266223,-0.066223,0.000000,0.100000
0.088088,0.288088,-0.266066,-0.066066,0.000000,0.100000
0.087880,0.287880,-0.265910,-0.065910,0.000000,0.100000
0.087672,0.287672,-0.265754,-0.065754,0.000000,0.100000
0.087464,0.287464,-0.265598,-0.065598,0.000000,0.100000
0.087257,0.287257,-0.265442,-0.065442,0.000000,0.100000
0.087049,0.287049,-0.265287,-0.065287,0.000000,0.100000
0.086842,0.286842,-0.265131,-0.065131,0.000000,0.100000
0.086635,0.286635,-0.264976,-0.064976,0.000000,0.100000
0.086428,0.286428,-0.264821,-0.064821,0.000000,0.100000
0.086221,0.286221,-0.264666,-0.064666,0.000000,0.100000
0.086014,0.286014,-0.264511,-0.064511,0.000000,0.100000
0.085808,0.285808,-0.264356,-0.064356,0.000000,0.100000
0.085601,0.285601,-0.264201,-0.064201,0.000000,0.100000
0.085395,0.285395,-0.264047,-0.064047,0.000000,0.100000
0.085190,0.285190,-0.263892,-0.063892,0.000000,0.100000
0.084984,0.284984,-0.263738,-0.063738,0.000000,0.100000
0.084778,0.284778,-0.263584,-0.063584,0.000000,0.100000
0.084573,0.284573,-0.263430,-0.063430,0.000000,0.100000
0.084368,0.284368,-0.263276,-0.063276,0.000000,0.100000
0.084163,0.284163,-0.263122,-0.063122,0.000000,0.100000
0.083958,0.283958,-0.262968,-0.062968,0.000000,0.100000
0.083753,0.283753,-0.262815,-0.062815,0.000000,0.100000
0.083549,0.283549,-0.262662,-0.062662,0.000000,0.100000
0.083345,0.283345,-0.262508,-0.062508,0.000000,0.100000
0.083141,0.283141,-0.262355,-0.062355,0.000000,0.100000
0.082937,0.282937,-0.262202,-0.062202,0.000000,0.100000
0.082733,0.282733,-0.262050,-0.062050,0.000000,0.100000
0.082529,0.282529,-0.261897,-0.061897,0.000000,0.100000
0.082326,0.282326,-0.261745,-0.061745,0.000000,0.100000
0.082123,0.282123,-0.261592,-0.061592,0.000000,0.100000
0.081920,0.281920,-0.261440,-0.061440,0.000000,0.100000
0.081717,0.281717,-0.261288,-0.061288,0.000000,0.100000
0.081515,0.281515,-0.261136,-0.061136,0.000000,0.100000
0.081312,0.281312,-0.260984,-0.060984,0.000000,0.100000
0.081110,0.281110,-0.260832,-0.060832,0.000000,0.100000
0.080908,0.280908,-0.260681,-0.060681,0.000000,0.100000
0.080706,0.280706,-0.260530,-0.060530,0.000000,0.100000
0.080504,0.280504,-0.260378,-0.060378,0.000000,0.100000
0.080303,0.280303,-0.260227,-0.060227,0.000000,0.100000
0.080102,0.280102,-0.260076,-0.060076,0.000000,0.100000
0.079901,0.279901,-0.259925,-0.059925,0.000000,0.100000
0.079700,0.279700,-0.259775,-0.059775,0.000000,0.100000
0.079499,0.279499,-0.259624,-0.059624,0.000000,0.100000
0.079299,0.279299,-0.259474,-0.059474,0.000000,0.100000
0.079098,0.279098,-0.259324,-0.059324,0.000000,0.100000
0.078898,0.278898,-0.259174,-0.059174,0.000000,0.100000
0.078698,0.278698,-0.259024,-0.059024,0.000000,0.100000
0.078498,0.278498,-0.258874,-0.058874,0.000000,0.100000
0.078299,0.278299,-0.258724,-0.058724,0.000000,0.100000
0.078099,0.278099,-0.258575,-0.058575,0.000000,0.100000
0.077900,0.277900,-0.258425,-0.058425,0.000000,0.100000
0.077701,0.277701,-0.258276,-0.058276,0.000000,0.100000
0.077503,0.277503,-0.258127,-0.058127,0.000000,0.100000
0.077304,0.277304,-0.257978,-0.057978,0.000000,0.100000
0.077106,0.277106,-0.257829,-0.057829,0.000000,0.100000
0.076907,0.276907,-0.257680,-0.057680,0.000000,0.100000
0.076709,0.276709,-0.257532,-0.057532,0.000000,0.100000
0.076511,0.276511,-0.257384,-0.057384,0.000000,0.100000
0.076314,0.276314,-0.257235,-0.057235,0.000000,0.100000
0.076116,0.276116,-0.257087,-0.057087,0.000000,0.100000
0.075919,0.275919,-0.256939,-0.056939,0.000000,0.100000
0.075722,0.275722,-0.256792,-0.056792,0.000000,0.100000
0.075525,0.275525,-0.256644,-0.056644,0.000000,0.100000
0.075329,0.275329,-0.256497,-0.056497,0.000000,0.100000
0.075132,0.275132,-0.256349,-0.056349,0.000000,0.100000
0.074936,0.274936,-0.256202,-0.056202,0.000000,0.100000
0.074740,0.274740,-0.256055,-0.056055,0.000000,0.100000
0.074544,0.274544,-0.255908,-0.055908,0.000000,0.100000
0.074348,0.274348,-0.255761,-0.055761,0.000000,0.100000
0.074153,0.274153,-0.255615,-0.055615,0.000000,0.100000
0.073958,0.273958,-0.255468,-0.055468,0.000000,0.100000
0.073763,0.273763,-0.255322,-0.055322,0.000000,0.100000
0.073568,0.273568,-0.255176,-0.055176,0.000000,0.100000
0.073373,0.273373,-0.255030,-0.055030,0.000000,0.100000
0.073179,0.273179,-0.254884,-0.054884,0.000000,0.100000
0.072984,0.272984,-0.254738,-0.054738,0.000000,0.100000
0.072790,0.272790,-0.254593,-0.054593,0.000000,0.100000
0.072597,0.272597,-0.254447,-0.054447,0.000000,0.100000
0.072403,0.272403,-0.254302,-0.054302,0.000000,0.100000
0.072209,0.272209,-0.254157,-0.054157,0.000000,0.100000
0.072016,0.272016,-0.254012,-0.054012,0.000000,0.100000
0.071823,0.271823,-0.253867,-0.053867,0.000000,0.100000
0.071630,0.271630,-0.253723,-0.053723,0.000000,0.100000
0.071438,0.271438,-0.253578,-0.053578,0.000000,0.100000
0.071245,0.271245,-0.253434,-0.053434,0.000000,0.100000
0.071053,0.271053,-0.253290,-0.053290,0.000000,0.100000
0.070861,0.270861,-0.253146,-0.053146,0.000000,0.100000
0.070669,0.270669,-0.253002,-0.053002,0.000000,0.100000
0.070477,0.270477,-0.252858,-0.052858,0.000000,0.100000
0.070286,0.270286,-0.252715,-0.052715,0.000000,0.100000
0.070095,0.270095,-0.252571,-0.052571,0.000000,0.100000
0.069904,0.269904,-0.252428,-0.052428,0.000000,0.100000
0.069713,0.269713,-0.252285,-0.052285,0.000000,0.100000
0.069522,0.269522,-0.252142,-0.052142,0.000000,0.100000
0.069332,0.269332,-0.251999,-0.051999,0.000000,0.100000
0.069142,0.269142,-0.251856,-0.051856,0.000000,0.100000
0.068952,0.268952,-0.251714,-0.051714,0.000000,0.100000
0.068762,0.268762,-0.251572,-0.051572,0.000000,0.100000
0.068573,0.268573,-0.251429,-0.051429,0.000000,0.100000
0.068383,0.268383,-0.251287,-0.051287,0.000000,0.100000
0.068194,0.268194,-0.251146,-0.051146,0.000000,0.100000
0.068005,0.268005,-0.251004,-0.051004,0.000000,0.100000
0.067816,0.267816,-0.250862,-0.050862,0.000000,0.100000
0.067628,0.267628,-0.250721,-0.050721,0.000000,0.100000
0.067440,0.267440,-0.250580,-0.050580,0.000000,0.100000
0.067251,0.267251,-0.250439,-0.050439,0.000000,0.100000
0.067064,0.267064,-0.250298,-0.050298,0.000000,0.100000
0.066876,0.266876,-0.250157,-0.050157,0.000000,0.100000
0.066688,0.266688,-0.250016,-0.050016,0.000000,0.100000
0.066501,0.266501,-0.249876,-0.049876,0.000000,0.100000
0.066314,0.266314,-0.249736,-0.049736,0.000000,0.100000
0.066127,0.266127,-0.249595,-0.049595,0.000000,0.100000
0.065941,0.265941,-0.249455,-0.049455,0.000000,0.100000
0.065754,0.265754,-0.249316,-0.049316,0.000000,0.100000
0.065568,0.265568,-0.249176,-0.049176,0.000000,0.100000
0.065382,0.265382,-0.249036,-0.049036,0.000000,0.100000
0.065196,0.265196,-0.248897,-0.048897,0.000000,0.100000
0.065011,0.265011,-0.248758,-0.048758,0.000000,0.100000
0.064825,0.264825,-0.248619,-0.048619,0.000000,0.100000
0.064640,0.264640,-0.248480,-0.048480,0.000000,0.100000
0.064455,0.264455,-0.248341,-0.048341,0.000000,0.100000
0.064270,0.264270,-0.248203,-0.048203,0.000000,0.100000
0.064086,0.264086,-0.248064,-0.048064,0.000000,0.100000
0.063902,0.263902,-0.247926,-0.047926,0.000000,0.100000
0.063718,0.263718,-0.247788,-0.047788,0.000000,0.100000
0.063534,0.263534,-0.247650,-0.047650,0.000000,0.100000
0.063350,0.263350,-0.247513,-0.047513,0.000000,0.100000
0.063167,0.263167,-0.247375,-0.047375,0.000000,0.100000
0.062983,0.262983,-0.247238,-0.047238,0.000000,0.100000
0.062800,0.262800,-0.247100,-0.047100,0.000000,0.100000
0.062618,0.262618,-0.246963,-0.046963,0.000000,0.100000
0.062435,0.262435,-0.246826,-0.046826,0.000000,0.100000
0.062253,0.262253,-0.246690,-0.046690,0.000000,0.100000
0.062071,0.262071,-0.246553,-0.046553,0.000000,0.100000
0.061889,0.261889,-0.246417,-0.046417,0.000000,0.100000
0.061707,0.261707,-0.246280,-0.046280,0.000000,0.100000
0.061526,0.261526,-0.246144,-0.046144,0.000000,0.100000
0.061344,0.261344,-0.246008,-0.046008,0.000000,0.100000
0.061163,0.261163,-0.245872,-0.045872,0.000000,0.100000
0.060982,0.260982,-0.245737,-0.045737,0.000000,0.100000
0.060802,0.260802,-0.245601,-0.045601,0.000000,0.100000
0.060621,0.260621,-0.245466,-0.045466,0.000000,0.100000
0.060441,0.260441,-0.245331,-0.045331,0.000000,0.100000
0.060261,0.260261,-0.245196,-0.045196,0.000000,0.100000
0.060082,0.260082,-0.245061,-0.045061,0.000000,0.100000
0.059902,0.259902,-0.244927,-0.044927,0.000000,0.100000
0.059723,0.259723,-0.244792,-0.044792,0.000000,0.100000
0.059544,0.259544,-0.244658,-0.044658,0.000000,0.100000
0.059365,0.259365,-0.244524,-0.044524,0.000000,0.100000
0.059186,0.259186,-0.244390,-0.044390,0.000000,0.100000
0.059008,0.259008,-0.244256,-0.044256,0.000000,0.100000
0.058830,0.258830,-0.244122,-0.044122,0.000000,0.100000
0.058652,0.258652,-0.243989,-0.043989,0.000000,0.100000
0.058474,0.258474,-0.243856,-0.043856,0.000000,0.100000
0.058297,0.258297,-0.243723,-0.043723,0.000000,0.100000
0.058120,0.258120,-0.243590,-0.043590,0.000000,0.100000
0.057942,0.257942,-0.243457,-0.043457,0.000000,0.100000
0.057766,0.257766,-0.243324,-0.043324,0.000000,0.100000
0.057589,0.257589,-0.243192,-0.043192,0.000000,0.100000
0.057413,0.257413,-0.243060,-0.043060,0.000000,0.100000
0.057237,0.257237,-0.242927,-0.042927,0.000000,0.100000
0.057061,0.257061,-0.242795,-0.042795,0.000000,0.100000
0.056885,0.256885,-0.242664,-0.042664,0.000000,0.100000
0.056709,0.256709,-0.242532,-0.042532,0.000000,0.100000
0.056534,0.256534,-0.242401,-0.042401,0.000000,0.100000
0.056359,0.256359,-0.242269,-0.042269,0.000000,0.100000
0.056184,0.256184,-0.242138,-0.042138,0.000000,0.100000
0.056010,0.256010,-0.242007,-0.042007,0.000000,0.100000
0.055836,0.255836,-0.241877,-0.041877,0.000000,0.100000
0.055661,0.255661,-0.241746,-0.041746,0.000000,0.100000
0.055488,0.255488,-0.241616,-0.041616,0.000000,0.100000
0.055314,0.255314,-0.241485,-0.041485,0.000000,0.100000
0.055140,0.255140,-0.241355,-0.041355,0.000000,0.100000
0.054967,0.254967,-0.241225,-0.041225,0.000000,0.100000
0.054794,0.254794,-0.241096,-0.041096,0.000000,0.100000
0.054622,0.254622,-0.240966,-0.040966,0.000000,0.100000
0.054449,0.254449,-0.240837,-0.040837,0.000000,0.100000
0.054277,0.254277,-0.240708,-0.040708,0.000000,0.100000
0.054105,0.254105,-0.240579,-0.040579,0.000000,0.100000
0.053933,0.253933,-0.240450,-0.040450,0.000000,0.100000
0.053761,0.253761,-0.240321,-0.040321,0.000000,0.100000
0.053590,0.253590,-0.240193,-0.040193,0.000000,0.100000
0.053419,0.253419,-0.240064,-0.040064,0.000000,0.100000
0.053248,0.253248,-0.239936,-0.039936,0.000000,0.100000
0.053077,0.253077,-0.239808,-0.039808,0.000000,0.100000
0.052907,0.252907,-0.239680,-0.039680,0.000000,0.100000
0.052737,0.252737,-0.239553,-0.039553,0.000000,0.100000
0.052567,0.252567,-0.239425,-0.039425,0.000000,0.100000
0.052397,0.252397,-0.239298,-0.039298,0.000000,0.100000
0.052228,0.252228,-0.239171,-0.039171,0.000000,0.100000
0.052058,0.252058,-0.239044,-0.039044,0.000000,0.100000
0.051889,0.251889,-0.238917,-0.038917,0.000000,0.100000
0.051721,0.251721,-0.238790,-0.038790,0.000000,0.100000
0.051552,0.251552,-0.238664,-0.038664,0.000000,0.100000
0.051384,0.251384,-0.238538,-0.038538,0.000000,0.100000
0.051216,0.251216,-0.238412,-0.038412,0.000000,0.100000
0.051048,0.251048,-0.238286,-0.038286,0.000000,0.100000
0.050880,0.250880,-0.238160,-0.038160,0.000000,0.100000
0.050713,0.250713,-0.238035,-0.038035,0.000000,0.100000
0.050546,0.250546,-0.237909,-0.037909,0.000000,0.100000
0.050379,0.250379,-0.237784,-0.037784,0.000000,0.100000
0.050212,0.250212,-0.237659,-0.037659,0.000000,0.100000
0.050046,0.250046,-0.237534,-0.037534,0.000000,0.100000
0.049879,0.249879,-0.237410,-0.037410,0.000000,0.100000
0.049713,0.249713,-0.237285,-0.037285,0.000000,0.100000
0.049548,0.249548,-0.237161,-0.037161,0.000000,0.100000
0.049382,0.249382,-0.237037,-0.037037,0.000000,0.100000
0.049217,0.249217,-0.236913,-0.036913,0.000000,0.100000
0.049052,0.249052,-0.236789,-0.036789,0.000000,0.100000
0.048887,0.248887,-0.236665,-0.036665,0.000000,0.100000
0.048723,0.248723,-0.236542,-0.036542,0.000000,0.100000
0.048558,0.248558,-0.236419,-0.036419,0.000000,0.100000
0.048394,0.248394,-0.236296,-0.036296,0.000000,0.100000
0.048230,0.248230,-0.236173,-0.036173,0.000000,0.100000
0.048067,0.248067,-0.236050,-0.036050,0.000000,0.100000
0.047904,0.247904,-0.235928,-0.035928,0.000000,0.100000
0.047740,0.247740,-0.235805,-0.035805,0.000000,0.100000
0.047578,0.247578,-0.235683,-0.035683,0.000000,0.100000
0.047415,0.247415,-0.235561,-0.035561,0.000000,0.100000
0.047253,0.247253,-0.235439,-0.035439,0.000000,0.100000
0.047090,0.247090,-0.235318,-0.035318,0.000000,0.100000
0.046929,0.246929,-0.235196,-0.035196,0.000000,0.100000
0.046767,0.246767,-0.235075,-0.035075,0.000000,0.100000
0.046605,0.246605,-0.234954,-0.034954,0.000000,0.100000
0.046444,0.246444,-0.234833,-0.034833,0.000000,0.100000
0.046283,0.246283,-0.234713,-0.034713,0.000000,0.100000
0.046123,0.246123,-0.234592,-0.034592,0.000000,0.100000
0.045962,0.245962,-0.234472,-0.034472,0.000000,0.100000
0.045802,0.245802,-0.234352,-0.034352,0.000000,0.100000
0.045642,0.245642,-0.234232,-0.034232,0.000000,0.100000
0.045482,0.245482,-0.234112,-0.034112,0.000000,0.100000
0.045323,0.245323,-0.233992,-0.033992,0.000000,0.100000
0.045164,0.245164,-0.233873,-0.033873,0.000000,0.100000
0.045005,0.245005,-0.233754,-0.033754,0.000000,0.100000
0.044846,0.244846,-0.233635,-0.033635,0.000000,0.100000
0.044688,0.244688,-0.233516,-0.033516,0.000000,0.100000
0.044529,0.244529,-0.233397,-0.033397,0.000000,0.100000
0.044371,0.244371,-0.233278,-0.033278,0.000000,0.100000
0.044214,0.244214,-0.233160,-0.033160,0.000000,0.100000
0.044056,0.244056,-0.233042,-0.033042,0.000000,0.100000
0.043899,0.243899,-0.232924,-0.032924,0.000000,0.100000
0.043742,0.243742,-0.232806,-0.032806,0.000000,0.100000
0.043585,0.243585,-0.232689,-0.032689,0.000000,0.100000
0.043429,0.243429,-0.232571,-0.032571,0.000000,0.100000
0.043272,0.243272,-0.232454,-0.032454,0.000000,0.100000
0.043116,0.243116,-0.232337,-0.032337,0.000000,0.100000
0.042960,0.242960,-0.232220,-0.032220,0.000000,0.100000
0.042805,0.242805,-0.232104,-0.032104,0.000000,0.100000
0.042650,0.242650,-0.231987,-0.031987,0.000000,0.100000
0.042495,0.242495,-0.231871,-0.031871,0.000000,0.100000
0.042340,0.242340,-0.231755,-0.031755,0.000000,0.100000
0.042185,0.242185,-0.231639,-0.031639,0.000000,0.100000
0.042031,0.242031,-0.231523,-0.031523,0.000000,0.100000
0.041877,0.241877,-0.231408,-0.031408,0.000000,0.100000
0.041723,0.241723,-0.231292,-0.031292,0.000000,0.100000
0.041570,0.241570,-0.231177,-0.031177,0.000000,0.100000
0.041416,0.241416,-0.231062,-0.031062,0.000000,0.100000
0.041263,0.241263,-0.230948,-0.030948,0.000000,0.100000
0.041111,0.241111,-0.230833,-0.030833,0.000000,0.100000
0.040958,0.240958,-0.230719,-0.030719,0.000000,0.100000
0.040806,0.240806,-0.230604,-0.030604,0.000000,0.100000
0.040654,0.240654,-0.230490,-0.030490,0.000000,0.100000
0.040502,0.240502,-0.230376,-0.030376,0.000000,0.100000
0.040350,0.240350,-0.230263,-0.030263,0.000000,0.100000
0.040199,0.240199,-0.230149,-0.030149,0.000000,0.100000
0.040048,0.240048,-0.230036,-0.030036,0.000000,0.100000
0.039897,0.239897,-0.229923,-0.029923,0.000000,0.100000
0.039747,0.239747,-0.229810,-0.029810,0.000000,0.100000
0.039597,0.239597,-0.229697,-0.029697,0.000000,0.100000
0.039447,0.239447,-0.229585,-0.029585,0.000000,0.100000
0.039297,0.239297,-0.229473,-0.029473,0.000000,0.100000
0.039147,0.239147,-0.229361,-0.029361,0.000000,0.100000
0.038998,0.238998,-0.229249,-0.029249,0.000000,0.100000
0.038849,0.238849,-0.229137,-0.029137,0.000000,0.100000
0.038700,0.238700,-0.229025,-0.029025,0.000000,0.100000
0.038552,0.238552,-0.228914,-0.028914,0.000000,0.100000
0.038404,0.238404,-0.228803,-0.028803,0.000000,0.100000
0.038256,0.238256,-0.228692,-0.028692,0.000000,0.100000
0.038108,0.238108,-0.228581,-0.028581,0.000000,0.100000
0.037961,0.237961,-0.228470,-0.028470,0.000000,0.100000
0.037813,0.237813,-0.228360,-0.028360,0.000000,0.100000
0.037666,0.237666,-0.228250,-0.028250,0.000000,0.100000
0.037520,0.237520,-0.228140,-0.028140,0.000000,0.100000
0.037373,0.237373,-0.228030,-0.028030,0.000000,0.100000
0.037227,0.237227,-0.227920,-0.027920,0.000000,0.100000
0.037081,0.237081,-0.227811,-0.027811,0.000000,0.100000
0.036936,0.236936,-0.227702,-0.027702,0.000000,0.100000
0.036790,0.236790,-0.227593,-0.027593,0.000000,0.100000
0.036645,0.236645,-0.227484,-0.027484,0.000000,0.100000
0.036500,0.236500,-0.227375,-0.027375,0.000000,0.100000
0.036355,0.236355,-0.227267,-0.027267,0.000000,0.100000
0.036211,0.236211,-0.227158,-0.027158,0.000000,0.100000
0.036067,0.236067,-0.227050,-0.027050,0.000000,0.100000
0.035923,0.235923,-0.226942,-0.026942,0.000000,0.100000
0.035779,0.235779,-0.226835,-0.026835,0.000000,0.100000
0.035636,0.235636,-0.226727,-0.026727,0.000000,0.100000
0.035493,0.235493,-0.226620,-0.026620,0.000000,0.100000
0.035350,0.235350,-0.226513,-0.026513,0.000000,0.100000
0.035208,0.235208,-0.226406,-0.026406,0.000000,0.100000
0.035065,0.235065,-0.226299,-0.026299,0.000000,0.100000
0.034923,0.234923,-0.226193,-0.026193,0.000000,0.100000
0.034782,0.234782,-0.226086,-0.026086,0.000000,0.100000
0.034640,0.234640,-0.225980,-0.025980,0.000000,0.100000
0.034499,0.234499,-0.225874,-0.025874,0.000000,0.100000
0.034358,0.234358,-0.225768,-0.025768,0.000000,0.100000
0.034217,0.234217,-0.225663,-0.025663,0.000000,0.100000
0.034077,0.234077,-0.225557,-0.025557,0.000000,0.100000
0.033936,0.233936,-0.225452,-0.025452,0.000000,0.100000
0.033796,0.233796,-0.225347,-0.025347,0.000000,0.100000
0.033657,0.233657,-0.225243,-0.025243,0.000000,0.100000
0.033517,0.233517,-0.225138,-0.025138,0.000000,0.100000
0.033378,0.233378,-0.225034,-0.025034,0.000000,0.100000
0.033239,0.233239,-0.224929,-0.024929,0.000000,0.100000
0.033101,0.233101,-0.224826,-0.024826,0.000000,0.100000
0.032962,0.232962,-0.224722,-0.024722,0.000000,0.100000
0.032824,0.232824,-0.224618,-0.024618,0.000000,0.100000
0.032686,0.232686,-0.224515,-0.024515,0.000000,0.100000
0.032549,0.232549,-0.224412,-0.024412,0.000000,0.100000
0.032411,0.232411,-0.224309,-0.024309,0.000000,0.100000
0.032274,0.232274,-0.224206,-0.024206,0.000000,0.100000
0.032138,0.232138,-0.224103,-0.024103,0.000000,0.100000
0.032001,0.232001,-0.224001,-0.024001,0.000000,0.100000
0.031865,0.231865,-0.223899,-0.023899,0.000000,0.100000
0.031729,0.231729,-0.223797,-0.023797,0.000000,0.100000
0.031593,0.231593,-0.223695,-0.023695,0.000000,0.100000
0.031458,0.231458,-0.223593,-0.023593,0.000000,0.100000
0.031323,0.231323,-0.223492,-0.023492,0.000000,0.100000
0.031188,0.231188,-0.223391,-0.023391,0.000000,0.100000
0.031053,0.231053,-0.223290,-0.023290,0.000000,0.100000
0.030919,0.230919,-0.223189,-0.023189,0.000000,0.100000
0.030784,0.230784,-0.223088,-0.023088,0.000000,0.100000
0.030651,0.230651,-0.222988,-0.022988,0.000000,0.100000
0.030517,0.230517,-0.222888,-0.022888,0.000000,0.100000
0.030384,0.230384,-0.222788,-0.022788,0.000000,0.100000
0.030251,0.230251,-0.222688,-0.022688,0.000000,0.100000
0.030118,0.230118,-0.222588,-0.022588,0.000000,0.100000
0.029985,0.229985,-0.222489,-0.022489,0.000000,0.100000
0.029853,0.229853,-0.222390,-0.022390,0.000000,0.100000
0.029721,0.229721,-0.222291,-0.022291,0.000000,0.100000
0.029589,0.229589,-0.222192,-0.022192,0.000000,0.100000
0.029458,0.229458,-0.222094,-0.022094,0.000000,0.100000
0.029327,0.229327,-0.221995,-0.021995,0.000000,0.100000
0.029196,0.229196,-0.221897,-0.021897,0.000000,0.100000
0.029065,0.229065,-0.221799,-0.021799,0.000000,0.100000
0.028935,0.228935,-0.221701,-0.021701,0.000000,0.100000
0.028805,0.228805,-0.221604,-0.021604,0.000000,0.100000
0.028675,0.228675,-0.221506,-0.021506,0.000000,0.100000
0.028546,0.228546,-0.221409,-0.021409,0.000000,0.100000
0.028416,0.228416,-0.221312,-0.021312,0.000000,0.100000
0.028287,0.228287,-0.221215,-0.021215,0.000000,0.100000
0.028158,0.228158,-0.221119,-0.021119,0.000000,0.100000
0.028030,0.228030,-0.221023,-0.021023,0.000000,0.100000
0.027902,0.227902,-0.220926,-0.020926,0.000000,0.100000
0.027774,0.227774,-0.220830,-0.020830,0.000000,0.100000
0.027646,0.227646,-0.220735,-0.020735,0.000000,0.100000
0.027519,0.227519,-0.220639,-0.020639,0.000000,0.100000
0.027392,0.227392,-0.220544,-0.020544,0.000000,0.100000
0.027265,0.227265,-0.220449,-0.020449,0.000000,0.100000
0.027138,0.227138,-0.220354,-0.020354,0.000000,0.100000
0.027012,0.227012,-0.220259,-0.020259,0.000000,0.100000
0.026886,0.226886,-0.220165,-0.020165,0.000000,0.100000
0.026760,0.226760,-0.220070,-0.020070,0.000000,0.100000
0.026635,0.226635,-0.219976,-0.019976,0.000000,0.100000
0.026510,0.226510,-0.219882,-0.019882,0.000000,0.100000
0.026385,0.226385,-0.219789,-0.019789,0.000000,0.100000
0.026260,0.226260,-0.219695,-0.019695,0.000000,0.100000
0.026136,0.226136,-0.219602,-0.019602,0.000000,0.100000
0.026012,0.226012,-0.219509,-0.019509,0.000000,0.100000
0.025888,0.225888,-0.219416,-0.019416,0.000000,0.100000
0.025764,0.225764,-0.219323,-0.019323,0.000000,0.100000
0.025641,0.225641,-0.219231,-0.019231,0.000000,0.100000
0.025518,0.225518,-0.219139,-0.019139,0.000000,0.100000
0.025395,0.225395,-0.219047,-0.019047,0.000000,0.100000
0.025273,0.225273,-0.218955,-0.018955,0.000000,0.100000
0.025151,0.225151,-0.218863,-0.018863,0.000000,0.100000
0.025029,0.225029,-0.218772,-0.018772,0.000000,0.100000
0.024907,0.224907,-0.218680,-0.018680,0.000000,0.100000
0.024786,0.224786,-0.218589,-0.018589,0.000000,0.100000
0.024665,0.224665,-0.218499,-0.018499,0.000000,0.100000
0.024544,0.224544,-0.218408,-0.018408,0.000000,0.100000
0.024424,0.224424,-0.218318,-0.018318,0.000000,0.100000
0.024303,0.224303,-0.218228,-0.018228,0.000000,0.100000
0.024183,0.224183,-0.218138,-0.018138,0.000000,0.100000
0.024064,0.224064,-0.218048,-0.018048,0.000000,0.100000
0.023944,0.223944,-0.217958,-0.017958,0.000000,0.100000
0.023825,0.223825,-0.217869,-0.017869,0.000000,0.100000
0.023706,0.223706,-0.217780,-0.017780,0.000000,0.100000
0.023588,0.223588,-0.217691,-0.017691,0.000000,0.100000
0.023470,0.223470,-0.217602,-0.017602,0.000000,0.100000
0.023352,0.223352,-0.217514,-0.017514,0.000000,0.100000
0.023234,0.223234,-0.217425,-0.017425,0.000000,0.100000
0.023116,0.223116,-0.217337,-0.017337,0.000000,0.100000
0.022999,0.222999,-0.217249,-0.017249,0.000000,0.100000
0.022882,0.222882,-0.217162,-0.017162,0.000000,0.100000
0.022766,0.222766,-0.217074,-0.017074,0.000000,0.100000
0.022649,0.222649,-0.216987,-0.016987,0.000000,0.100000
0.022533,0.222533,-0.216900,-0.016900,0.000000,0.100000
0.022418,0.222418,-0.216813,-0.016813,0.000000,0.100000
0.022302,0.222302,-0.216727,-0.016727,0.000000,0.100000
0.022187,0.222187,-0.216640,-0.016640,0.000000,0.100000
0.022072,0.222072,-0.216554,-0.016554,0.000000,0.100000
0.021957,0.221957,-0.216468,-0.016468,0.000000,0.100000
0.021843,0.221843,-0.216382,-0.016382,0.000000,0.100000
0.021729,0.221729,-0.216297,-0.016297,0.000000,0.100000
0.021615,0.221615,-0.216211,-0.016211,0.000000,0.100000
0.021502,0.221502,-0.216126,-0.016126,0.000000,0.100000
0.021388,0.221388,-0.216041,-0.016041,0.000000,0.100000
0.021275,0.221275,-0.215957,-0.015957,0.000000,0.100000
0.021163,0.221163,-0.215872,-0.015872,0.000000,0.100000
0.021050,0.221050,-0.215788,-0.015788,0.000000,0.100000
0.020938,0.220938,-0.215704,-0.015704,0.000000,0.100000
0.020826,0.220826,-0.215620,-0.015620,0.000000,0.100000
0.020715,0.220715,-0.215536,-0.015536,0.000000,0.100000
0.020604,0.220604,-0.215453,-0.015453,0.000000,0.100000
0.020493,0.220493,-0.215369,-0.015369,0.000000,0.100000
0.020382,0.220382,-0.215286,-0.015286,0.000000,0.100000
0.020272,0.220272,-0.215204,-0.015204,0.000000,0.100000
0.020161,0.220161,-0.215121,-0.015121,0.000000,0.100000
0.020052,0.220052,-0.215039,-0.015039,0.000000,0.100000
0.019942,0.219942,-0.214956,-0.014956,0.000000,0.100000
0.019833,0.219833,-0.214875,-0.014875,0.000000,0.100000
0.019724,0.219724,-0.214793,-0.014793,0.000000,0.100000
0.019615,0.219615,-0.214711,-0.014711,0.000000,0.100000
0.019507,0.219507,-0.214630,-0.014630,0.000000,0.100000
0.019398,0.219398,-0.214549,-0.014549,0.000000,0.100000
0.019291,0.219291,-0.214468,-0.014468,0.000000,0.100000
0.019183,0.219183,-0.214387,-0.014387,0.000000,0.100000
0.019076,0.219076,-0.214307,-0.014307,0.000000,0.100000
0.018969,0.218969,-0.214227,-0.014227,0.000000,0.100000
0.018862,0.218862,-0.214147,-0.014147,0.000000,0.100000
0.018756,0.218756,-0.214067,-0.014067,0.000000,0.100000
0.018650,0.218650,-0.213987,-0.013987,0.000000,0.100000
0.018544,0.218544,-0.213908,-0.013908,0.000000,0.100000
0.018438,0.218438,-0.213829,-0.013829,0.000000,0.100000
0.018333,0.218333,-0.213750,-0.013750,0.000000,0.100000
0.018228,0.218228,-0.213671,-0.013671,0.000000,0.100000
0.018123,0.218123,-0.213592,-0.013592,0.000000,0.100000
0.018019,0.218019,-0.213514,-0.013514,0.000000,0.100000
0.017915,0.217915,-0.213436,-0.013436,0.000000,0.100000
0.017811,0.217811,-0.213358,-0.013358,0.000000,0.100000
0.017707,0.217707,-0.213280,-0.013280,0.000000,0.100000
0.017604,0.217604,-0.213203,-0.013203,0.000000,0.100000
0.017501,0.217501,-0.213126,-0.013126,0.000000,0.100000
0.017398,0.217398,-0.213049,-0.013049,0.000000,0.100000
0.017296,0.217296,-0.212972,-0.012972,0.000000,0.100000
0.017194,0.217194,-0.212895,-0.012895,0.000000,0.100000
0.017092,0.217092,-0.212819,-0.012819,0.000000,0.100000
0.016991,0.216991,-0.212743,-0.012743,0.000000,0.100000
0.016889,0.216889,-0.212667,-0.012667,0.000000,0.100000
0.016788,0.216788,-0.212591,-0.012591,0.000000,0.100000
0.016688,0.216688,-0.212516,-0.012516,0.000000,0.100000
0.016587,0.216587,-0.212441,-0.012441,0.000000,0.100000
0.016487,0.216487,-0.212365,-0.012365,0.000000,0.100000
0.016387,0.216387,-0.212291,-0.012291,0.000000,0.100000
0.016288,0.216288,-0.212216,-0.012216,0.000000,0.100000
0.016189,0.216189,-0.212142,-0.012142,0.000000,0.100000
0.016090,0.216090,-0.212067,-0.012067,0.000000,0.100000
0.015991,0.215991,-0.211993,-0.011993,0.000000,0.100000
0.015893,0.215893,-0.211920,-0.011920,0.000000,0.100000
0.015795,0.215795,-0.211846,-0.011846,0.000000,0.100000
0.015697,0.215697,-0.211773,-0.011773,0.000000,0.100000
0.015600,0.215600,-0.211700,-0.011700,0.000000,0.100000
0.015502,0.215502,-0.211627,-0.011627,0.000000,0.100000
0.015406,0.215406,-0.211554,-0.011554,0.000000,0.100000
0.015309,0.215309,-0.211482,-0.011482,0.000000,0.100000
0.015213,0.215213,-0.211410,-0.011410,0.000000,0.100000
0.015117,0.215117,-0.211337,-0.011337,0.000000,0.100000
0.015021,0.215021,-0.211266,-0.011266,0.000000,0.100000
0.014926,0.214926,-0.211194,-0.011194,0.000000,0.100000
0.014830,0.214830,-0.211123,-0.011123,0.000000,0.100000
0.014736,0.214736,-0.211052,-0.011052,0.000000,0.100000
0.014641,0.214641,-0.210981,-0.010981,0.000000,0.100000
0.014547,0.214547,-0.210910,-0.010910,0.000000,0.100000
0.014453,0.214453,-0.210840,-0.010840,0.000000,0.100000
0.014359,0.214359,-0.210769,-0.010769,0.000000,0.100000
0.014266,0.214266,-0.210699,-0.010699,0.000000,0.100000
0.014173,0.214173,-0.210630,-0.010630,0.000000,0.100000
0.014080,0.214080,-0.210560,-0.010560,0.000000,0.100000
0.013987,0.213987,-0.210491,-0.010491,0.000000,0.100000
0.013895,0.213895,-0.210421,-0.010421,0.000000,0.100000
0.013803,0.213803,-0.210352,-0.010352,0.000000,0.100000
0.013712,0.213712,-0.210284,-0.010284,0.000000,0.100000
0.013620,0.213620,-0.210215,-0.010215,0.000000,0.100000
0.013529,0.213529,-0.210147,-0.010147,0.000000,0.100000
0.013439,0.213439,-0.210079,-0.010079,0.000000,0.100000
0.013348,0.213348,-0.210011,-0.010011,0.000000,0.100000
0.013258,0.213258,-0.209944,-0.009944,0.000000,0.100000
0.013168,0.213168,-0.209876,-0.009876,0.000000,0.100000
0.013079,0.213079,-0.209809,-0.009809,0.000000,0.100000
0.012989,0.212989,-0.209742,-0.009742,0.000000,0.100000
0.012900,0.212900,-0.209675,-0.009675,0.000000,0.100000
0.012812,0.212812,-0.209609,-0.009609,0.000000,0.100000
0.012723,0.212723,-0.209543,-0.009543,0.000000,0.100000
0.012635,0.212635,-0.209476,-0.009476,0.000000,0.100000
0.012548,0.212548,-0.209411,-0.009411,0.000000,0.100000
0.012460,0.212460,-0.209345,-0.009345,0.000000,0.100000
0.012373,0.212373,-0.209280,-0.009280,0.000000,0.100000
0.012286,0.212286,-0.209214,-0.009214,0.000000,0.100000
0.012199,0.212199,-0.209150,-0.009150,0.000000,0.100000
0.012113,0.212113,-0.209085,-0.009085,0.000000,0.100000
0.012027,0.212027,-0.209020,-0.009020,0.000000,0.100000
0.011941,0.211941,-0.208956,-0.008956,0.000000,0.100000
0.011856,0.211856,-0.208892,-0.008892,0.000000,0.100000
0.011771,0.211771,-0.208828,-0.008828,0.000000,0.100000
0.011686,0.211686,-0.208765,-0.008765,0.000000,0.100000
0.011602,0.211602,-0.208701,-0.008701,0.000000,0.100000
0.011517,0.211517,-0.208638,-0.008638,0.000000,0.100000
0.011433,0.211433,-0.208575,-0.008575,0.000000,0.100000
0.011350,0.211350,-0.208512,-0.008512,0.000000,0.100000
0.011267,0.211267,-0.208450,-0.008450,0.000000,0.100000
0.011183,0.211183,-0.208388,-0.008388,0.000000,0.100000
0.011101,0.211101,-0.208326,-0.008326,0.000000,0.100000
0.011018,0.211018,-0.208264,-0.008264,0.000000,0.100000
0.010936,0.210936,-0.208202,-0.008202,0.000000,0.100000
0.010854,0.210854,-0.208141,-0.008141,0.000000,0.100000
0.010773,0.210773,-0.208080,-0.008080,0.000000,0.100000
0.010692,0.210692,-0.208019,-0.008019,0.000000,0.100000
0.010611,0.210611,-0.207958,-0.007958,0.000000,0.100000
0.010530,0.210530,-0.207898,-0.007898,0.000000,0.100000
0.010450,0.210450,-0.207837,-0.007837,0.000000,0.100000
0.010370,0.210370,-0.207777,-0.007777,0.000000,0.100000
0.010290,0.210290,-0.207717,-0.007717,0.000000,0.100000
0.010211,0.210211,-0.207658,-0.007658,0.000000,0.100000
0.010131,0.210131,-0.207599,-0.007599,0.000000,0.100000
0.010053,0.210053,-0.207539,-0.007539,0.000000,0.100000
0.009974,0.209974,-0.207481,-0.007481,0.000000,0.100000
0.009896,0.209896,-0.207422,-0.007422,0.000000,0.100000
0.009818,0.209818,-0.207363,-0.007363,0.000000,0.100000
0.009740,0.209740,-0.207305,-0.007305,0.000000,0.100000
0.009663,0.209663,-0.207247,-0.007247,0.000000,0.100000
0.009586,0.209586,-0.207189,-0.007189,0.000000,0.100000
0.009509,0.209509,-0.207132,-0.007132,0.000000,0.100000
0.009433,0.209433,-0.207075,-0.007075,0.000000,0.100000
0.009357,0.209357,-0.207017,-0.007017,0.000000,0.100000
0.009281,0.209281,-0.206961,-0.006961,0.000000,0.100000
0.009205,0.209205,-0.206904,-0.006904,0.000000,0.100000
0.009130,0.209130,-0.206847,-0.006847,0.000000,0.100000
0.009055,0.209055,-0.206791,-0.006791,0.000000,0.100000
0.008980,0.208980,-0.206735,-0.006735,0.000000,0.100000
0.008906,0.208906,-0.206680,-0.006680,0.000000,0.100000
0.008832,0.208832,-0.206624,-0.006624,0.000000,0.100000
0.008758,0.208758,-0.206569,-0.006569,0.000000,0.100000
0.008685,0.208685,-0.206514,-0.006514,0.000000,0.100000
0.008612,0.208612,-0.206459,-0.006459,0.000000,0.100000
0.008539,0.208539,-0.206404,-0.006404,0.000000,0.100000
0.008466,0.208466,-0.206350,-0.006350,0.000000,0.100000
0.008394,0.208394,-0.206296,-0.006296,0.000000,0.100000
0.008322,0.208322,-0.206242,-0.006242,0.000000,0.100000
0.008251,0.208251,-0.206188,-0.006188,0.000000,0.100000
0.008179,0.208179,-0.206135,-0.006135,0.000000,0.100000
0.008108,0.208108,-0.206081,-0.006081,0.000000,0.100000
0.008038,0.208038,-0.206028,-0.006028,0.000000,0.100000
0.007967,0.207967,-0.205976,-0.005976,0.000000,0.100000
0.007897,0.207897,-0.205923,-0.005923,0.000000,0.100000
0.007828,0.207828,-0.205871,-0.005871,0.000000,0.100000
0.007758,0.207758,-0.205819,-0.005819,0.000000,0.100000
0.007689,0.207689,-0.205767,-0.005767,0.000000,0.100000
0.007620,0.207620,-0.205715,-0.005715,0.000000,0.100000
0.007551,0.207551,-0.205664,-0.005664,0.000000,0.100000
0.007483,0.207483,-0.205612,-0.005612,0.000000,0.100000
0.007415,0.207415,-0.205561,-0.005561,0.000000,0.100000
0.007348,0.207348,-0.205511,-0.005511,0.000000,0.100000
0.007280,0.207280,-0.205460,-0.005460,0.000000,0.100000
0.007213,0.207213,-0.205410,-0.005410,0.000000,0.100000
0.007146,0.207146,-0.205360,-0.005360,0.000000,0.100000
0.007080,0.207080,-0.205310,-0.005310,0.000000,0.100000
0.007014,0.207014,-0.205260,-0.005260,0.000000,0.100000
0.006948,0.206948,-0.205211,-0.005211,0.000000,0.100000
0.006882,0.206882,-0.205162,-0.005162,0.000000,0.100000
0.006817,0.206817,-0.205113,-0.005113,0.000000,0.100000
0.006752,0.206752,-0.205064,-0.005064,0.000000,0.100000
0.006688,0.206688,-0.205016,-0.005016,0.000000,0.100000
0.006623,0.206623,-0.204968,-0.004968,0.000000,0.100000
0.006559,0.206559,-0.204920,-0.004920,0.000000,0.100000
0.006496,0.206496,-0.204872,-0.004872,0.000000,0.100000
0.006432,0.206432,-0.204824,-0.004824,0.000000,0.100000
0.006369,0.206369,-0.204777,-0.004777,0.000000,0.100000
0.006307,0.206307,-0.204730,-0.004730,0.000000,0.100000
0.006244,0.206244,-0.204683,-0.004683,0.000000,0.100000
0.006182,0.206182,-0.204636,-0.004636,0.000000,0.100000
0.006120,0.206120,-0.204590,-0.004590,0.000000,0.100000
0.006058,0.206058,-0.204544,-0.004544,0.000000,0.100000
0.005997,0.205997,-0.204498,-0.004498,0.000000,0.100000
0.005936,0.205936,-0.204452,-0.004452,0.000000,0.100000
0.005876,0.205876,-0.204407,-0.004407,0.000000,0.100000
0.005815,0.205815,-0.204362,-0.004362,0.000000,0.100000
0.005755,0.205755,-0.204316,-0.004316,0.000000,0.100000
0.005696,0.205696,-0.204272,-0.004272,0.000000,0.100000
0.005636,0.205636,-0.204227,-0.004227,0.000000,0.100000
0.005577,0.205577,-0.204183,-0.004183,0.000000,0.100000
0.005518,0.205518,-0.204139,-0.004139,0.000000,0.100000
0.005460,0.205460,-0.204095,-0.004095,0.000000,0.100000
0.005402,0.205402,-0.204051,-0.004051,0.000000,0.100000
0.005344,0.205344,-0.204008,-0.004008,0.000000,0.100000
0.005286,0.205286,-0.203965,-0.003965,0.000000,0.100000
0.005229,0.205229,-0.203922,-0.003922,0.000000,0.100000
0.005172,0.205172,-0.203879,-0.003879,0.000000,0.100000
0.005115,0.205115,-0.203837,-0.003837,0.000000,0.100000
0.005059,0.205059,-0.203794,-0.003794,0.000000,0.100000
0.005003,0.205003,-0.203752,-0.003752,0.000000,0.100000
0.004947,0.204947,-0.203710,-0.003710,0.000000,0.100000
0.004892,0.204892,-0.203669,-0.003669,0.000000,0.100000
0.004837,0.204837,-0.203628,-0.003628,0.000000,0.100000
0.004782,0.204782,-0.203587,-0.003587,0.000000,0.100000
0.004728,0.204728,-0.203546,-0.003546,0.000000,0.100000
0.004673,0.204673,-0.203505,-0.003505,0.000000,0.100000
0.004620,0.204620,-0.203465,-0.003465,0.000000,0.100000
0.004566,0.204566,-0.203424,-0.003424,0.000000,0.100000
0.004513,0.204513,-0.203385,-0.003385,0.000000,0.100000
0.004460,0.204460,-0.203345,-0.003345,0.000000,0.100000
0.004407,0.204407,-0.203305,-0.003305,0.000000,0.100000
0.004355,0.204355,-0.203266,-0.003266,0.000000,0.100000
0.004303,0.204303,-0.203227,-0.003227,0.000000,0.100000
0.004251,0.204251,-0.203188,-0.003188,0.000000,0.100000
0.004200,0.204200,-0.203150,-0.003150,0.000000,0.100000
0.004149,0.204149,-0.203111,-0.003111,0.000000,0.100000
0.004098,0.204098,-0.203073,-0.003073,0.000000,0.100000
0.004047,0.204047,-0.203036,-0.003036,0.000000,0.100000
0.003997,0.203997,-0.202998,-0.002998,0.000000,0.100000
0.003947,0.203947,-0.202961,-0.002961,0.000000,0.100000
0.003898,0.203898,-0.202923,-0.002923,0.000000,0.100000
0.003849,0.203849,-0.202886,-0.002886,0.000000,0.100000
0.003800,0.203800,-0.202850,-0.002850,0.000000,0.100000
0.003751,0.203751,-0.202813,-0.002813,0.000000,0.100000
0.003703,0.203703,-0.202777,-0.002777,0.000000,0.100000
0.003655,0.203655,-0.202741,-0.002741,0.000000,0.100000
0.003607,0.203607,-0.202705,-0.002705,0.000000,0.100000
0.003560,0.203560,-0.202670,-0.002670,0.000000,0.100000
0.003513,0.203513,-0.202635,-0.002635,0.000000,0.100000
0.003466,0.203466,-0.202599,-0.002599,0.000000,0.100000
0.003420,0.203420,-0.202565,-0.002565,0.000000,0.100000
0.003373,0.203373,-0.202530,-0.002530,0.000000,0.100000
0.003328,0.203328,-0.202496,-0.002496,0.000000,0.100000
0.003282,0.203282,-0.202462,-0.002462,0.000000,0.100000
0.003237,0.203237,-0.202428,-0.002428,0.000000,0.100000
0.003192,0.203192,-0.202394,-0.002394,0.000000,0.100000
0.003147,0.203147,-0.202361,-0.002361,0.000000,0.100000
0.003103,0.203103,-0.202327,-0.002327,0.000000,0.100000
0.003059,0.203059,-0.202294,-0.002294,0.000000,0.100000
0.003016,0.203016,-0.202262,-0.002262,0.000000,0.100000
0.002972,0.202972,-0.202229,-0.002229,0.000000,0.100000
0.002929,0.202929,-0.202197,-0.002197,0.000000,0.100000
0.002887,0.202887,-0.202165,-0.002165,0.000000,0.100000
0.002844,0.202844,-0.202133,-0.002133,0.000000,0.100000
0.002802,0.202802,-0.202102,-0.002102,0.000000,0.100000
0.002760,0.202760,-0.202070,-0.002070,0.000000,0.100000
0.002719,0.202719,-0.202039,-0.002039,0.000000,0.100000
0.002678,0.202678,-0.202008,-0.002008,0.000000,0.100000
0.002637,0.202637,-0.201978,-0.001978,0.000000,0.100000
0.002596,0.202596,-0.201947,-0.001947,0.000000,0.100000
0.002556,0.202556,-0.201917,-0.001917,0.000000,0.100000
0.002516,0.202516,-0.201887,-0.001887,0.000000,0.100000
0.002477,0.202477,-0.201857,-0.001857,0.000000,0.100000
0.002437,0.202437,-0.201828,-0.001828,0.000000,0.100000
0.002398,0.202398,-0.201799,-0.001799,0.000000,0.100000
0.002360,0.202360,-0.201770,-0.001770,0.000000,0.100000
0.002321,0.202321,-0.201741,-0.001741,0.000000,0.100000
0.002283,0.202283,-0.201713,-0.001713,0.000000,0.100000
0.002246,0.202246,-0.201684,-0.001684,0.000000,0.100000
0.002208,0.202208,-0.201656,-0.001656,0.000000,0.100000
0.002171,0.202171,-0.201628,-0.001628,0.000000,0.100000
0.002134,0.202134,-0.201601,-0.001601,0.000000,0.100000
0.002098,0.202098,-0.201573,-0.001573,0.000000,0.100000
0.002062,0.202062,-0.201546,-0.001546,0.000000,0.100000
0.002026,0.202026,-0.201519,-0.001519,0.000000,0.100000
0.001990,0.201990,-0.201493,-0.001493,0.000000,0.100000
0.001955,0.201955,-0.201466,-0.001466,0.000000,0.100000
0.001920,0.201920,-0.201440,-0.001440,0.000000,0.100000
0.001886,0.201886,-0.201414,-0.001414,0.000000,0.100000
0.001851,0.201851,-0.201389,-0.001389,0.000000,0.100000
0.001817,0.201817,-0.201363,-0.001363,0.000000,0.100000
0.001784,0.201784,-0.201338,-0.001338,0.000000,0.100000
0.001750,0.201750,-0.201313,-0.001313,0.000000,0.100000
0.001717,0.201717,-0.201288,-0.001288,0.000000,0.100000
0.001685,0.201685,-0.201264,-0.001264,0.000000,0.100000
0.001652,0.201652,-0.201239,-0.001239,0.000000,0.100000
0.001620,0.201620,-0.201215,-0.001215,0.000000,0.100000
0.001588,0.201588,-0.201191,-0.001191,0.000000,0.100000
0.001557,0.201557,-0.201168,-0.001168,0.000000,0.100000
0.001526,0.201526,-0.201144,-0.001144,0.000000,0.100000
0.001495,0.201495,-0.201121,-0.001121,0.000000,0.100000
0.001464,0.201464,-0.201098,-0.001098,0.000000,0.100000
0.001434,0.201434,-0.201076,-0.001076,0.000000,0.100000
0.001404,0.201404,-0.201053,-0.001053,0.000000,0.100000
0.001375,0.201375,-0.201031,-0.001031,0.000000,0.100000
0.001346,0.201346,-0.201009,-0.001009,0.000000,0.100000
0.001317,0.201317,-0.200987,-0.000987,0.000000,0.100000
0.001288,0.201288,-0.200966,-0.000966,0.000000,0.100000
0.001260,0.201260,-0.200945,-0.000945,0.000000,0.100000
0.001232,0.201232,-0.200924,-0.000924,0.000000,0.100000
0.001204,0.201204,-0.200903,-0.000903,0.000000,0.100000
0.001177,0.201177,-0.200882,-0.000882,0.000000,0.100000
0.001149,0.201149,-0.200862,-0.000862,0.000000,0.100000
0.001123,0.201123,-0.200842,-0.000842,0.000000,0.100000
0.001096,0.201096,-0.200822,-0.000822,0.000000,0.100000
0.001070,0.201070,-0.200803,-0.000803,0.000000,0.100000
0.001044,0.201044,-0.200783,-0.000783,0.000000,0.100000
0.001019,0.201019,-0.200764,-0.000764,0.000000,0.100000
0.000994,0.200994,-0.200745,-0.000745,0.000000,0.100000
0.000969,0.200969,-0.200727,-0.000727,0.000000,0.100000
0.000944,0.200944,-0.200708,-0.000708,0.000000,0.100000
0.000920,0.200920,-0.200690,-0.000690,0.000000,0.100000
0.000896,0.200896,-0.200672,-0.000672,0.000000,0.100000
0.000872,0.200872,-0.200654,-0.000654,0.000000,0.100000
0.000849,0.200849,-0.200637,-0.000637,0.000000,0.100000
0.000826,0.200826,-0.200620,-0.000620,0.000000,0.100000
0.000804,0.200804,-0.200603,-0.000603,0.000000,0.100000
0.000781,0.200781,-0.200586,-0.000586,0.000000,0.100000
0.000759,0.200759,-0.200569,-0.000569,0.000000,0.100000
0.000737,0.200737,-0.200553,-0.000553,0.000000,0.100000
0.000716,0.200716,-0.200537,-0.000537,0.000000,0.100000
0.000695,0.200695,-0.200521,-0.000521,0.000000,0.100000
0.000674,0.200674,-0.200506,-0.000506,0.000000,0.100000
0.000654,0.200654,-0.200490,-0.000490,0.000000,0.100000
0.000634,0.200634,-0.200475,-0.000475,0.000000,0.100000
0.000614,0.200614,-0.200460,-0.000460,0.000000,0.100000
0.000594,0.200594,-0.200446,-0.000446,0.000000,0.100000
0.000575,0.200575,-0.200431,-0.000431,0.000000,0.100000
0.000556,0.200556,-0.200417,-0.000417,0.000000,0.100000
0.000538,0.200538,-0.200403,-0.000403,0.000000,0.100000
0.000519,0.200519,-0.200389,-0.000389,0.000000,0.100000
0.000501,0.200501,-0.200376,-0.000376,0.000000,0.100000
0.000484,0.200484,-0.200363,-0.000363,0.000000,0.100000
0.000466,0.200466,-0.200350,-0.000350,0.000000,0.100000
0.000449,0.200449,-0.200337,-0.000337,0.000000,0.100000
0.000433,0.200433,-0.200325,-0.000325,0.000000,0.100000
0.000416,0.200416,-0.200312,-0.000312,0.000000,0.100000
0.000400,0.200400,-0.200300,-0.000300,0.000000,0.100000
0.000385,0.200385,-0.200288,-0.000288,0.000000,0.100000
0.000369,0.200369,-0.200277,-0.000277,0.000000,0.100000
0.000354,0.200354,-0.200266,-0.000266,0.000000,0.100000
0.000339,0.200339,-0.200254,-0.000254,0.000000,0.100000
0.000325,0.200325,-0.200244,-0.000244,0.000000,0.100000
0.000311,0.200311,-0.200233,-0.000233,0.000000,0.100000
0.000297,0.200297,-0.200223,-0.000223,0.000000,0.100000
0.000283,0.200283,-0.200212,-0.000212,0.000000,0.100000
0.000270,0.200270,-0.200202,-0.000202,0.000000,0.100000
0.000257,0.200257,-0.200193,-0.000193,0.000000,0.100000
0.000245,0.200245,-0.200183,-0.000183,0.000000,0.100000
0.000232,0.200232,-0.200174,-0.000174,0.000000,0.100000
0.000220,0.200220,-0.200165,-0.000165,0.000000,0.100000
0.000209,0.200209,-0.200156,-0.000156,0.000000,0.100000
0.000197,0.200197,-0.200148,-0.000148,0.000000,0.100000
0.000186,0.200186,-0.200140,-0.000140,0.000000,0.100000
0.000176,0.200176,-0.200132,-0.000132,0.000000,0.100000
0.000165,0.200165,-0.200124,-0.000124,0.000000,0.100000
0.000155,0.200155,-0.200116,-0.000116,0.000000,0.100000
0.000145,0.200145,-0.200109,-0.000109,0.000000,0.100000
0.000136,0.200136,-0.200102,-0.000102,0.000000,0.100000
0.000127,0.200127,-0.200095,-0.000095,0.000000,0.100000
0.000118,0.200118,-0.200089,-0.000089,0.000000,0.100000
0.000110,0.200110,-0.200082,-0.000082,0.000000,0.100000
0.000101,0.200101,-0.200076,-0.000076,0.000000,0.100000
0.000094,0.200094,-0.200070,-0.000070,0.000000,0.100000
0.000086,0.200086,-0.200065,-0.000065,0.000000,0.100000
0.000079,0.200079,-0.200059,-0.000059,0.000000,0.100000
0.000072,0.200072,-0.200054,-0.000054,0.000000,0.100000
0.000065,0.200065,-0.200049,-0.000049,0.000000,0.100000
0.000059,0.200059,-0.200044,-0.000044,0.000000,0.100000
0.000053,0.200053,-0.200040,-0.000040,0.000000,0.100000
0.000048,0.200048,-0.200036,-0.000036,0.000000,0.100000
0.000042,0.200042,-0.200032,-0.000032,0.000000,0.100000
0.000037,0.200037,-0.200028,-0.000028,0.000000,0.100000
0.000033,0.200033,-0.200024,-0.000024,0.000000,0.100000
0.000028,0.200028,-0.200021,-0.000021,0.000000,0.100000
0.000024,0.200024,-0.200018,-0.000018,0.000000,0.100000
0.000020,0.200020,-0.200015,-0.000015,0.000000,0.100000
0.000017,0.200017,-0.200013,-0.000013,0.000000,0.100000
0.000014,0.200014,-0.200010,-0.000010,0.000000,0.100000
0.000011,0.200011,-0.200008,-0.000008,0.000000,0.100000
0.000009,0.200009,-0.200006,-0.000006,0.000000,0.100000
0.000006,0.200006,-0.200005,-0.000005,0.000000,0.100000
0.000005,0.200005,-0.200003,-0.000003,0.000000,0.100000
0.000003,0.200003,-0.200002,-0.000002,0.000000,0.100000
0.000002,0.200002,-0.200001,-0.000001,0.000000,0.100000
0.000001,0.200001,-0.200001,-0.000001,0.000000,0.100000
0.000000,0.200000,-0.200000,-0.000000,0.000000,0.100000
0.000000,0.200000,-0.200000,-0.000000,0.000000,0.100000
0.000000,0.200000,-0.200000,0.000000,0.000000,0.100000
0.000000,0.200000,-0.200000,0.000000,0.000000,0.100000
0.000000,0.200000,-0.200000,0.000000,0.000000,0.100000
0.000000,0.199999,-0.199999,0.000000,0.000000,0.100000
0.000000,0.199999,-0.199999,0.000000,0.000000,0.100000
0.000000,0.199999,-0.199999,0.000000,0.000000,0.099999
0.000000,0.199998,-0.199998,0.000000,0.000000,0.099999
0.000000,0.199998,-0.199998,0.000000,0.000000,0.099999
0.000000,0.199997,-0.199997,0.000000,0.000000,0.099998
0.000000,0.199996,-0.199996,0.000000,0.000000,0.099998
0.000000,0.199995,-0.199995,0.000000,0.000000,0.099998
0.000000,0.199995,-0.199995,0.000000,0.000000,0.099997
0.000000,0.199994,-0.199994,0.000000,0.000000,0.099997
0.000000,0.199992,-0.199992,0.000000,0.000000,0.099996
0.000000,0.199991,-0.199991,0.000000,0.000000,0.099996
0.000000,0.199990,-0.199990,0.000000,0.000000,0.099995
0.000000,0.199989,-0.199989,0.000000,0.000000,0.099994
0.000000,0.199987,-0.199987,0.000000,0.000000,0.099994
0.000000,0.199986,-0.199986,0.000000,0.000000,0.099993
0.000000,0.199984,-0.199984,0.000000,0.000000,0.099992
0.000000,0.199983,-0.199983,0.000000,0.000000,0.099991
0.000000,0.199981,-0.199981,0.000000,0.000000,0.099991
0.000000,0.199979,-0.199979,0.000000,0.000000,0.099990
0.000000,0.199977,-0.199977,0.000000,0.000000,0.099989
0.000000,0.199976,-0.199976,0.000000,0.000000,0.099988
0.000000,0.199973,-0.199973,0.000000,0.000000,0.099987
0.000000,0.199971,-0.199971,0.000000,0.000000,0.099986
0.000000,0.199969,-0.199969,0.000000,0.000000,0.099985
0.000000,0.199967,-0.199967,0.000000,0.000000,0.099983
0.000000,0.199965,-0.199965,0.000000,0.000000,0.099982
0.000000,0.199962,-0.199962,0.000000,0.000000,0.099981
0.000000,0.199960,-0.199960,0.000000,0.000000,0.099980
0.000000,0.199957,-0.199957,0.000000,0.000000,0.099979
0.000000,0.199954,-0.199954,0.000000,0.000000,0.099977
0.000000,0.199952,-0.199952,0.000000,0.000000,0.099976
0.000000,0.199949,-0.199949,0.000000,0.000000,0.099974
0.000000,0.199946,-0.199946,0.000000,0.000000,0.099973
0.000000,0.199943,-0.199943,0.000000,0.000000,0.099971
0.000000,0.199940,-0.199940,0.000000,0.000000,0.099970
0.000000,0.199937,-0.199937,0.000000,0.000000,0.099968
0.000000,0.199933,-0.199933,0.000000,0.000000,0.099967
0.000000,0.199930,-0.199930,0.000000,0.000000,0.099965
0.000000,0.199927,-0.199927,0.000000,0.000000,0.099963
0.000000,0.199923,-0.199923,0.000000,0.000000,0.099962
0.000000,0.199920,-0.199920,0.000000,0.000000,0.099960
0.000000,0.199916,-0.199916,0.000000,0.000000,0.099958
0.000000,0.199912,-0.199912,0.000000,0.000000,0.099956
0.000000,0.199909,-0.199909,0.000000,0.000000,0.099954
0.000000,0.199905,-0.199905,0.000000,0.000000,0.099952
0.000000,0.199901,-0.199901,0.000000,0.000000,0.099950
0.000000,0.199897,-0.199897,0.000000,0.000000,0.099948
0.000000,0.199893,-0.199893,0.000000,0.000000,0.099946
0.000000,0.199888,-0.199888,0.000000,0.000000,0.099944
0.000000,0.199884,-0.199884,0.000000,0.000000,0.099942
0.000000,0.199880,-0.199880,0.000000,0.000000,0.099940
0.000000,0.199875,-0.199875,0.000000,0.000000,0.099938
0.000000,0.199871,-0.199871,0.000000,0.000000,0.099935
0.000000,0.199866,-0.199866,0.000000,0.000000,0.099933
0.000000,0.199861,-0.199861,0.000000,0.000000,0.099931
0.000000,0.199857,-0.199857,0.000000,0.000000,0.099928
0.000000,0.199852,-0.199852,0.000000,0.000000,0.099926
0.000000,0.199847,-0.199847,0.000000,0.000000,0.099923
0.000000,0.199842,-0.199842,0.000000,0.000000,0.099921
0.000000,0.199837,-0.199837,0.000000,0.000000,0.099918
0.000000,0.199832,-0.199832,0.000000,0.000000,0.099916
0.000000,0.199826,-0.199826,0.000000,0.000000,0.099913
0.000000,0.199821,-0.199821,0.000000,0.000000,0.099911
0.000000,0.199816,-0.199816,0.000000,0.000000,0.099908
0.000000,0.199810,-0.199810,0.000000,0.000000,0.099905
0.000000,0.199805,-0.199805,0.000000,0.000000,0.099902
0.000000,0.199799,-0.199799,0.000000,0.000000,0.099899
0.000000,0.199793,-0.199793,0.000000,0.000000,0.099897
0.000000,0.199787,-0.199787,0.000000,0.000000,0.099894
0.000000,0.199782,-0.199782,0.000000,0.000000,0.099891
0.000000,0.199776,-0.199776,0.000000,0.000000,0.099888
0.000000,0.199769,-0.199769,0.000000,0.000000,0.099885
0.000000,0.199763,-0.199763,0.000000,0.000000,0.099882
0.000000,0.199757,-0.199757,0.000000,0.000000,0.099879
0.000000,0.199751,-0.199751,0.000000,0.000000,0.099875
0.000000,0.199744,-0.199744,0.000000,0.000000,0.099872
0.000000,0.199738,-0.199738,0.000000,0.000000,0.099869
0.000000,0.199732,-0.199732,0.000000,0.000000,0.099866
0.000000,0.199725,-0.199725,0.000000,0.000000,0.099862
0.000000,0.199718,-0.199718,0.000000,0.000000,0.099859
0.000000,0.199711,-0.199711,0.000000,0.000000,0.099856
0.000000,0.199705,-0.199705,0.000000,0.000000,0.099852
0.000000,0.199698,-0.199698,0.000000,0.000000,0.099849
0.000000,0.199691,-0.199691,0.000000,0.000000,0.099845
0.000000,0.199684,-0.199684,0.000000,0.000000,0.099842
0.000000,0.199676,-0.199676,0.000000,0.000000,0.099838
0.000000,0.199669,-0.199669,0.000000,0.000000,0.099835
0.000000,0.199662,-0.199662,0.000000,0.000000,0.099831
0.000000,0.199654,-0.199654,0.000000,0.000000,0.099827
0.000000,0.199647,-0.199647,0.000000,0.000000,0.099823
0.000000,0.199639,-0.199639,0.000000,0.000000,0.099820
0.000000,0.199632,-0.199632,0.000000,0.000000,0.099816
0.000000,0.199624,-0.199624,0.000000,0.000000,0.099812
0.000000,0.199616,-0.199616,0.000000,0.000000,0.099808
0.000000,0.199608,-0.199608,0.000000,0.000000,0.099804
0.000000,0.199600,-0.199600,0.000000,0.000000,0.099800
0.000000,0.199592,-0.199592,0.000000,0.000000,0.099796
0.000000,0.199584,-0.199584,0.000000,0.000000,0.099792
0.000000,0.199576,-0.199576,0.000000,0.000000,0.099788
0.000000,0.199567,-0.199567,0.000000,0.000000,0.099784
0.000000,0.199559,-0.199559,0.000000,0.000000,0.099780
0.000000,0.199551,-0.199551,0.000000,0.000000,0.099775
0.000000,0.199542,-0.199542,0.000000,0.000000,0.099771
0.000000,0.199533,-0.199533,0.000000,0.000000,0.099767
0.000000,0.199525,-0.199525,0.000000,0.000000,0.099762
0.000000,0.199516,-0.199516,0.000000,0.000000,0.099758
0.000000,0.199507,-0.199507,0.000000,0.000000,0.099754
0.000000,0.199498,-0.199498,0.000000,0.000000,0.099749
0.000000,0.199489,-0.199489,0.000000,0.000000,0.099745
0.000000,0.199480,-0.199480,0.000000,0.000000,0.099740
0.000000,0.199471,-0.199471,0.000000,0.000000,0.099735
0.000000,0.199462,-0.199462,0.000000,0.000000,0.099731
0.000000,0.199452,-0.199452,0.000000,0.000000,0.099726
0.000000,0.199443,-0.199443,0.000000,0.000000,0.099721
0.000000,0.199433,-0.199433,0.000000,0.000000,0.099717
0.000000,0.199424,-0.199424,0.000000,0.000000,0.099712
0.000000,0.199414,-0.199414,0.000000,0.000000,0.099707
0.000000,0.199404,-0.199404,0.000000,0.000000,0.099702
0.000000,0.199394,-0.199394,0.000000,0.000000,0.099697
0.000000,0.199385,-0.199385,0.000000,0.000000,0.099692
0.000000,0.199375,-0.199375,0.000000,0.000000,0.099687
0.000000,0.199365,-0.199365,0.000000,0.000000,0.099682
0.000000,0.199354,-0.199354,0.000000,0.000000,0.099677
0.000000,0.199344,-0.199344,0.000000,0.000000,0.099672
0.000000,0.199334,-0.199334,0.000000,0.000000,0.099667
0.000000,0.199323,-0.199323,0.000000,0.000000,0.099662
0.000000,0.199313,-0.199313,0.000000,0.000000,0.099657
0.000000,0.199302,-0.199302,0.000000,0.000000,0.099651
0.000000,0.199292,-0.199292,0.000000,0.000000,0.099646
0.000000,0.199281,-0.199281,0.000000,0.000000,0.099641
0.000000,0.199270,-0.199270,0.000000,0.000000,0.099635
0.000000,0.199260,-0.199260,0.000000,0.000000,0.099630
0.000000,0.199249,-0.199249,0.000000,0.000000,0.099624
0.000000,0.199238,-0.199238,0.000000,0.000000,0.099619
0.000000,0.199226,-0.199226,0.000000,0.000000,0.099613
0.000000,0.199215,-0.199215,0.000000,0.000000,0.099608
0.000000,0.199204,-0.199204,0.000000,0.000000,0.099602
0.000000,0.199193,-0.199193,0.000000,0.000000,0.099596
0.000000,0.199181,-0.199181,0.000000,0.000000,0.099591
0.000000,0.199170,-0.199170,0.000000,0.000000,0.099585
0.000000,0.199158,-0.199158,0.000000,0.000000,0.099579
0.000000,0.199146,-0.199146,0.000000,0.000000,0.099573
0.000000,0.199135,-0.199135,0.000000,0.000000,0.099567
0.000000,0.199123,-0.199123,0.000000,0.000000,0.099561
0.000000,0.199111,-0.199111,0.000000,0.000000,0.099555
0.000000,0.199099,-0.199099,0.000000,0.000000,0.099550
0.000000,0.199087,-0.199087,0.000000,0.000000,0.099543
0.000000,0.199075,-0.199075,0.000000,0.000000,0.099537
0.000000,0.199063,-0.199063,0.000000,0.000000,0.099531
0.000000,0.199050,-0.199050,0.000000,0.000000,0.099525
0.000000,0.199038,-0.199038,0.000000,0.000000,0.099519
0.000000,0.199025,-0.199025,0.000000,0.000000,0.099513
0.000000,0.199013,-0.199013,0.000000,0.000000,0.099506
0.000000,0.199000,-0.199000,0.000000,0.000000,0.099500
0.000000,0.198988,-0.198988,0.000000,0.000000,0.099494
0.000000,0.198975,-0.198975,0.000000,0.000000,0.099487
0.000000,0.198962,-0.198962,0.000000,0.000000,0.099481
0.000000,0.198949,-0.198949,0.000000,0.000000,0.099474
0.000000,0.198936,-0.198936,0.000000,0.000000,0.099468
0.000000,0.198923,-0.198923,0.000000,0.000000,0.099461
0.000000,0.198910,-0.198910,0.000000,0.000000,0.099455
0.000000,0.198896,-0.198896,0.000000,0.000000,0.099448
0.000000,0.198883,-0.198883,0.000000,0.000000,0.099442
0.000000,0.198870,-0.198870,0.000000,0.000000,0.099435
0.000000,0.198856,-0.198856,0.000000,0.000000,0.099428
0.000000,0.198843,-0.198843,0.000000,0.000000,0.099421
0.000000,0.198829,-0.198829,0.000000,0.000000,0.099414
0.000000,0.198815,-0.198815,0.000000,0.000000,0.099408
0.000000,0.198801,-0.198801,0.000000,0.000000,0.099401
0.000000,0.198787,-0.198787,0.000000,0.000000,0.099394
0.000000,0.198773,-0.198773,0.000000,0.000000,0.099387
0.000000,0.198759,-0.198759,0.000000,0.000000,0.099380
0.000000,0.198745,-0.198745,0.000000,0.000000,0.099373
0.000000,0.198731,-0.198731,0.000000,0.000000,0.099366
0.000000,0.198717,-0.198717,0.000000,0.000000,0.099358
0.000000,0.198702,-0.198702,0.000000,0.000000,0.099351
0.000000,0.198688,-0.198688,0.000000,0.000000,0.099344
0.000000,0.198673,-0.198673,0.000000,0.000000,0.099337
0.000000,0.198659,-0.198659,0.000000,0.000000,0.099329
0.000000,0.198644,-0.198644,0.000000,0.000000,0.099322
0.000000,0.198629,-0.198629,0.000000,0.000000,0.099315
0.000000,0.198615,-0.198615,0.000000,0.000000,0.099307
0.000000,0.198600,-0.198600,0.000000,0.000000,0.099300
0.000000,0.198585,-0.198585,0.000000,0.000000,0.099292
0.000000,0.198569,-0.198569,0.000000,0.000000,0.099285
0.000000,0.198554,-0.198554,0.000000,0.000000,0.099277
0.000000,0.198539,-0.198539,0.000000,0.000000,0.099270
0.000000,0.198524,-0.198524,0.000000,0.000000,0.099262
0.000000,0.198508,-0.198508,0.000000,0.000000,0.099254
0.000000,0.198493,-0.198493,0.000000,0.000000,0.099246
0.000000,0.198477,-0.198477,0.000000,0.000000,0.099239
0.000000,0.198462,-0.198462,0.000000,0.000000,0.099231
0.000000,0.198446,-0.198446,0.000000,0.000000,0.099223
0.000000,0.198430,-0.198430,0.000000,0.000000,0.099215
0.000000,0.198414,-0.198414,0.000000,0.000000,0.099207
0.000000,0.198398,-0.198398,0.000000,0.000000,0.099199
0.000000,0.198382,-0.198382,0.000000,0.000000,0.099191
0.000000,0.198366,-0.198366,0.000000,0.000000,0.099183
0.000000,0.198350,-0.198350,0.000000,0.000000,0.099175
0.000000,0.198334,-0.198334,0.000000,0.000000,0.099167
0.000000,0.198317,-0.198317,0.000000,0.000000,0.099159
0.000000,0.198301,-0.198301,0.000000,0.000000,0.099150
0.000000,0.198284,-0.198284,0.000000,0.000000,0.099142
0.000000,0.198268,-0.198268,0.000000,0.000000,0.099134
0.000000,0.198251,-0.198251,0.000000,0.000000,0.099126
0.000000,0.198234,-0.198234,0.000000,0.000000,0.099117
0.000000,0.198217,-0.198217,0.000000,0.000000,0.099109
0.000000,0.198201,-0.198201,0.000000,0.000000,0.099100
0.000000,0.198184,-0.198184,0.000000,0.000000,0.099092
0.000000,0.198166,-0.198166,0.000000,0.000000,0.099083
0.000000,0.198149,-0.198149,0.000000,0.000000,0.099075
0.000000,0.198132,-0.198132,0.000000,0.000000,0.099066
0.000000,0.198115,-0.198115,0.000000,0.000000,0.099057
0.000000,0.198097,-0.198097,0.000000,0.000000,0.099049
0.000000,0.198080,-0.198080,0.000000,0.000000,0.099040
0.000000,0.198062,-0.198062,0.000000,0.000000,0.099031
0.000000,0.198045,-0.198045,0.000000,0.000000,0.099022
0.000000,0.198027,-0.198027,0.000000,0.000000,0.099014
0.000000,0.198009,-0.198009,0.000000,0.000000,0.099005
0.000000,0.197991,-0.197991,0.000000,0.000000,0.098996
0.000000,0.197973,-0.197973,0.000000,0.000000,0.098987
0.000000,0.197955,-0.197955,0.000000,0.000000,0.098978
0.000000,0.197937,-0.197937,0.000000,0.000000,0.098969
0.000000,0.197919,-0.197919,0.000000,0.000000,0.098960
0.000000,0.197901,-0.197901,0.000000,0.000000,0.098950
0.000000,0.197883,-0.197883,0.000000,0.000000,0.098941
0.000000,0.197864,-0.197864,0.000000,0.000000,0.098932
0.000000,0.197846,-0.197846,0.000000,0.000000,0.098923
0.000000,0.197827,-0.197827,0.000000,0.000000,0.098914
0.000000,0.197808,-0.197808,0.000000,0.000000,0.098904
0.000000,0.197790,-0.197790,0.000000,0.000000,0.098895
0.000000,0.197771,-0.197771,0.000000,0.000000,0.098885
0.000000,0.197752,-0.197752,0.000000,0.000000,0.098876
0.000000,0.197733,-0.197733,0.000000,0.000000,0.098867
0.000000,0.197714,-0.197714,0.000000,0.000000,0.098857
0.000000,0.197695,-0.197695,0.000000,0.000000,0.098847
0.000000,0.197676,-0.197676,0.000000,0.000000,0.098838
0.000000,0.197656,-0.197656,0.000000,0.000000,0.098828
0.000000,0.197637,-0.197637,0.000000,0.000000,0.098819
0.000000,0.197618,-0.197618,0.000000,0.000000,0.098809
0.000000,0.197598,-0.197598,0.000000,0.000000,0.098799
0.000000,0.197578,-0.197578,0.000000,0.000000,0.098789
0.000000,0.197559,-0.197559,0.000000,0.000000,0.098779
0.000000,0.197539,-0.197539,0.000000,0.000000,0.098770
0.000000,0.197519,-0.197519,0.000000,0.000000,0.098760
0.000000,0.197499,-0.197499,0.000000,0.000000,0.098750
0.000000,0.197479,-0.197479,0.000000,0.000000,0.098740
0.000000,0.197459,-0.197459,0.000000,0.000000,0.098730
0.000000,0.197439,-0.197439,0.000000,0.000000,0.098720
0.000000,0.197419,-0.197419,0.000000,0.000000,0.098709
0.000000,0.197399,-0.197399,0.000000,0.000000,0.098699
0.000000,0.197378,-0.197378,0.000000,0.000000,0.098689
0.000000,0.197358,-0.197358,0.000000,0.000000,0.098679
0.000000,0.197337,-0.197337,0.000000,0.000000,0.098669
0.000000,0.197317,-0.197317,0.000000,0.000000,0.098658
0.000000,0.197296,-0.197296,0.000000,0.000000,0.098648
0.000000,0.197275,-0.197275,0.000000,0.000000,0.098638
0.000000,0.197254,-0.197254,0.000000,0.000000,0.098627
0.000000,0.197233,-0.197233,0.000000,0.000000,0.098617
0.000000,0.197212,-0.197212,0.000000,0.000000,0.098606
0.000000,0.197191,-0.197191,0.000000,0.000000,0.098596
0.000000,0.197170,-0.197170,0.000000,0.000000,0.098585
0.000000,0.197149,-0.197149,0.000000,0.000000,0.098574
0.000000,0.197127,-0.197127,0.000000,0.000000,0.098564
0.000000,0.197106,-0.197106,0.000000,0.000000,0.098553
0.000000,0.197085,-0.197085,0.000000,0.000000,0.098542
0.000000,0.197063,-0.197063,0.000000,0.000000,0.098532
0.000000,0.197041,-0.197041,0.000000,0.000000,0.098521
0.000000,0.197020,-0.197020,0.000000,0.000000,0.098510
0.000000,0.196998,-0.196998,0.000000,0.000000,0.098499
0.000000,0.196976,-0.196976,0.000000,0.000000,0.098488
0.000000,0.196954,-0.196954,0.000000,0.000000,0.098477
0.000000,0.196932,-0.196932,0.000000,0.000000,0.098466
0.000000,0.196910,-0.196910,0.000000,0.000000,0.098455
0.000000,0.196888,-0.196888,0.000000,0.000000,0.098444
0.000000,0.196866,-0.196866,0.000000,0.000000,0.098433
0.000000,0.196843,-0.196843,0.000000,0.000000,0.098422
0.000000,0.196821,-0.196821,0.000000,0.000000,0.098410
0.000000,0.196798,-0.196798,0.000000,0.000000,0.098399
0.000000,0.196776,-0.196776,0.000000,0.000000,0.098388
0.000000,0.196753,-0.196753,0.000000,0.000000,0.098377
0.000000,0.196730,-0.196730,0.000000,0.000000,0.098365
0.000000,0.196707,-0.196707,0.000000,0.000000,0.098354
0.000000,0.196685,-0.196685,0.000000,0.000000,0.098342
0.000000,0.196662,-0.196662,0.000000,0.000000,0.098331
0.000000,0.196639,-0.196639,0.000000,0.000000,0.098319
0.000000,0.196615,-0.196615,0.000000,0.000000,0.098308
0.000000,0.196592,-0.196592,0.000000,0.000000,0.098296
0.000000,0.196569,-0.196569,0.000000,0.000000,0.098285
0.000000,0.196546,-0.196546,0.000000,0.000000,0.098273
0.000000,0.196522,-0.196522,0.000000,0.000000,0.098261
0.000000,0.196499,-0.196499,0.000000,0.000000,0.098249
0.000000,0.196475,-0.196475,0.000000,0.000000,0.098238
0.000000,0.196451,-0.196451,0.000000,0.000000,0.098226
0.000000,0.196428,-0.196428,0.000000,0.000000,0.098214
0.000000,0.196404,-0.196404,0.000000,0.000000,0.098202
0.000000,0.196380,-0.196380,0.000000,0.000000,0.098190
0.000000,0.196356,-0.196356,0.000000,0.000000,0.098178
0.000000,0.196332,-0.196332,0.000000,0.000000,0.098166
0.000000,0.196308,-0.196308,0.000000,0.000000,0.098154
0.000000,0.196284,-0.196284,0.000000,0.000000,0.098142
0.000000,0.196259,-0.196259,0.000000,0.000000,0.098130
0.000000,0.196235,-0.196235,0.000000,0.000000,0.098118
0.000000,0.196211,-0.196211,0.000000,0.000000,0.098105
0.000000,0.196186,-0.196186,0.000000,0.000000,0.098093
0.000000,0.196161,-0.196161,0.000000,0.000000,0.098081
0.000000,0.196137,-0.196137,0.000000,0.000000,0.098068
0.000000,0.196112,-0.196112,0.000000,0.000000,0.098056
0.000000,0.196087,-0.196087,0.000000,0.000000,0.098044
0.000000,0.196062,-0.196062,0.000000,0.000000,0.098031
0.000000,0.196037,-0.196037,0.000000,0.000000,0.098019
0.000000,0.196012,-0.196012,0.000000,0.000000,0.098006
0.000000,0.195987,-0.195987,0.000000,0.000000,0.097994
0.000000,0.195962,-0.195962,0.000000,0.000000,0.097981
0.000000,0.195937,-0.195937,0.000000,0.000000,0.097968
0.000000,0.195911,-0.195911,0.000000,0.000000,0.097956
0.000000,0.195886,-0.195886,0.000000,0.000000,0.097943
0.000000,0.195860,-0.195860,0.000000,0.000000,0.097930
0.000000,0.195835,-0.195835,0.000000,0.000000,0.097917
0.000000,0.195809,-0.195809,0.000000,0.000000,0.097905
0.000000,0.195783,-0.195783,0.000000,0.000000,0.097892
0.000000,0.195757,-0.195757,0.000000,0.000000,0.097879
0.000000,0.195732,-0.195732,0.000000,0.000000,0.097866
0.000000,0.195706,-0.195706,0.000000,0.000000,0.097853
0.000000,0.195679,-0.195679,0.000000,0.000000,0.097840
0.000000,0.195653,-0.195653,0.000000,0.000000,0.097827
0.000000,0.195627,-0.195627,0.000000,0.000000,0.097814
0.000000,0.195601,-0.195601,0.000000,0.000000,0.097800
0.000000,0.195574,-0.195574,0.000000,0.000000,0.097787
0.000000,0.195548,-0.195548,0.000000,0.000000,0.097774
0.000000,0.195521,-0.195521,0.000000,0.000000,0.097761
0.000000,0.195495,-0.195495,0.000000,0.000000,0.097747
0.000000,0.195468,-0.195468,0.000000,0.000000,0.097734
0.000000,0.195441,-0.195441,0.000000,0.000000,0.097721
0.000000,0.195415,-0.195415,0.000000,0.000000,0.097707
0.000000,0.195388,-0.195388,0.000000,0.000000,0.097694
0.000000,0.195361,-0.195361,0.000000,0.000000,0.097680
0.000000,0.195334,-0.195334,0.000000,0.000000,0.097667
0.000000,0.195307,-0.195307,0.000000,0.000000,0.097653
0.000000,0.195279,-0.195279,0.000000,0.000000,0.097640
0.000000,0.195252,-0.195252,0.000000,0.000000,0.097626
0.000000,0.195225,-0.195225,0.000000,0.000000,0.097612
0.000000,0.195197,-0.195197,0.000000,0.000000,0.097599
0.000000,0.195170,-0.195170,0.000000,0.000000,0.097585
0.000000,0.195142,-0.195142,0.000000,0.000000,0.097571
0.000000,0.195114,-0.195114,0.000000,0.000000,0.097557
0.000000,0.195087,-0.195087,0.000000,0.000000,0.097543
0.000000,0.195059,-0.195059,0.000000,0.000000,0.097529
0.000000,0.195031,-0.195031,0.000000,0.000000,0.097515
0.000000,0.195003,-0.195003,0.000000,0.000000,0.097501
0.000000,0.194975,-0.194975,0.000000,0.000000,0.097487
0.000000,0.194947,-0.194947,0.000000,0.000000,0.097473
0.000000,0.194918,-0.194918,0.000000,0.000000,0.097459
0.000000,0.194890,-0.194890,0.000000,0.000000,0.097445
0.000000,0.194862,-0.194862,0.000000,0.000000,0.097431
0.000000,0.194833,-0.194833,0.000000,0.000000,0.097417
0.000000,0.194805,-0.194805,0.000000,0.000000,0.097402
0.000000,0.194776,-0.194776,0.000000,0.000000,0.097388
0.000000,0.194748,-0.194748,0.000000,0.000000,0.097374
0.000000,0.194719,-0.194719,0.000000,0.000000,0.097359
0.000000,0.194690,-0.194690,0.000000,0.000000,0.097345
0.000000,0.194661,-0.194661,0.000000,0.000000,0.097331
0.000000,0.194632,-0.194632,0.000000,0.000000,0.097316
0.000000,0.194603,-0.194603,0.000000,0.000000,0.097302
0.000000,0.194574,-0.194574,0.000000,0.000000,0.097287
0.000000,0.194545,-0.194545,0.000000,0.000000,0.097272
0.000000,0.194515,-0.194515,0.000000,0.000000,0.097258
0.000000,0.194486,-0.194486,0.000000,0.000000,0.097243
0.000000,0.194457,-0.194457,0.000000,0.000000,0.097228
0.000000,0.194427,-0.194427,0.000000,0.000000,0.097214
0.000000,0.194398,-0.194398,0.000000,0.000000,0.097199
0.000000,0.194368,-0.194368,0.000000,0.000000,0.097184
0.000000,0.194338,-0.194338,0.000000,0.000000,0.097169
0.000000,0.194308,-0.194308,0.000000,0.000000,0.097154
0.000000,0.194278,-0.194278,0.000000,0.000000,0.097139
0.000000,0.194249,-0.194249,0.000000,0.000000,0.097124
0.000000,0.194218,-0.194218,0.000000,0.000000,0.097109
0.000000,0.194188,-0.194188,0.000000,0.000000,0.097094
0.000000,0.194158,-0.194158,0.000000,0.000000,0.097079
0.000000,0.194128,-0.194128,0.000000,0.000000,0.097064
0.000000,0.194098,-0.194098,0.000000,0.000000,0.097049
0.000000,0.194067,-0.194067,0.000000,0.000000,0.097034
0.000000,0.194037,-0.194037,0.000000,0.000000,0.097018
0.000000,0.194006,-0.194006,0.000000,0.000000,0.097003
0.000000,0.193975,-0.193975,0.000000,0.000000,0.096988
0.000000,0.193945,-0.193945,0.000000,0.000000,0.096972
0.000000,0.193914,-0.193914,0.000000,0.000000,0.096957
0.000000,0.193883,-0.193883,0.000000,0.000000,0.096941
0.000000,0.193852,-0.193852,0.000000,0.000000,0.096926
0.000000,0.193821,-0.193821,0.000000,0.000000,0.096911
0.000000,0.193790,-0.193790,0.000000,0.000000,0.096895
0.000000,0.193759,-0.193759,0.000000,0.000000,0.096879
0.000000,0.193727,-0.193727,0.000000,0.000000,0.096864
0.000000,0.193696,-0.193696,0.000000,0.000000,0.096848
0.000000,0.193665,-0.193665,0.000000,0.000000,0.096832
0.000000,0.193633,-0.193633,0.000000,0.000000,0.096817
0.000000,0.193602,-0.193602,0.000000,0.000000,0.096801
0.000000,0.193570,-0.193570,0.000000,0.000000,0.096785
0.000000,0.193538,-0.193538,0.000000,0.000000,0.096769
0.000000,0.193507,-0.193507,0.000000,0.000000,0.096753
0.000000,0.193475,-0.193475,0.000000,0.000000,0.096737
0.000000,0.193443,-0.193443,0.000000,0.000000,0.096721
0.000000,0.193411,-0.193411,0.000000,0.000000,0.096705
0.000000,0.193379,-0.193379,0.000000,0.000000,0.096689
0.000000,0.193347,-0.193347,0.000000,0.000000,0.096673
0.000000,0.193314,-0.193314,0.000000,0.000000,0.096657
0.000000,0.193282,-0.193282,0.000000,0.000000,0.096641
0.000000,0.193250,-0.193250,0.000000,0.000000,0.096625
0.000000,0.193217,-0.193217,0.000000,0.000000,0.096609
0.000000,0.193185,-0.193185,0.000000,0.000000,0.096592
0.000000,0.193152,-0.193152,0.000000,0.000000,0.096576
0.000000,0.193119,-0.193119,0.000000,0.000000,0.096560
0.000000,0.193087,-0.193087,0.000000,0.000000,0.096543
0.000000,0.193054,-0.193054,0.000000,0.000000,0.096527
0.000000,0.193021,-0.193021,0.000000,0.000000,0.096510
0.000000,0.192988,-0.192988,0.000000,0.000000,0.096494
0.000000,0.192955,-0.192955,0.000000,0.000000,0.096477
0.000000,0.192922,-0.192922,0.000000,0.000000,0.096461
0.000000,0.192888,-0.192888,0.000000,0.000000,0.096444
0.000000,0.192855,-0.192855,0.000000,0.000000,0.096428
0.000000,0.192822,-0.192822,0.000000,0.000000,0.096411
0.000000,0.192788,-0.192788,0.000000,0.000000,0.096394
0.000000,0.192755,-0.192755,0.000000,0.000000,0.096377
0.000000,0.192721,-0.192721,0.000000,0.000000,0.096361
0.000000,0.192688,-0.192688,0.000000,0.000000,0.096344
0.000000,0.192654,-0.192654,0.000000,0.000000,0.096327
0.000000,0.192620,-0.192620,0.000000,0.000000,0.096310
0.000000,0.192586,-0.192586,0.000000,0.000000,0.096293
0.000000,0.192552,-0.192552,0.000000,0.000000,0.096276
0.000000,0.192518,-0.192518,0.000000,0.000000,0.096259
0.000000,0.192484,-0.192484,0.000000,0.000000,0.096242
0.000000,0.192450,-0.192450,0.000000,0.000000,0.096225
0.000000,0.192416,-0.192416,0.000000,0.000000,0.096208
0.000000,0.192381,-0.192381,0.000000,0.000000,0.096191
0.000000,0.192347,-0.192347,0.000000,0.000000,0.096173
0.000000,0.192312,-0.192312,0.000000,0.000000,0.096156
0.000000,0.192278,-0.192278,0.000000,0.000000,0.096139
0.000000,0.192243,-0.192243,0.000000,0.000000,0.096122
0.000000,0.192209,-0.192209,0.000000,0.000000,0.096104
0.000000,0.192174,-0.192174,0.000000,0.000000,0.096087
0.000000,0.192139,-0.192139,0.000000,0.000000,0.096069
0.000000,0.192104,-0.192104,0.000000,0.000000,0.096052
0.000000,0.192069,-0.192069,0.000000,0.000000,0.096034
0.000000,0.192034,-0.192034,0.000000,0.000000,0.096017
0.000000,0.191999,-0.191999,0.000000,0.000000,0.095999
0.000000,0.191964,-0.191964,0.000000,0.000000,0.095982
0.000000,0.191928,-0.191928,0.000000,0.000000,0.095964
0.000000,0.191893,-0.191893,0.000000,0.000000,0.095946
0.000000,0.191857,-0.191857,0.000000,0.000000,0.095929
0.000000,0.191822,-0.191822,0.000000,0.000000,0.095911
0.000000,0.191786,-0.191786,0.000000,0.000000,0.095893
0.000000,0.191751,-0.191751,0.000000,0.000000,0.095875
0.000000,0.191715,-0.191715,0.000000,0.000000,0.095857
0.000000,0.191679,-0.191679,0.000000,0.000000,0.095840
0.000000,0.191643,-0.191643,0.000000,0.000000,0.095822
0.000000,0.191607,-0.191607,0.000000,0.000000,0.095804
0.000000,0.191571,-0.191571,0.000000,0.000000,0.095786
0.000000,0.191535,-0.191535,0.000000,0.000000,0.095768
0.000000,0.191499,-0.191499,0.000000,0.000000,0.095749
0.000000,0.191463,-0.191463,0.000000,0.000000,0.095731
0.000000,0.191426,-0.191426,0.000000,0.000000,0.095713
0.000000,0.191390,-0.191390,0.000000,0.000000,0.095695
0.000000,0.191353,-0.191353,0.000000,0.000000,0.095677
0.000000,0.191317,-0.191317,0.000000,0.000000,0.095658
0.000000,0.191280,-0.191280,0.000000,0.000000,0.095640
0.000000,0.191244,-0.191244,0.000000,0.000000,0.095622
0.000000,0.191207,-0.191207,0.000000,0.000000,0.095603
0.000000,0.191170,-0.191170,0.000000,0.000000,0.095585
0.000000,0.191133,-0.191133,0.000000,0.000000,0.095567
0.000000,0.191096,-0.191096,0.000000,0.000000,0.095548
0.000000,0.191059,-0.191059,0.000000,0.000000,0.095529
0.000000,0.191022,-0.191022,0.000000,0.000000,0.095511
0.000000,0.190985,-0.190985,0.000000,0.000000,0.095492
0.000000,0.190947,-0.190947,0.000000,0.000000,0.095474
0.000000,0.190910,-0.190910,0.000000,0.000000,0.095455
0.000000,0.190873,-0.190873,0.000000,0.000000,0.095436
0.000000,0.190835,-0.190835,0.000000,0.000000,0.095418
0.000000,0.190797,-0.190797,0.000000,0.000000,0.095399
0.000000,0.190760,-0.190760,0.000000,0.000000,0.095380
0.000000,0.190722,-0.190722,0.000000,0.000000,0.095361
0.000000,0.190684,-0.190684,0.000000,0.000000,0.095342
0.000000,0.190646,-0.190646,0.000000,0.000000,0.095323
0.000000,0.190608,-0.190608,0.000000,0.000000,0.095304
0.000000,0.190570,-0.190570,0.000000,0.000000,0.095285
0.000000,0.190532,-0.190532,0.000000,0.000000,0.095266
0.000000,0.190494,-0.190494,0.000000,0.000000,0.095247
0.000000,0.190456,-0.190456,0.000000,0.000000,0.095228
0.000000,0.190418,-0.190418,0.000000,0.000000,0.095209
0.000000,0.190379,-0.190379,0.000000,0.000000,0.095190
0.000000,0.190341,-0.190341,0.000000,0.000000,0.095170
0.000000,0.190302,-0.190302,0.000000,0.000000,0.095151
0.000000,0.190264,-0.190264,0.000000,0.000000,0.095132
0.000000,0.190225,-0.190225,0.000000,0.000000,0.095113
0.000000,0.190186,-0.190186,0.000000,0.000000,0.095093
0.000000,0.190147,-0.190147,0.000000,0.000000,0.095074
0.000000,0.190109,-0.190109,0.000000,0.000000,0.095054
0.000000,0.190070,-0.190070,0.000000,0.000000,0.095035
0.000000,0.190031,-0.190031,0.000000,0.000000,0.095015
0.000000,0.189991,-0.189991,0.000000,0.000000,0.094996
0.000000,0.189952,-0.189952,0.000000,0.000000,0.094976
0.000000,0.189913,-0.189913,0.000000,0.000000,0.094957
0.000000,0.189874,-0.189874,0.000000,0.000000,0.094937
0.000000,0.189834,-0.189834,0.000000,0.000000,0.094917
0.000000,0.189795,-0.189795,0.000000,0.000000,0.094897
0.000000,0.189755,-0.189755,0.000000,0.000000,0.094878
0.000000,0.189716,-0.189716,0.000000,0.000000,0.094858
0.000000,0.189676,-0.189676,0.000000,0.000000,0.094838
0.000000,0.189636,-0.189636,0.000000,0.000000,0.094818
0.000000,0.189596,-0.189596,0.000000,0.000000,0.094798
0.000000,0.189556,-0.189556,0.000000,0.000000,0.094778
0.000000,0.189517,-0.189517,0.000000,0.000000,0.094758
0.000000,0.189476,-0.189476,0.000000,0.000000,0.094738
0.000000,0.189436,-0.189436,0.000000,0.000000,0.094718
0.000000,0.189396,-0.189396,0.000000,0.000000,0.094698
0.000000,0.189356,-0.189356,0.000000,0.000000,0.094678
0.000000,0.189316,-0.189316,0.000000,0.000000,0.094658
0.000000,0.189275,-0.189275,0.000000,0.000000,0.094638
0.000000,0.189235,-0.189235,0.000000,0.000000,0.094617
0.000000,0.189194,-0.189194,0.000000,0.000000,0.094597
0.000000,0.189153,-0.189153,0.000000,0.000000,0.094577
0.000000,0.189113,-0.189113,0.000000,0.000000,0.094556
0.000000,0.189072,-0.189072,0.000000,0.000000,0.094536
0.000000,0.189031,-0.189031,0.000000,0.000000,0.094516
0.000000,0.188990,-0.188990,0.000000,0.000000,0.094495
0.000000,0.188949,-0.188949,0.000000,0.000000,0.094475
0.000000,0.188908,-0.188908,0.000000,0.000000,0.094454
0.000000,0.188867,-0.188867,0.000000,0.000000,0.094434
0.000000,0.188826,-0.188826,0.000000,0.000000,0.094413
0.000000,0.188785,-0.188785,0.000000,0.000000,0.094392
0.000000,0.188743,-0.188743,0.000000,0.000000,0.094372
0.000000,0.188702,-0.188702,0.000000,0.000000,0.094351
0.000000,0.188660,-0.188660,0.000000,0.000000,0.094330
0.000000,0.188619,-0.188619,0.000000,0.000000,0.094309
0.000000,0.188577,-0.188577,0.000000,0.000000,0.094289
0.000000,0.188535,-0.188535,0.000000,0.000000,0.094268
0.000000,0.188494,-0.188494,0.000000,0.000000,0.094247
0.000000,0.188452,-0.188452,0.000000,0.000000,0.094226
0.000000,0.188410,-0.188410,0.000000,0.000000,0.094205
0.000000,0.188368,-0.188368,0.000000,0.000000,0.094184
0.000000,0.188326,-0.188326,0.000000,0.000000,0.094163
0.000000,0.188284,-0.188284,0.000000,0.000000,0.094142
0.000000,0.188242,-0.188242,0.000000,0.000000,0.094121
0.000000,0.188199,-0.188199,0.000000,0.000000,0.094100
0.000000,0.188157,-0.188157,0.000000,0.000000,0.094078
0.000000,0.188115,-0.188115,0.000000,0.000000,0.094057
0.000000,0.188072,-0.188072,0.000000,0.000000,0.094036
0.000000,0.188030,-0.188030,0.000000,0.000000,0.094015
0.000000,0.187987,-0.187987,0.000000,0.000000,0.093993
0.000000,0.187944,-0.187944,0.000000,0.000000,0.093972
0.000000,0.187901,-0.187901,0.000000,0.000000,0.093951
0.000000,0.187859,-0.187859,0.000000,0.000000,0.093929
0.000000,0.187816,-0.187816,0.000000,0.000000,0.093908
0.000000,0.187773,-0.187773,0.000000,0.000000,0.093886
0.000000,0.187730,-0.187730,0.000000,0.000000,0.093865
0.000000,0.187687,-0.187687,0.000000,0.000000,0.093843
0.000000,0.187643,-0.187643,0.000000,0.000000,0.093822
0.000000,0.187600,-0.187600,0.000000,0.000000,0.093800
0.000000,0.187557,-0.187557,0.000000,0.000000,0.093778
0.000000,0.187513,-0.187513,0.000000,0.000000,0.093757
0.000000,0.187470,-0.187470,0.000000,0.000000,0.093735
0.000000,0.187426,-0.187426,0.000000,0.000000,0.093713
0.000000,0.187383,-0.187383,0.000000,0.000000,0.093691
0.000000,0.187339,-0.187339,0.000000,0.000000,0.093670
0.000000,0.187295,-0.187295,0.000000,0.000000,0.093648
0.000000,0.187251,-0.187251,0.000000,0.000000,0.093626
0.000000,0.187208,-0.187208,0.000000,0.000000,0.093604
0.000000,0.187164,-0.187164,0.000000,0.000000,0.093582
0.000000,0.187120,-0.187120,0.000000,0.000000,0.093560
0.000000,0.187075,-0.187075,0.000000,0.000000,0.093538
0.000000,0.187031,-0.187031,0.000000,0.000000,0.093516
0.000000,0.186987,-0.186987,0.000000,0.000000,0.093494
0.000000,0.186943,-0.186943,0.000000,0.000000,0.093471
0.000000,0.186898,-0.186898,0.000000,0.000000,0.093449
0.000000,0.186854,-0.186854,0.000000,0.000000,0.093427
0.000000,0.186809,-0.186809,0.000000,0.000000,0.093405
0.000000,0.186765,-0.186765,0.000000,0.000000,0.093382
0.000000,0.186720,-0.186720,0.000000,0.000000,0.093360
0.000000,0.186675,-0.186675,0.000000,0.000000,0.093338
0.000000,0.186631,-0.186631,0.000000,0.000000,0.093315
0.000000,0.186586,-0.186586,0.000000,0.000000,0.093293
0.000000,0.186541,-0.186541,0.000000,0.000000,0.093270
0.000000,0.186496,-0.186496,0.000000,0.000000,0.093248
0.000000,0.186451,-0.186451,0.000000,0.000000,0.093225
0.000000,0.186406,-0.186406,0.000000,0.000000,0.093203
0.000000,0.186360,-0.186360,0.000000,0.000000,0.093180
0.000000,0.186315,-0.186315,0.000000,0.000000,0.093157
0.000000,0.186270,-0.186270,0.000000,0.000000,0.093135
0.000000,0.186224,-0.186224,0.000000,0.000000,0.093112
0.000000,0.186179,-0.186179,0.000000,0.000000,0.093089
0.000000,0.186133,-0.186133,0.000000,0.000000,0.093067
0.000000,0.186087,-0.186087,0.000000,0.000000,0.093044
0.000000,0.186042,-0.186042,0.000000,0.000000,0.093021
0.000000,0.185996,-0.185996,0.000000,0.000000,0.092998
0.000000,0.185950,-0.185950,0.000000,0.000000,0.092975
0.000000,0.185904,-0.185904,0.000000,0.000000,0.092952
0.000000,0.185858,-0.185858,0.000000,0.000000,0.092929
0.000000,0.185812,-0.185812,0.000000,0.000000,0.092906
0.000000,0.185766,-0.185766,0.000000,0.000000,0.092883
0.000000,0.185720,-0.185720,0.000000,0.000000,0.092860
0.000000,0.185674,-0.185674,0.000000,0.000000,0.092837
0.000000,0.185627,-0.185627,0.000000,0.000000,0.092814
0.000000,0.185581,-0.185581,0.000000,0.000000,0.092790
0.000000,0.185534,-0.185534,0.000000,0.000000,0.092767
0.000000,0.185488,-0.185488,0.000000,0.000000,0.092744
0.000000,0.185441,-0.185441,0.000000,0.000000,0.092721
0.000000,0.185395,-0.185395,0.000000,0.000000,0.092697
0.000000,0.185348,-0.185348,0.000000,0.000000,0.092674
0.000000,0.185301,-0.185301,0.000000,0.000000,0.092650
0.000000,0.185254,-0.185254,0.000000,0.000000,0.092627
0.000000,0.185207,-0.185207,0.000000,0.000000,0.092604
0.000000,0.185160,-0.185160,0.000000,0.000000,0.092580
0.000000,0.185113,-0.185113,0.000000,0.000000,0.092557
0.000000,0.185066,-0.185066,0.000000,0.000000,0.092533
0.000000,0.185019,-0.185019,0.000000,0.000000,0.092509
0.000000,0.184971,-0.184971,0.000000,0.000000,0.092486
0.000000,0.184924,-0.184924,0.000000,0.000000,0.092462
0.000000,0.184877,-0.184877,0.000000,0.000000,0.092438
0.000000,0.184829,-0.184829,0.000000,0.000000,0.092415
0.000000,0.184781,-0.184781,0.000000,0.000000,0.092391
0.000000,0.184734,-0.184734,0.000000,0.000000,0.092367
0.000000,0.184686,-0.184686,0.000000,0.000000,0.092343
0.000000,0.184638,-0.184638,0.000000,0.000000,0.092319
0.000000,0.184591,-0.184591,0.000000,0.000000,0.092295
0.000000,0.184543,-0.184543,0.000000,0.000000,0.092271
0.000000,0.184495,-0.184495,0.000000,0.000000,0.092247
0.000000,0.184447,-0.184447,0.000000,0.000000,0.092223
0.000000,0.184398,-0.184398,0.000000,0.000000,0.092199
0.000000,0.184350,-0.184350,0.000000,0.000000,0.092175
0.000000,0.184302,-0.184302,0.000000,0.000000,0.092151
0.000000,0.184254,-0.184254,0.000000,0.000000,0.092127
0.000000,0.184205,-0.184205,0.000000,0.000000,0.092103
0.000000,0.184157,-0.184157,0.000000,0.000000,0.092078
0.000000,0.184108,-0.184108,0.000000,0.000000,0.092054
0.000000,0.184060,-0.184060,0.000000,0.000000,0.092030
0.000000,0.184011,-0.184011,0.000000,0.000000,0.092006
0.000000,0.183962,-0.183962,0.000000,0.000000,0.091981
0.000000,0.183914,-0.183914,0.000000,0.000000,0.091957
0.000000,0.183865,-0.183865,0.000000,0.000000,0.091932
0.000000,0.183816,-0.183816,0.000000,0.000000,0.091908
0.000000,0.183767,-0.183767,0.000000,0.000000,0.091883
0.000000,0.183718,-0.183718,0.000000,0.000000,0.091859
0.000000,0.183669,-0.183669,0.000000,0.000000,0.091834
0.000000,0.183619,-0.183619,0.000000,0.000000,0.091810
0.000000,0.183570,-0.183570,0.000000,0.000000,0.091785
0.000000,0.183521,-0.183521,0.000000,0.000000,0.091760
0.000000,0.183471,-0.183471,0.000000,0.000000,0.091736
0.000000,0.183422,-0.183422,0.000000,0.000000,0.091711
0.000000,0.183372,-0.183372,0.000000,0.000000,0.091686
0.000000,0.183323,-0.183323,0.000000,0.000000,0.091661
0.000000,0.183273,-0.183273,0.000000,0.000000,0.091637
0.000000,0.183223,-0.183223,0.000000,0.000000,0.091612
0.000000,0.183174,-0.183174,0.000000,0.000000,0.091587
0.000000,0.183124,-0.183124,0.000000,0.000000,0.091562
0.000000,0.183074,-0.183074,0.000000,0.000000,0.091537
0.000000,0.183024,-0.183024,0.000000,0.000000,0.091512
0.000000,0.182974,-0.182974,0.000000,0.000000,0.091487
0.000000,0.182924,-0.182924,0.000000,0.000000,0.091462
0.000000,0.182873,-0.182873,0.000000,0.000000,0.091437
0.000000,0.182823,-0.182823,0.000000,0.000000,0.091412
0.000000,0.182773,-0.182773,0.000000,0.000000,0.091386
0.000000,0.182722,-0.182722,0.000000,0.000000,0.091361
0.000000,0.182672,-0.182672,0.000000,0.000000,0.091336
0.000000,0.182621,-0.182621,0.000000,0.000000,0.091311
0.000000,0.182571,-0.182571,0.000000,0.000000,0.091285
0.000000,0.182520,-0.182520,0.000000,0.000000,0.091260
0.000000,0.182469,-0.182469,0.000000,0.000000,0.091235
0.000000,0.182419,-0.182419,0.000000,0.000000,0.091209
0.000000,0.182368,-0.182368,0.000000,0.000000,0.091184
0.000000,0.182317,-0.182317,0.000000,0.000000,0.091158
0.000000,0.182266,-0.182266,0.000000,0.000000,0.091133
0.000000,0.182215,-0.182215,0.000000,0.000000,0.091107
0.000000,0.182164,-0.182164,0.000000,0.000000,0.091082
0.000000,0.182112,-0.182112,0.000000,0.000000,0.091056
0.000000,0.182061,-0.182061,0.000000,0.000000,0.091031
0.000000,0.182010,-0.182010,0.000000,0.000000,0.091005
0.000000,0.181958,-0.181958,0.000000,0.000000,0.090979
0.000000,0.181907,-0.181907,0.000000,0.000000,0.090953
0.000000,0.181855,-0.181855,0.000000,0.000000,0.090928
0.000000,0.181804,-0.181804,0.000000,0.000000,0.090902
0.000000,0.181752,-0.181752,0.000000,0.000000,0.090876
0.000000,0.181700,-0.181700,0.000000,0.000000,0.090850
0.000000,0.181649,-0.181649,0.000000,0.000000,0.090824
0.000000,0.181597,-0.181597,0.000000,0.000000,0.090798
0.000000,0.181545,-0.181545,0.000000,0.000000,0.090772
0.000000,0.181493,-0.181493,0.000000,0.000000,0.090746
0.000000,0.181441,-0.181441,0.000000,0.000000,0.090720
0.000000,0.181389,-0.181389,0.000000,0.000000,0.090694
0.000000,0.181336,-0.181336,0.000000,0.000000,0.090668
0.000000,0.181284,-0.181284,0.000000,0.000000,0.090642
0.000000,0.181232,-0.181232,0.000000,0.000000,0.090616
0.000000,0.181179,-0.181179,0.000000,0.000000,0.090590
0.000000,0.181127,-0.181127,0.000000,0.000000,0.090563
0.000000,0.181074,-0.181074,0.000000,0.000000,0.090537
0.000000,0.181022,-0.181022,0.000000,0.000000,0.090511
0.000000,0.180969,-0.180969,0.000000,0.000000,0.090485
0.000000,0.180916,-0.180916,0.000000,0.000000,0.090458
0.000000,0.180864,-0.180864,0.000000,0.000000,0.090432
0.000000,0.180811,-0.180811,0.000000,0.000000,0.090405
0.000000,0.180758,-0.180758,0.000000,0.000000,0.090379
0.000000,0.180705,-0.180705,0.000000,0.000000,0.090352
0.000000,0.180652,-0.180652,0.000000,0.000000,0.090326
0.000000,0.180599,-0.180599,0.000000,0.000000,0.090299
0.000000,0.180546,-0.180546,0.000000,0.000000,0.090273
0.000000,0.180492,-0.180492,0.000000,0.000000,0.090246
0.000000,0.180439,-0.180439,0.000000,0.000000,0.090220
0.000000,0.180386,-0.180386,0.000000,0.000000,0.090193
0.000000,0.180332,-0.180332,0.000000,0.000000,0.090166
0.000000,0.180279,-0.180279,0.000000,0.000000,0.090139
0.000000,0.180225,-0.180225,0.000000,0.000000,0.090113
0.000000,0.180172,-0.180172,0.000000,0.000000,0.090086
0.000000,0.180118,-0.180118,0.000000,0.000000,0.090059
0.000000,0.180064,-0.180064,0.000000,0.000000,0.090032
0.000000,0.180010,-0.180010,0.000000,0.000000,0.090005
0.000000,0.179957,-0.179957,0.000000,0.000000,0.089978
0.000000,0.179903,-0.179903,0.000000,0.000000,0.089951
0.000000,0.179849,-0.179849,0.000000,0.000000,0.089924
0.000000,0.179794,-0.179794,0.000000,0.000000,0.089897
0.000000,0.179740,-0.179740,0.000000,0.000000,0.089870
0.000000,0.179686,-0.179686,0.000000,0.000000,0.089843
0.000000,0.179632,-0.179632,0.000000,0.000000,0.089816
0.000000,0.179578,-0.179578,0.000000,0.000000,0.089789
0.000000,0.179523,-0.179523,0.000000,0.000000,0.089762
0.000000,0.179469,-0.179469,0.000000,0.000000,0.089734
0.000000,0.179414,-0.179414,0.000000,0.000000,0.089707
0.000000,0.179360,-0.179360,0.000000,0.000000,0.089680
0.000000,0.179305,-0.179305,0.000000,0.000000,0.089652
0.000000,0.179250,-0.179250,0.000000,0.000000,0.089625
0.000000,0.179195,-0.179195,0.000000,0.000000,0.089598
0.000000,0.179141,-0.179141,0.000000,0.000000,0.089570
0.000000,0.179086,-0.179086,0.000000,0.000000,0.089543
0.000000,0.179031,-0.179031,0.000000,0.000000,0.089515
0.000000,0.178976,-0.178976,0.000000,0.000000,0.089488
0.000000,0.178921,-0.178921,0.000000,0.000000,0.089460
0.000000,0.178865,-0.178865,0.000000,0.000000,0.089433
0.000000,0.178810,-0.178810,0.000000,0.000000,0.089405
0.000000,0.178755,-0.178755,0.000000,0.000000,0.089377
0.000000,0.178700,-0.178700,0.000000,0.000000,0.089350
0.000000,0.178644,-0.178644,0.000000,0.000000,0.089322
0.000000,0.178589,-0.178589,0.000000,0.000000,0.089294
0.000000,0.178533,-0.178533,0.000000,0.000000,0.089267
0.000000,0.178478,-0.178478,0.000000,0.000000,0.089239
0.000000,0.178422,-0.178422,0.000000,0.000000,0.089211
0.000000,0.178366,-0.178366,0.000000,0.000000,0.089183
0.000000,0.178310,-0.178310,0.000000,0.000000,0.089155
0.000000,0.178254,-0.178254,0.000000,0.000000,0.089127
0.000000,0.178199,-0.178199,0.000000,0.000000,0.089099
0.000000,0.178143,-0.178143,0.000000,0.000000,0.089071
0.000000,0.178087,-0.178087,0.000000,0.000000,0.089043
0.000000,0.178030,-0.178030,0.000000,0.000000,0.089015
0.000000,0.177974,-0.177974,0.000000,0.000000,0.088987
0.000000,0.177918,-0.177918,0.000000,0.000000,0.088959
0.000000,0.177862,-0.177862,0.000000,0.000000,0.088931
0.000000,0.177805,-0.177805,0.000000,0.000000,0.088903
0.000000,0.177749,-0.177749,0.000000,0.000000,0.088874
0.000000,0.177692,-0.177692,0.000000,0.000000,0.088846
0.000000,0.177636,-0.177636,0.000000,0.000000,0.088818
0.000000,0.177579,-0.177579,0.000000,0.000000,0.088790
0.000000,0.177523,-0.177523,0.000000,0.000000,0.088761
0.000000,0.177466,-0.177466,0.000000,0.000000,0.088733
0.000000,0.177409,-0.177409,0.000000,0.000000,0.088705
0.000000,0.177352,-0.177352,0.000000,0.000000,0.088676
0.000000,0.177295,-0.177295,0.000000,0.000000,0.088648
0.000000,0.177238,-0.177238,0.000000,0.000000,0.088619
0.000000,0.177181,-0.177181,0.000000,0.000000,0.088591
0.000000,0.177124,-0.177124,0.000000,0.000000,0.088562
0.000000,0.177067,-0.177067,0.000000,0.000000,0.088533
0.000000,0.177010,-0.177010,0.000000,0.000000,0.088505
0.000000,0.176952,-0.176952,0.000000,0.000000,0.088476
0.000000,0.176895,-0.176895,0.000000,0.000000,0.088448
0.000000,0.176838,-0.176838,0.000000,0.000000,0.088419
0.000000,0.176780,-0.176780,0.000000,0.000000,0.088390
0.000000,0.176723,-0.176723,0.000000,0.000000,0.088361
0.000000,0.176665,-0.176665,0.000000,0.000000,0.088332
0.000000,0.176607,-0.176607,0.000000,0.000000,0.088304
0.000000,0.176550,-0.176550,0.000000,0.000000,0.088275
0.000000,0.176492,-0.176492,0.000000,0.000000,0.088246
0.000000,0.176434,-0.176434,0.000000,0.000000,0.088217
0.000000,0.176376,-0.176376,0.000000,0.000000,0.088188
0.000000,0.176318,-0.176318,0.000000,0.000000,0.088159
0.000000,0.176260,-0.176260,0.000000,0.000000,0.088130
0.000000,0.176202,-0.176202,0.000000,0.000000,0.088101
0.000000,0.176144,-0.176144,0.000000,0.000000,0.088072
0.000000,0.176086,-0.176086,0.000000,0.000000,0.088043
0.000000,0.176027,-0.176027,0.000000,0.000000,0.088014
0.000000,0.175969,-0.175969,0.000000,0.000000,0.087984
0.000000,0.175911,-0.175911,0.000000,0.000000,0.087955
0.000000,0.175852,-0.175852,0.000000,0.000000,0.087926
0.000000,0.175794,-0.175794,0.000000,0.000000,0.087897
0.000000,0.175735,-0.175735,0.000000,0.000000,0.087867
0.000000,0.175676,-0.175676,0.000000,0.000000,0.087838
0.000000,0.175618,-0.175618,0.000000,0.000000,0.087809
0.000000,0.175559,-0.175559,0.000000,0.000000,0.087779
0.000000,0.175500,-0.175500,0.000000,0.000000,0.087750
0.000000,0.175441,-0.175441,0.000000,0.000000,0.087721
0.000000,0.175382,-0.175382,0.000000,0.000000,0.087691
0.000000,0.175323,-0.175323,0.000000,0.000000,0.087662
0.000000,0.175264,-0.175264,0.000000,0.000000,0.087632
0.000000,0.175205,-0.175205,0.000000,0.000000,0.087602
0.000000,0.175146,-0.175146,0.000000,0.000000,0.087573
0.000000,0.175086,-0.175086,0.000000,0.000000,0.087543
0.000000,0.175027,-0.175027,0.000000,0.000000,0.087514
0.000000,0.174968,-0.174968,0.000000,0.000000,0.087484
0.000000,0.174908,-0.174908,0.000000,0.000000,0.087454
0.000000,0.174849,-0.174849,0.000000,0.000000,0.087424
0.000000,0.174789,-0.174789,0.000000,0.000000,0.087395
0.000000,0.174730,-0.174730,0.000000,0.000000,0.087365
0.000000,0.174670,-0.174670,0.000000,0.000000,0.087335
0.000000,0.174610,-0.174610,0.000000,0.000000,0.087305
0.000000,0.174550,-0.174550,0.000000,0.000000,0.087275
0.000000,0.174491,-0.174491,0.000000,0.000000,0.087245
0.000000,0.174431,-0.174431,0.000000,0.000000,0.087215
0.000000,0.174371,-0.174371,0.000000,0.000000,0.087185
0.000000,0.174311,-0.174311,0.000000,0.000000,0.087155
0.000000,0.174250,-0.174250,0.000000,0.000000,0.087125
0.000000,0.174190,-0.174190,0.000000,0.000000,0.087095
0.000000,0.174130,-0.174130,0.000000,0.000000,0.087065
0.000000,0.174070,-0.174070,0.000000,0.000000,0.087035
0.000000,0.174009,-0.174009,0.000000,0.000000,0.087005
0.000000,0.173949,-0.173949,0.000000,0.000000,0.086975
0.000000,0.173889,-0.173889,0.000000,0.000000,0.086944
0.000000,0.173828,-0.173828,0.000000,0.000000,0.086914
0.000000,0.173768,-0.173768,0.000000,0.000000,0.086884
0.000000,0.173707,-0.173707,0.000000,0.000000,0.086853
0.000000,0.173646,-0.173646,0.000000,0.000000,0.086823
0.000000,0.173585,-0.173585,0.000000,0.000000,0.086793
0.000000,0.173525,-0.173525,0.000000,0.000000,0.086762
0.000000,0.173464,-0.173464,0.000000,0.000000,0.086732
0.000000,0.173403,-0.173403,0.000000,0.000000,0.086701
0.000000,0.173342,-0.173342,0.000000,0.000000,0.086671
0.000000,0.173281,-0.173281,0.000000,0.000000,0.086640
0.000000,0.173220,-0.173220,0.000000,0.000000,0.086610
0.000000,0.173158,-0.173158,0.000000,0.000000,0.086579
0.000000,0.173097,-0.173097,0.000000,0.000000,0.086549
0.000000,0.173036,-0.173036,0.000000,0.000000,0.086518
0.000000,0.172975,-0.172975,0.000000,0.000000,0.086487
0.000000,0.172913,-0.172913,0.000000,0.000000,0.086457
0.000000,0.172852,-0.172852,0.000000,0.000000,0.086426
0.000000,0.172790,-0.172790,0.000000,0.000000,0.086395
0.000000,0.172729,-0.172729,0.000000,0.000000,0.086364
0.000000,0.172667,-0.172667,0.000000,0.000000,0.086333
0.000000,0.172605,-0.172605,0.000000,0.000000,0.086303
0.000000,0.172544,-0.172544,0.000000,0.000000,0.086272
0.000000,0.172482,-0.172482,0.000000,0.000000,0.086241
0.000000,0.172420,-0.172420,0.000000,0.000000,0.086210
0.000000,0.172358,-0.172358,0.000000,0.000000,0.086179
0.000000,0.172296,-0.172296,0.000000,0.000000,0.086148
0.000000,0.172234,-0.172234,0.000000,0.000000,0.086117
0.000000,0.172172,-0.172172,0.000000,0.000000,0.086086
0.000000,0.172110,-0.172110,0.000000,0.000000,0.086055
0.000000,0.172047,-0.172047,0.000000,0.000000,0.086024
0.000000,0.171985,-0.171985,0.000000,0.000000,0.085993
0.000000,0.171923,-0.171923,0.000000,0.000000,0.085961
0.000000,0.171860,-0.171860,0.000000,0.000000,0.085930
0.000000,0.171798,-0.171798,0.000000,0.000000,0.085899
0.000000,0.171735,-0.171735,0.000000,0.000000,0.085868
0.000000,0.171673,-0.171673,0.000000,0.000000,0.085836
0.000000,0.171610,-0.171610,0.000000,0.000000,0.085805
0.000000,0.171547,-0.171547,0.000000,0.000000,0.085774
0.000000,0.171485,-0.171485,0.000000,0.000000,0.085742
0.000000,0.171422,-0.171422,0.000000,0.000000,0.085711
0.000000,0.171359,-0.171359,0.000000,0.000000,0.085680
0.000000,0.171296,-0.171296,0.000000,0.000000,0.085648
0.000000,0.171233,-0.171233,0.000000,0.000000,0.085617
0.000000,0.171170,-0.171170,0.000000,0.000000,0.085585
0.000000,0.171107,-0.171107,0.000000,0.000000,0.085554
0.000000,0.171044,-0.171044,0.000000,0.000000,0.085522
0.000000,0.170981,-0.170981,0.000000,0.000000,0.085490
0.000000,0.170917,-0.170917,0.000000,0.000000,0.085459
0.000000,0.170854,-0.170854,0.000000,0.000000,0.085427
0.000000,0.170791,-0.170791,0.000000,0.000000,0.085395
0.000000,0.170727,-0.170727,0.000000,0.000000,0.085364
0.000000,0.170664,-0.170664,0.000000,0.000000,0.085332
0.000000,0.170600,-0.170600,0.000000,0.000000,0.085300
0.000000,0.170537,-0.170537,0.000000,0.000000,0.085268
0.000000,0.170473,-0.170473,0.000000,0.000000,0.085237
0.000000,0.170409,-0.170409,0.000000,0.000000,0.085205
0.000000,0.170346,-0.170346,0.000000,0.000000,0.085173
0.000000,0.170282,-0.170282,0.000000,0.000000,0.085141
0.000000,0.170218,-0.170218,0.000000,0.000000,0.085109
0.000000,0.170154,-0.170154,0.000000,0.000000,0.085077
0.000000,0.170090,-0.170090,0.000000,0.000000,0.085045
0.000000,0.170026,-0.170026,0.000000,0.000000,0.085013
0.000000,0.169962,-0.169962,0.000000,0.000000,0.084981
0.000000,0.169898,-0.169898,0.000000,0.000000,0.084949
0.000000,0.169833,-0.169833,0.000000,0.000000,0.084917
0.000000,0.169769,-0.169769,0.000000,0.000000,0.084885
0.000000,0.169705,-0.169705,0.000000,0.000000,0.084852
0.000000,0.169640,-0.169640,0.000000,0.000000,0.084820
0.000000,0.169576,-0.169576,0.000000,0.000000,0.084788
0.000000,0.169511,-0.169511,0.000000,0.000000,0.084756
0.000000,0.169447,-0.169447,0.000000,0.000000,0.084723
0.000000,0.169382,-0.169382,0.000000,0.000000,0.084691
0.000000,0.169317,-0.169317,0.000000,0.000000,0.084659
0.000000,0.169253,-0.169253,0.000000,0.000000,0.084626
0.000000,0.169188,-0.169188,0.000000,0.000000,0.084594
0.000000,0.169123,-0.169123,0.000000,0.000000,0.084562
0.000000,0.169058,-0.169058,0.000000,0.000000,0.084529
0.000000,0.168993,-0.168993,0.000000,0.000000,0.084497
0.000000,0.168928,-0.168928,0.000000,0.000000,0.084464
0.000000,0.168863,-0.168863,0.000000,0.000000,0.084432
0.000000,0.168798,-0.168798,0.000000,0.000000,0.084399
0.000000,0.168733,-0.168733,0.000000,0.000000,0.084366
0.000000,0.168668,-0.168668,0.000000,0.000000,0.084334
0.000000,0.168602,-0.168602,0.000000,0.000000,0.084301
0.000000,0.168537,-0.168537,0.000000,0.000000,0.084269
0.000000,0.168472,-0.168472,0.000000,0.000000,0.084236
0.000000,0.168406,-0.168406,0.000000,0.000000,0.084203
0.000000,0.168341,-0.168341,0.000000,0.000000,0.084170
0.000000,0.168275,-0.168275,0.000000,0.000000,0.084138
0.000000,0.168210,-0.168210,0.000000,0.000000,0.084105
0.000000,0.168144,-0.168144,0.000000,0.000000,0.084072
0.000000,0.168078,-0.168078,0.000000,0.000000,0.084039
0.000000,0.168012,-0.168012,0.000000,0.000000,0.084006
0.000000,0.167947,-0.167947,0.000000,0.000000,0.083973
0.000000,0.167881,-0.167881,0.000000,0.000000,0.083940
0.000000,0.167815,-0.167815,0.000000,0.000000,0.083907
0.000000,0.167749,-0.167749,0.000000,0.000000,0.083874
0.000000,0.167683,-0.167683,0.000000,0.000000,0.083841
0.000000,0.167616,-0.167616,0.000000,0.000000,0.083808
0.000000,0.167550,-0.167550,0.000000,0.000000,0.083775
0.000000,0.167484,-0.167484,0.000000,0.000000,0.083742
0.000000,0.167418,-0.167418,0.000000,0.000000,0.083709
0.000000,0.167352,-0.167352,0.000000,0.000000,0.083676
0.000000,0.167285,-0.167285,0.000000,0.000000,0.083643
0.000000,0.167219,-0.167219,0.000000,0.000000,0.083609
0.000000,0.167152,-0.167152,0.000000,0.000000,0.083576
0.000000,0.167086,-0.167086,0.000000,0.000000,0.083543
0.000000,0.167019,-0.167019,0.000000,0.000000,0.083510
0.000000,0.166952,-0.166952,0.000000,0.000000,0.083476
0.000000,0.166886,-0.166886,0.000000,0.000000,0.083443
0.000000,0.166819,-0.166819,0.000000,0.000000,0.083409
0.000000,0.166752,-0.166752,0.000000,0.000000,0.083376
0.000000,0.166685,-0.166685,0.000000,0.000000,0.083343
0.000000,0.166618,-0.166618,0.000000,0.000000,0.083309
0.000000,0.166551,-0.166551,0.000000,0.000000,0.083276
0.000000,0.166484,-0.166484,0.000000,0.000000,0.083242
0.000000,0.166417,-0.166417,0.000000,0.000000,0.083209
0.000000,0.166350,-0.166350,0.000000,0.000000,0.083175
0.000000,0.166283,-0.166283,0.000000,0.000000,0.083141
0.000000,0.166216,-0.166216,0.000000,0.000000,0.083108
0.000000,0.166148,-0.166148,0.000000,0.000000,0.083074
0.000000,0.166081,-0.166081,0.000000,0.000000,0.083041
0.000000,0.166014,-0.166014,0.000000,0.000000,0.083007
0.000000,0.165946,-0.165946,0.000000,0.000000,0.082973
0.000000,0.165879,-0.165879,0.000000,0.000000,0.082939
0.000000,0.165811,-0.165811,0.000000,0.000000,0.082906
0.000000,0.165743,-0.165743,0.000000,0.000000,0.082872
0.000000,0.165676,-0.165676,0.000000,0.000000,0.082838
0.000000,0.165608,-0.165608,0.000000,0.000000,0.082804
0.000000,0.165540,-0.165540,0.000000,0.000000,0.082770
0.000000,0.165473,-0.165473,0.000000,0.000000,0.082736
0.000000,0.165405,-0.165405,0.000000,0.000000,0.082702
0.000000,0.165337,-0.165337,0.000000,0.000000,0.082668
0.000000,0.165269,-0.165269,0.000000,0.000000,0.082634
0.000000,0.165201,-0.165201,0.000000,0.000000,0.082600
0.000000,0.165133,-0.165133,0.000000,0.000000,0.082566
0.000000,0.165064,-0.165064,0.000000,0.000000,0.082532
0.000000,0.164996,-0.164996,0.000000,0.000000,0.082498
0.000000,0.164928,-0.164928,0.000000,0.000000,0.082464
0.000000,0.164860,-0.164860,0.000000,0.000000,0.082430
0.000000,0.164791,-0.164791,0.000000,0.000000,0.082396
0.000000,0.164723,-0.164723,0.000000,0.000000,0.082361
0.000000,0.164654,-0.164654,0.000000,0.000000,0.082327
0.000000,0.164586,-0.164586,0.000000,0.000000,0.082293
0.000000,0.164517,-0.164517,0.000000,0.000000,0.082259
0.000000,0.164449,-0.164449,0.000000,0.000000,0.082224
0.000000,0.164380,-0.164380,0.000000,0.000000,0.082190
0.000000,0.164311,-0.164311,0.000000,0.000000,0.082156
0.000000,0.164243,-0.164243,0.000000,0.000000,0.082121
0.000000,0.164174,-0.164174,0.000000,0.000000,0.082087
0.000000,0.164105,-0.164105,0.000000,0.000000,0.082052
0.000000,0.164036,-0.164036,0.000000,0.000000,0.082018
0.000000,0.163967,-0.163967,0.000000,0.000000,0.081984
0.000000,0.163898,-0.163898,0.000000,0.000000,0.081949
0.000000,0.163829,-0.163829,0.000000,0.000000,0.081914
0.000000,0.163760,-0.163760,0.000000,0.000000,0.081880
0.000000,0.163691,-0.163691,0.000000,0.000000,0.081845
0.000000,0.163621,-0.163621,0.000000,0.000000,0.081811
0.000000,0.163552,-0.163552,0.000000,0.000000,0.081776
0.000000,0.163483,-0.163483,0.000000,0.000000,0.081741
0.000000,0.163413,-0.163413,0.000000,0.000000,0.081707
0.000000,0.163344,-0.163344,0.000000,0.000000,0.081672
0.000000,0.163274,-0.163274,0.000000,0.000000,0.081637
0.000000,0.163205,-0.163205,0.000000,0.000000,0.081602
0.000000,0.163135,-0.163135,0.000000,0.000000,0.081568
0.000000,0.163066,-0.163066,0.000000,0.000000,0.081533
0.000000,0.162996,-0.162996,0.000000,0.000000,0.081498
0.000000,0.162926,-0.162926,0.000000,0.000000,0.081463
0.000000,0.162856,-0.162856,0.000000,0.000000,0.081428
0.000000,0.162787,-0.162787,0.000000,0.000000,0.081393
0.000000,0.162717,-0.162717,0.000000,0.000000,0.081358
0.000000,0.162647,-0.162647,0.000000,0.000000,0.081323
0.000000,0.162577,-0.162577,0.000000,0.000000,0.081288
0.000000,0.162507,-0.162507,0.000000,0.000000,0.081253
0.000000,0.162437,-0.162437,0.000000,0.000000,0.081218
0.000000,0.162367,-0.162367,0.000000,0.000000,0.081183
0.000000,0.162296,-0.162296,0.000000,0.000000,0.081148
0.000000,0.162226,-0.162226,0.000000,0.000000,0.081113
0.000000,0.162156,-0.162156,0.000000,0.000000,0.081078
0.000000,0.162085,-0.162085,0.000000,0.000000,0.081043
0.000000,0.162015,-0.162015,0.000000,0.000000,0.081008
0.000000,0.161945,-0.161945,0.000000,0.000000,0.080972
0.000000,0.161874,-0.161874,0.000000,0.000000,0.080937
0.000000,0.161804,-0.161804,0.000000,0.000000,0.080902
0.000000,0.161733,-0.161733,0.000000,0.000000,0.080866
0.000000,0.161662,-0.161662,0.000000,0.000000,0.080831
0.000000,0.161592,-0.161592,0.000000,0.000000,0.080796
0.000000,0.161521,-0.161521,0.000000,0.000000,0.080760
0.000000,0.161450,-0.161450,0.000000,0.000000,0.080725
0.000000,0.161379,-0.161379,0.000000,0.000000,0.080690
0.000000,0.161308,-0.161308,0.000000,0.000000,0.080654
0.000000,0.161237,-0.161237,0.000000,0.000000,0.080619
0.000000,0.161166,-0.161166,0.000000,0.000000,0.080583
0.000000,0.161095,-0.161095,0.000000,0.000000,0.080548
0.000000,0.161024,-0.161024,0.000000,0.000000,0.080512
0.000000,0.160953,-0.160953,0.000000,0.000000,0.080477
0.000000,0.160882,-0.160882,0.000000,0.000000,0.080441
0.000000,0.160811,-0.160811,0.000000,0.000000,0.080405
0.000000,0.160739,-0.160739,0.000000,0.000000,0.080370
0.000000,0.160668,-0.160668,0.000000,0.000000,0.080334
0.000000,0.160597,-0.160597,0.000000,0.000000,0.080298
0.000000,0.160525,-0.160525,0.000000,0.000000,0.080263
0.000000,0.160454,-0.160454,0.000000,0.000000,0.080227
0.000000,0.160382,-0.160382,0.000000,0.000000,0.080191
0.000000,0.160311,-0.160311,0.000000,0.000000,0.080155
0.000000,0.160239,-0.160239,0.000000,0.000000,0.080120
0.000000,0.160167,-0.160167,0.000000,0.000000,0.080084
0.000000,0.160096,-0.160096,0.000000,0.000000,0.080048
0.000000,0.160024,-0.160024,0.000000,0.000000,0.080012
0.000000,0.159952,-0.159952,0.000000,0.000000,0.079976
0.000000,0.159880,-0.159880,0.000000,0.000000,0.079940
0.000000,0.159808,-0.159808,0.000000,0.000000,0.079904
0.000000,0.159736,-0.159736,0.000000,0.000000,0.079868
0.000000,0.159664,-0.159664,0.000000,0.000000,0.079832
0.000000,0.159592,-0.159592,0.000000,0.000000,0.079796
0.000000,0.159520,-0.159520,0.000000,0.000000,0.079760
0.000000,0.159448,-0.159448,0.000000,0.000000,0.079724
0.000000,0.159376,-0.159376,0.000000,0.000000,0.079688
0.000000,0.159303,-0.159303,0.000000,0.000000,0.079652
0.000000,0.159231,-0.159231,0.000000,0.000000,0.079616
0.000000,0.159159,-0.159159,0.000000,0.000000,0.079579
0.000000,0.159086,-0.159086,0.000000,0.000000,0.079543
0.000000,0.159014,-0.159014,0.000000,0.000000,0.079507
0.000000,0.158941,-0.158941,0.000000,0.000000,0.079471
0.000000,0.158869,-0.158869,0.000000,0.000000,0.079434
0.000000,0.158796,-0.158796,0.000000,0.000000,0.079398
0.000000,0.158724,-0.158724,0.000000,0.000000,0.079362
0.000000,0.158651,-0.158651,0.000000,0.000000,0.079325
0.000000,0.158578,-0.158578,0.000000,0.000000,0.079289
0.000000,0.158505,-0.158505,0.000000,0.000000,0.079253
0.000000,0.158433,-0.158433,0.000000,0.000000,0.079216
0.000000,0.158360,-0.158360,0.000000,0.000000,0.079180
0.000000,0.158287,-0.158287,0.000000,0.000000,0.079143
0.000000,0.158214,-0.158214,0.000000,0.000000,0.079107
0.000000,0.158141,-0.158141,0.000000,0.000000,0.079070
0.000000,0.158068,-0.158068,0.000000,0.000000,0.079034
0.000000,0.157995,-0.157995,0.000000,0.000000,0.078997
0.000000,0.157922,-0.157922,0.000000,0.000000,0.078961
0.000000,0.157848,-0.157848,0.000000,0.000000,0.078924
0.000000,0.157775,-0.157775,0.000000,0.000000,0.078888
0.000000,0.157702,-0.157702,0.000000,0.000000,0.078851
0.000000,0.157628,-0.157628,0.000000,0.000000,0.078814
0.000000,0.157555,-0.157555,0.000000,0.000000,0.078778
0.000000,0.157482,-0.157482,0.000000,0.000000,0.078741
0.000000,0.157408,-0.157408,0.000000,0.000000,0.078704
0.000000,0.157335,-0.157335,0.000000,0.000000,0.078667
0.000000,0.157261,-0.157261,0.000000,0.000000,0.078631
0.000000,0.157187,-0.157187,0.000000,0.000000,0.078594
0.000000,0.157114,-0.157114,0.000000,0.000000,0.078557
0.000000,0.157040,-0.157040,0.000000,0.000000,0.078520
0.000000,0.156966,-0.156966,0.000000,0.000000,0.078483
0.000000,0.156893,-0.156893,0.000000,0.000000,0.078446
0.000000,0.156819,-0.156819,0.000000,0.000000,0.078409
0.000000,0.156745,-0.156745,0.000000,0.000000,0.078372
0.000000,0.156671,-0.156671,0.000000,0.000000,0.078335
0.000000,0.156597,-0.156597,0.000000,0.000000,0.078298
0.000000,0.156523,-0.156523,0.000000,0.000000,0.078261
0.000000,0.156449,-0.156449,0.000000,0.000000,0.078224
0.000000,0.156375,-0.156375,0.000000,0.000000,0.078187
0.000000,0.156300,-0.156300,0.000000,0.000000,0.078150
0.000000,0.156226,-0.156226,0.000000,0.000000,0.078113
0.000000,0.156152,-0.156152,0.000000,0.000000,0.078076
0.000000,0.156078,-0.156078,0.000000,0.000000,0.078039
0.000000,0.156003,-0.156003,0.000000,0.000000,0.078002
0.000000,0.155929,-0.155929,0.000000,0.000000,0.077964
0.000000,0.155855,-0.155855,0.000000,0.000000,0.077927
0.000000,0.155780,-0.155780,0.000000,0.000000,0.077890
0.000000,0.155706,-0.155706,0.000000,0.000000,0.077853
0.000000,0.155631,-0.155631,0.000000,0.000000,0.077815
0.000000,0.155556,-0.155556,0.000000,0.000000,0.077778
0.000000,0.155482,-0.155482,0.000000,0.000000,0.077741
0.000000,0.155407,-0.155407,0.000000,0.000000,0.077703
0.000000,0.155332,-0.155332,0.000000,0.000000,0.077666
0.000000,0.155257,-0.155257,0.000000,0.000000,0.077629
0.000000,0.155183,-0.155183,0.000000,0.000000,0.077591
0.000000,0.155108,-0.155108,0.000000,0.000000,0.077554
0.000000,0.155033,-0.155033,0.000000,0.000000,0.077516
0.000000,0.154958,-0.154958,0.000000,0.000000,0.077479
0.000000,0.154883,-0.154883,0.000000,0.000000,0.077441
0.000000,0.154808,-0.154808,0.000000,0.000000,0.077404
0.000000,0.154733,-0.154733,0.000000,0.000000,0.077366
0.000000,0.154657,-0.154657,0.000000,0.000000,0.077329
0.000000,0.154582,-0.154582,0.000000,0.000000,0.077291
0.000000,0.154507,-0.154507,0.000000,0.000000,0.077253
0.000000,0.154432,-0.154432,0.000000,0.000000,0.077216
0.000000,0.154356,-0.154356,0.000000,0.000000,0.077178
0.000000,0.154281,-0.154281,0.000000,0.000000,0.077141
0.000000,0.154206,-0.154206,0.000000,0.000000,0.077103
0.000000,0.154130,-0.154130,0.000000,0.000000,0.077065
0.000000,0.154055,-0.154055,0.000000,0.000000,0.077027
0.000000,0.153979,-0.153979,0.000000,0.000000,0.076990
0.000000,0.153904,-0.153904,0.000000,0.000000,0.076952
0.000000,0.153828,-0.153828,0.000000,0.000000,0.076914
0.000000,0.153752,-0.153752,0.000000,0.000000,0.076876
0.000000,0.153676,-0.153676,0.000000,0.000000,0.076838
0.000000,0.153601,-0.153601,0.000000,0.000000,0.076800
0.000000,0.153525,-0.153525,0.000000,0.000000,0.076762
0.000000,0.153449,-0.153449,0.000000,0.000000,0.076725
0.000000,0.153373,-0.153373,0.000000,0.000000,0.076687
0.000000,0.153297,-0.153297,0.000000,0.000000,0.076649
0.000000,0.153221,-0.153221,0.000000,0.000000,0.076611
0.000000,0.153145,-0.153145,0.000000,0.000000,0.076573
0.000000,0.153069,-0.153069,0.000000,0.000000,0.076535
0.000000,0.152993,-0.152993,0.000000,0.000000,0.076497
0.000000,0.152917,-0.152917,0.000000,0.000000,0.076458
0.000000,0.152841,-0.152841,0.000000,0.000000,0.076420
0.000000,0.152764,-0.152764,0.000000,0.000000,0.076382
0.000000,0.152688,-0.152688,0.000000,0.000000,0.076344
0.000000,0.152612,-0.152612,0.000000,0.000000,0.076306
0.000000,0.152536,-0.152536,0.000000,0.000000,0.076268
0.000000,0.152459,-0.152459,0.000000,0.000000,0.076230
0.000000,0.152383,-0.152383,0.000000,0.000000,0.076191
0.000000,0.152306,-0.152306,0.000000,0.000000,0.076153
0.000000,0.152230,-0.152230,0.000000,0.000000,0.076115
0.000000,0.152153,-0.152153,0.000000,0.000000,0.076077
0.000000,0.152076,-0.152076,0.000000,0.000000,0.076038
0.000000,0.152000,-0.152000,0.000000,0.000000,0.076000
0.000000,0.151923,-0.151923,0.000000,0.000000,0.075962
0.000000,0.151846,-0.151846,0.000000,0.000000,0.075923
0.000000,0.151770,-0.151770,0.000000,0.000000,0.075885
0.000000,0.151693,-0.151693,0.000000,0.000000,0.075846
0.000000,0.151616,-0.151616,0.000000,0.000000,0.075808
0.000000,0.151539,-0.151539,0.000000,0.000000,0.075770
0.000000,0.151462,-0.151462,0.000000,0.000000,0.075731
0.000000,0.151385,-0.151385,0.000000,0.000000,0.075693
0.000000,0.151308,-0.151308,0.000000,0.000000,0.075654
0.000000,0.151231,-0.151231,0.000000,0.000000,0.075615
0.000000,0.151154,-0.151154,0.000000,0.000000,0.075577
0.000000,0.151077,-0.151077,0.000000,0.000000,0.075538
0.000000,0.150999,-0.150999,0.000000,0.000000,0.075500
0.000000,0.150922,-0.150922,0.000000,0.000000,0.075461
0.000000,0.150845,-0.150845,0.000000,0.000000,0.075422
0.000000,0.150768,-0.150768,0.000000,0.000000,0.075384
0.000000,0.150690,-0.150690,0.000000,0.000000,0.075345
0.000000,0.150613,-0.150613,0.000000,0.000000,0.075306
0.000000,0.150535,-0.150535,0.000000,0.000000,0.075268
0.000000,0.150458,-0.150458,0.000000,0.000000,0.075229
0.000000,0.150380,-0.150380,0.000000,0.000000,0.075190
0.000000,0.150303,-0.150303,0.000000,0.000000,0.075151
0.000000,0.150225,-0.150225,0.000000,0.000000,0.075113
0.000000,0.150148,-0.150148,0.000000,0.000000,0.075074
0.000000,0.150070,-0.150070,0.000000,0.000000,0.075035
0.000000,0.149992,-0.149992,0.000000,0.000000,0.074996
0.000000,0.149914,-0.149914,0.000000,0.000000,0.074957
0.000000,0.149837,-0.149837,0.000000,0.000000,0.074918
0.000000,0.149759,-0.149759,0.000000,0.000000,0.074879
0.000000,0.149681,-0.149681,0.000000,0.000000,0.074840
0.000000,0.149603,-0.149603,0.000000,0.000000,0.074801
0.000000,0.149525,-0.149525,0.000000,0.000000,0.074763
0.000000,0.149447,-0.149447,0.000000,0.000000,0.074724
0.000000,0.149369,-0.149369,0.000000,0.000000,0.074684
0.000000,0.149291,-0.149291,0.000000,0.000000,0.074645
0.000000,0.149213,-0.149213,0.000000,0.000000,0.074606
0.000000,0.149135,-0.149135,0.000000,0.000000,0.074567
0.000000,0.149056,-0.149056,0.000000,0.000000,0.074528
0.000000,0.148978,-0.148978,0.000000,0.000000,0.074489
0.000000,0.148900,-0.148900,0.000000,0.000000,0.074450
0.000000,0.148822,-0.148822,0.000000,0.000000,0.074411
0.000000,0.148743,-0.148743,0.000000,0.000000,0.074372
0.000000,0.148665,-0.148665,0.000000,0.000000,0.074332
0.000000,0.148586,-0.148586,0.000000,0.000000,0.074293
0.000000,0.148508,-0.148508,0.000000,0.000000,0.074254
0.000000,0.148429,-0.148429,0.000000,0.000000,0.074215
0.000000,0.148351,-0.148351,0.000000,0.000000,0.074175
0.000000,0.148272,-0.148272,0.000000,0.000000,0.074136
0.000000,0.148194,-0.148194,0.000000,0.000000,0.074097
0.000000,0.148115,-0.148115,0.000000,0.000000,0.074057
0.000000,0.148036,-0.148036,0.000000,0.000000,0.074018
0.000000,0.147957,-0.147957,0.000000,0.000000,0.073979
0.000000,0.147879,-0.147879,0.000000,0.000000,0.073939
0.000000,0.147800,-0.147800,0.000000,0.000000,0.073900
0.000000,0.147721,-0.147721,0.000000,0.000000,0.073860
0.000000,0.147642,-0.147642,0.000000,0.000000,0.073821
0.000000,0.147563,-0.147563,0.000000,0.000000,0.073782
0.000000,0.147484,-0.147484,0.000000,0.000000,0.073742
0.000000,0.147405,-0.147405,0.000000,0.000000,0.073703
0.000000,0.147326,-0.147326,0.000000,0.000000,0.073663
0.000000,0.147247,-0.147247,0.000000,0.000000,0.073623
0.000000,0.147168,-0.147168,0.000000,0.000000,0.073584
0.000000,0.147089,-0.147089,0.000000,0.000000,0.073544
0.000000,0.147009,-0.147009,0.000000,0.000000,0.073505
0.000000,0.146930,-0.146930,0.000000,0.000000,0.073465
0.000000,0.146851,-0.146851,0.000000,0.000000,0.073425
0.000000,0.146772,-0.146772,0.000000,0.000000,0.073386
0.000000,0.146692,-0.146692,0.000000,0.000000,0.073346
0.000000,0.146613,-0.146613,0.000000,0.000000,0.073306
0.000000,0.146533,-0.146533,0.000000,0.000000,0.073267
0.000000,0.146454,-0.146454,0.000000,0.000000,0.073227
0.000000,0.146374,-0.146374,0.000000,0.000000,0.073187
0.000000,0.146295,-0.146295,0.000000,0.000000,0.073147
0.000000,0.146215,-0.146215,0.000000,0.000000,0.073108
0.000000,0.146136,-0.146136,0.000000,0.000000,0.073068
0.000000,0.146056,-0.146056,0.000000,0.000000,0.073028
0.000000,0.145976,-0.145976,0.000000,0.000000,0.072988
0.000000,0.145896,-0.145896,0.000000,0.000000,0.072948
0.000000,0.145817,-0.145817,0.000000,0.000000,0.072908
0.000000,0.145737,-0.145737,0.000000,0.000000,0.072868
0.000000,0.145657,-0.145657,0.000000,0.000000,0.072829
0.000000,0.145577,-0.145577,0.000000,0.000000,0.072789
0.000000,0.145497,-0.145497,0.000000,0.000000,0.072749
0.000000,0.145417,-0.145417,0.000000,0.000000,0.072709
0.000000,0.145337,-0.145337,0.000000,0.000000,0.072669
0.000000,0.145257,-0.145257,0.000000,0.000000,0.072629
0.000000,0.145177,-0.145177,0.000000,0.000000,0.072589
0.000000,0.145097,-0.145097,0.000000,0.000000,0.072549
0.000000,0.145017,-0.145017,0.000000,0.000000,0.072508
0.000000,0.144937,-0.144937,0.000000,0.000000,0.072468
0.000000,0.144857,-0.144857,0.000000,0.000000,0.072428
0.000000,0.144776,-0.144776,0.000000,0.000000,0.072388
0.000000,0.144696,-0.144696,0.000000,0.000000,0.072348
0.000000,0.144616,-0.144616,0.000000,0.000000,0.072308
0.000000,0.144535,-0.144535,0.000000,0.000000,0.072268
0.000000,0.144455,-0.144455,0.000000,0.000000,0.072227
0.000000,0.144374,-0.144374,0.000000,0.000000,0.072187
0.000000,0.144294,-0.144294,0.000000,0.000000,0.072147
0.000000,0.144214,-0.144214,0.000000,0.000000,0.072107
0.000000,0.144133,-0.144133,0.000000,0.000000,0.072066
0.000000,0.144052,-0.144052,0.000000,0.000000,0.072026
0.000000,0.143972,-0.143972,0.000000,0.000000,0.071986
0.000000,0.143891,-0.143891,0.000000,0.000000,0.071946
0.000000,0.143810,-0.143810,0.000000,0.000000,0.071905
0.000000,0.143730,-0.143730,0.000000,0.000000,0.071865
0.000000,0.143649,-0.143649,0.000000,0.000000,0.071825
0.000000,0.143568,-0.143568,0.000000,0.000000,0.071784
0.000000,0.143487,-0.143487,0.000000,0.000000,0.071744
0.000000,0.143407,-0.143407,0.000000,0.000000,0.071703
0.000000,0.143326,-0.143326,0.000000,0.000000,0.071663
0.000000,0.143245,-0.143245,0.000000,0.000000,0.071622
0.000000,0.143164,-0.143164,0.000000,0.000000,0.071582
0.000000,0.143083,-0.143083,0.000000,0.000000,0.071541
0.000000,0.143002,-0.143002,0.000000,0.000000,0.071501
0.000000,0.142921,-0.142921,0.000000,0.000000,0.071460
0.000000,0.142840,-0.142840,0.000000,0.000000,0.071420
0.000000,0.142758,-0.142758,0.000000,0.000000,0.071379
0.000000,0.142677,-0.142677,0.000000,0.000000,0.071339
0.000000,0.142596,-0.142596,0.000000,0.000000,0.071298
0.000000,0.142515,-0.142515,0.000000,0.000000,0.071257
0.000000,0.142434,-0.142434,0.000000,0.000000,0.071217
0.000000,0.142352,-0.142352,0.000000,0.000000,0.071176
0.000000,0.142271,-0.142271,0.000000,0.000000,0.071135
0.000000,0.142190,-0.142190,0.000000,0.000000,0.071095
0.000000,0.142108,-0.142108,0.000000,0.000000,0.071054
0.000000,0.142027,-0.142027,0.000000,0.000000,0.071013
0.000000,0.141945,-0.141945,0.000000,0.000000,0.070973
0.000000,0.141864,-0.141864,0.000000,0.000000,0.070932
0.000000,0.141782,-0.141782,0.000000,0.000000,0.070891
0.000000,0.141701,-0.141701,0.000000,0.000000,0.070850
0.000000,0.141619,-0.141619,0.000000,0.000000,0.070810
0.000000,0.141537,-0.141537,0.000000,0.000000,0.070769
0.000000,0.141456,-0.141456,0.000000,0.000000,0.070728
0.000000,0.141374,-0.141374,0.000000,0.000000,0.070687
0.000000,0.141292,-0.141292,0.000000,0.000000,0.070646
0.000000,0.141211,-0.141211,0.000000,0.000000,0.070605
0.000000,0.141129,-0.141129,0.000000,0.000000,0.070564
0.000000,0.141047,-0.141047,0.000000,0.000000,0.070523
0.000000,0.140965,-0.140965,0.000000,0.000000,0.070482
0.000000,0.140883,-0.140883,0.000000,0.000000,0.070442
0.000000,0.140801,-0.140801,0.000000,0.000000,0.070401
0.000000,0.140719,-0.140719,0.000000,0.000000,0.070360
0.000000,0.140637,-0.140637,0.000000,0.000000,0.070319
0.000000,0.140555,-0.140555,0.000000,0.000000,0.070278
0.000000,0.140473,-0.140473,0.000000,0.000000,0.070237
0.000000,0.140391,-0.140391,0.000000,0.000000,0.070195
0.000000,0.140309,-0.140309,0.000000,0.000000,0.070154
0.000000,0.140227,-0.140227,0.000000,0.000000,0.070113
0.000000,0.140144,-0.140144,0.000000,0.000000,0.070072
0.000000,0.140062,-0.140062,0.000000,0.000000,0.070031
0.000000,0.139980,-0.139980,0.000000,0.000000,0.069990
0.000000,0.139898,-0.139898,0.000000,0.000000,0.069949
0.000000,0.139815,-0.139815,0.000000,0.000000,0.069908
0.000000,0.139733,-0.139733,0.000000,0.000000,0.069866
0.000000,0.139651,-0.139651,0.000000,0.000000,0.069825
0.000000,0.139568,-0.139568,0.000000,0.000000,0.069784
0.000000,0.139486,-0.139486,0.000000,0.000000,0.069743
0.000000,0.139403,-0.139403,0.000000,0.000000,0.069702
0.000000,0.139321,-0.139321,0.000000,0.000000,0.069660
0.000000,0.139238,-0.139238,0.000000,0.000000,0.069619
0.000000,0.139156,-0.139156,0.000000,0.000000,0.069578
0.000000,0.139073,-0.139073,0.000000,0.000000,0.069536
0.000000,0.138990,-0.138990,0.000000,0.000000,0.069495
0.000000,0.138908,-0.138908,0.000000,0.000000,0.069454
0.000000,0.138825,-0.138825,0.000000,0.000000,0.069412
0.000000,0.138742,-0.138742,0.000000,0.000000,0.069371
0.000000,0.138659,-0.138659,0.000000,0.000000,0.069330
0.000000,0.138577,-0.138577,0.000000,0.000000,0.069288
0.000000,0.138494,-0.138494,0.000000,0.000000,0.069247
0.000000,0.138411,-0.138411,0.000000,0.000000,0.069205
0.000000,0.138328,-0.138328,0.000000,0.000000,0.069164
0.000000,0.138245,-0.138245,0.000000,0.000000,0.069123
0.000000,0.138162,-0.138162,0.000000,0.000000,0.069081
0.000000,0.138079,-0.138079,0.000000,0.000000,0.069040
0.000000,0.137996,-0.137996,0.000000,0.000000,0.068998
0.000000,0.137913,-0.137913,0.000000,0.000000,0.068956
0.000000,0.137830,-0.137830,0.000000,0.000000,0.068915
0.000000,0.137747,-0.137747,0.000000,0.000000,0.068873
0.000000,0.137664,-0.137664,0.000000,0.000000,0.068832
0.000000,0.137580,-0.137580,0.000000,0.000000,0.068790
0.000000,0.137497,-0.137497,0.000000,0.000000,0.068749
0.000000,0.137414,-0.137414,0.000000,0.000000,0.068707
0.000000,0.137331,-0.137331,0.000000,0.000000,0.068665
0.000000,0.137247,-0.137247,0.000000,0.000000,0.068624
0.000000,0.137164,-0.137164,0.000000,0.000000,0.068582
0.000000,0.137081,-0.137081,0.000000,0.000000,0.068540
0.000000,0.136997,-0.136997,0.000000,0.000000,0.068499
0.000000,0.136914,-0.136914,0.000000,0.000000,0.068457
0.000000,0.136831,-0.136831,0.000000,0.000000,0.068415
0.000000,0.136747,-0.136747,0.000000,0.000000,0.068374
0.000000,0.136664,-0.136664,0.000000,0.000000,0.068332
0.000000,0.136580,-0.136580,0.000000,0.000000,0.068290
0.000000,0.136496,-0.136496,0.000000,0.000000,0.068248
0.000000,0.136413,-0.136413,0.000000,0.000000,0.068206
0.000000,0.136329,-0.136329,0.000000,0.000000,0.068165
0.000000,0.136246,-0.136246,0.000000,0.000000,0.068123
0.000000,0.136162,-0.136162,0.000000,0.000000,0.068081
0.000000,0.136078,-0.136078,0.000000,0.000000,0.068039
0.000000,0.135995,-0.135995,0.000000,0.000000,0.067997
0.000000,0.135911,-0.135911,0.000000,0.000000,0.067955
0.000000,0.135827,-0.135827,0.000000,0.000000,0.067913
0.000000,0.135743,-0.135743,0.000000,0.000000,0.067872
0.000000,0.135659,-0.135659,0.000000,0.000000,0.067830
0.000000,0.135575,-0.135575,0.000000,0.000000,0.067788
0.000000,0.135491,-0.135491,0.000000,0.000000,0.067746
0.000000,0.135408,-0.135408,0.000000,0.000000,0.067704
0.000000,0.135324,-0.135324,0.000000,0.000000,0.067662
0.000000,0.135240,-0.135240,0.000000,0.000000,0.067620
0.000000,0.135156,-0.135156,0.000000,0.000000,0.067578
0.000000,0.135071,-0.135071,0.000000,0.000000,0.067536
0.000000,0.134987,-0.134987,0.000000,0.000000,0.067494
0.000000,0.134903,-0.134903,0.000000,0.000000,0.067452
0.000000,0.134819,-0.134819,0.000000,0.000000,0.067410
0.000000,0.134735,-0.134735,0.000000,0.000000,0.067368
0.000000,0.134651,-0.134651,0.000000,0.000000,0.067325
0.000000,0.134567,-0.134567,0.000000,0.000000,0.067283
0.000000,0.134482,-0.134482,0.000000,0.000000,0.067241
0.000000,0.134398,-0.134398,0.000000,0.000000,0.067199
0.000000,0.134314,-0.134314,0.000000,0.000000,0.067157
0.000000,0.134229,-0.134229,0.000000,0.000000,0.067115
0.000000,0.134145,-0.134145,0.000000,0.000000,0.067073
0.000000,0.134061,-0.134061,0.000000,0.000000,0.067030
0.000000,0.133976,-0.133976,0.000000,0.000000,0.066988
0.000000,0.133892,-0.133892,0.000000,0.000000,0.066946
0.000000,0.133807,-0.133807,0.000000,0.000000,0.066904
0.000000,0.133723,-0.133723,0.000000,0.000000,0.066861
0.000000,0.133638,-0.133638,0.000000,0.000000,0.066819
0.000000,0.133554,-0.133554,0.000000,0.000000,0.066777
0.000000,0.133469,-0.133469,0.000000,0.000000,0.066735
0.000000,0.133385,-0.133385,0.000000,0.000000,0.066692
0.000000,0.133300,-0.133300,0.000000,0.000000,0.066650
0.000000,0.133215,-0.133215,0.000000,0.000000,0.066608
0.000000,0.133131,-0.133131,0.000000,0.000000,0.066565
0.000000,0.133046,-0.133046,0.000000,0.000000,0.066523
0.000000,0.132961,-0.132961,0.000000,0.000000,0.066481
0.000000,0.132876,-0.132876,0.000000,0.000000,0.066438
0.000000,0.132792,-0.132792,0.000000,0.000000,0.066396
0.000000,0.132707,-0.132707,0.000000,0.000000,0.066353
0.000000,0.132622,-0.132622,0.000000,0.000000,0.066311
0.000000,0.132537,-0.132537,0.000000,0.000000,0.066269
0.000000,0.132452,-0.132452,0.000000,0.000000,0.066226
0.000000,0.132367,-0.132367,0.000000,0.000000,0.066184
0.000000,0.132282,-0.132282,0.000000,0.000000,0.066141
0.000000,0.132197,-0.132197,0.000000,0.000000,0.066099
0.000000,0.132112,-0.132112,0.000000,0.000000,0.066056
0.000000,0.132027,-0.132027,0.000000,0.000000,0.066014
0.000000,0.131942,-0.131942,0.000000,0.000000,0.065971
0.000000,0.131857,-0.131857,0.000000,0.000000,0.065929
0.000000,0.131772,-0.131772,0.000000,0.000000,0.065886
0.000000,0.131687,-0.131687,0.000000,0.000000,0.065843
0.000000,0.131602,-0.131602,0.000000,0.000000,0.065801
0.000000,0.131517,-0.131517,0.000000,0.000000,0.065758
0.000000,0.131431,-0.131431,0.000000,0.000000,0.065716
0.000000,0.131346,-0.131346,0.000000,0.000000,0.065673
0.000000,0.131261,-0.131261,0.000000,0.000000,0.065630
0.000000,0.131176,-0.131176,0.000000,0.000000,0.065588
0.000000,0.131090,-0.131090,0.000000,0.000000,0.065545
0.000000,0.131005,-0.131005,0.000000,0.000000,0.065502
0.000000,0.130920,-0.130920,0.000000,0.000000,0.065460
0.000000,0.130834,-0.130834,0.000000,0.000000,0.065417
0.000000,0.130749,-0.130749,0.000000,0.000000,0.065374
0.000000,0.130663,-0.130663,0.000000,0.000000,0.065332
0.000000,0.130578,-0.130578,0.000000,0.000000,0.065289
0.000000,0.130492,-0.130492,0.000000,0.000000,0.065246
0.000000,0.130407,-0.130407,0.000000,0.000000,0.065203
0.000000,0.130321,-0.130321,0.000000,0.000000,0.065161
0.000000,0.130236,-0.130236,0.000000,0.000000,0.065118
0.000000,0.130150,-0.130150,0.000000,0.000000,0.065075
0.000000,0.130065,-0.130065,0.000000,0.000000,0.065032
0.000000,0.129979,-0.129979,0.000000,0.000000,0.064990
0.000000,0.129893,-0.129893,0.000000,0.000000,0.064947
0.000000,0.129808,-0.129808,0.000000,0.000000,0.064904
0.000000,0.129722,-0.129722,0.000000,0.000000,0.064861
0.000000,0.129636,-0.129636,0.000000,0.000000,0.064818
0.000000,0.129551,-0.129551,0.000000,0.000000,0.064775
0.000000,0.129465,-0.129465,0.000000,0.000000,0.064732
0.000000,0.129379,-0.129379,0.000000,0.000000,0.064689
0.000000,0.129293,-0.129293,0.000000,0.000000,0.064647
0.000000,0.129207,-0.129207,0.000000,0.000000,0.064604
0.000000,0.129121,-0.129121,0.000000,0.000000,0.064561
0.000000,0.129036,-0.129036,0.000000,0.000000,0.064518
0.000000,0.128950,-0.128950,0.000000,0.000000,0.064475
0.000000,0.128864,-0.128864,0.000000,0.000000,0.064432
0.000000,0.128778,-0.128778,0.000000,0.000000,0.064389
0.000000,0.128692,-0.128692,0.000000,0.000000,0.064346
0.000000,0.128606,-0.128606,0.000000,0.000000,0.064303
0.000000,0.128520,-0.128520,0.000000,0.000000,0.064260
0.000000,0.128434,-0.128434,0.000000,0.000000,0.064217
0.000000,0.128348,-0.128348,0.000000,0.000000,0.064174
0.000000,0.128262,-0.128262,0.000000,0.000000,0.064131
0.000000,0.128175,-0.128175,0.000000,0.000000,0.064088
0.000000,0.128089,-0.128089,0.000000,0.000000,0.064045
0.000000,0.128003,-0.128003,0.000000,0.000000,0.064002
0.000000,0.127917,-0.127917,0.000000,0.000000,0.063958
0.000000,0.127831,-0.127831,0.000000,0.000000,0.063915
0.000000,0.127744,-0.127744,0.000000,0.000000,0.063872
0.000000,0.127658,-0.127658,0.000000,0.000000,0.063829
0.000000,0.127572,-0.127572,0.000000,0.000000,0.063786
0.000000,0.127486,-0.127486,0.000000,0.000000,0.063743
0.000000,0.127399,-0.127399,0.000000,0.000000,0.063700
0.000000,0.127313,-0.127313,0.000000,0.000000,0.063656
0.000000,0.127227,-0.127227,0.000000,0.000000,0.063613
0.000000,0.127140,-0.127140,0.000000,0.000000,0.063570
0.000000,0.127054,-0.127054,0.000000,0.000000,0.063527
0.000000,0.126967,-0.126967,0.000000,0.000000,0.063484
0.000000,0.126881,-0.126881,0.000000,0.000000,0.063440
0.000000,0.126794,-0.126794,0.000000,0.000000,0.063397
0.000000,0.126708,-0.126708,0.000000,0.000000,0.063354
0.000000,0.126621,-0.126621,0.000000,0.000000,0.063311
0.000000,0.126535,-0.126535,0.000000,0.000000,0.063267
0.000000,0.126448,-0.126448,0.000000,0.000000,0.063224
0.000000,0.126362,-0.126362,0.000000,0.000000,0.063181
0.000000,0.126275,-0.126275,0.000000,0.000000,0.063138
0.000000,0.126189,-0.126189,0.000000,0.000000,0.063094
0.000000,0.126102,-0.126102,0.000000,0.000000,0.063051
0.000000,0.126015,-0.126015,0.000000,0.000000,0.063008
0.000000,0.125929,-0.125929,0.000000,0.000000,0.062964
0.000000,0.125842,-0.125842,0.000000,0.000000,0.062921
0.000000,0.125755,-0.125755,0.000000,0.000000,0.062878
0.000000,0.125668,-0.125668,0.000000,0.000000,0.062834
0.000000,0.125582,-0.125582,0.000000,0.000000,0.062791
0.000000,0.125495,-0.125495,0.000000,0.000000,0.062747
0.000000,0.125408,-0.125408,0.000000,0.000000,0.062704
0.000000,0.125321,-0.125321,0.000000,0.000000,0.062661
0.000000,0.125234,-0.125234,0.000000,0.000000,0.062617
0.000000,0.125147,-0.125147,0.000000,0.000000,0.062574
0.000000,0.125060,-0.125060,0.000000,0.000000,0.062530
0.000000,0.124974,-0.124974,0.000000,0.000000,0.062487
0.000000,0.124887,-0.124887,0.000000,0.000000,0.062443
0.000000,0.124800,-0.124800,0.000000,0.000000,0.062400
0.000000,0.124713,-0.124713,0.000000,0.000000,0.062356
0.000000,0.124626,-0.124626,0.000000,0.000000,0.062313
0.000000,0.124539,-0.124539,0.000000,0.000000,0.062269
0.000000,0.124452,-0.124452,0.000000,0.000000,0.062226
0.000000,0.124365,-0.124365,0.000000,0.000000,0.062182
0.000000,0.124278,-0.124278,0.000000,0.000000,0.062139
0.000000,0.124190,-0.124190,0.000000,0.000000,0.062095
0.000000,0.124103,-0.124103,0.000000,0.000000,0.062052
0.000000,0.124016,-0.124016,0.000000,0.000000,0.062008
0.000000,0.123929,-0.123929,0.000000,0.000000,0.061965
0.000000,0.123842,-0.123842,0.000000,0.000000,0.061921
0.000000,0.123755,-0.123755,0.000000,0.000000,0.061877
0.000000,0.123667,-0.123667,0.000000,0.000000,0.061834
0.000000,0.123580,-0.123580,0.000000,0.000000,0.061790
0.000000,0.123493,-0.123493,0.000000,0.000000,0.061747
0.000000,0.123406,-0.123406,0.000000,0.000000,0.061703
0.000000,0.123318,-0.123318,0.000000,0.000000,0.061659
0.000000,0.123231,-0.123231,0.000000,0.000000,0.061616
0.000000,0.123144,-0.123144,0.000000,0.000000,0.061572
0.000000,0.123056,-0.123056,0.000000,0.000000,0.061528
0.000000,0.122969,-0.122969,0.000000,0.000000,0.061485
0.000000,0.122882,-0.122882,0.000000,0.000000,0.061441
0.000000,0.122794,-0.122794,0.000000,0.000000,0.061397
0.000000,0.122707,-0.122707,0.000000,0.000000,0.061353
0.000000,0.122620,-0.122620,0.000000,0.000000,0.061310
0.000000,0.122532,-0.122532,0.000000,0.000000,0.061266
0.000000,0.122445,-0.122445,0.000000,0.000000,0.061222
0.000000,0.122357,-0.122357,0.000000,0.000000,0.061179
0.000000,0.122270,-0.122270,0.000000,0.000000,0.061135
0.000000,0.122182,-0.122182,0.000000,0.000000,0.061091
0.000000,0.122095,-0.122095,0.000000,0.000000,0.061047
0.000000,0.122007,-0.122007,0.000000,0.000000,0.061003
0.000000,0.121919,-0.121919,0.000000,0.000000,0.060960
0.000000,0.121832,-0.121832,0.000000,0.000000,0.060916
0.000000,0.121744,-0.121744,0.000000,0.000000,0.060872
0.000000,0.121657,-0.121657,0.000000,0.000000,0.060828
0.000000,0.121569,-0.121569,0.000000,0.000000,0.060784
0.000000,0.121481,-0.121481,0.000000,0.000000,0.060741
0.000000,0.121394,-0.121394,0.000000,0.000000,0.060697
0.000000,0.121306,-0.121306,0.000000,0.000000,0.060653
0.000000,0.121218,-0.121218,0.000000,0.000000,0.060609
0.000000,0.121130,-0.121130,0.000000,0.000000,0.060565
0.000000,0.121043,-0.121043,0.000000,0.000000,0.060521
0.000000,0.120955,-0.120955,0.000000,0.000000,0.060477
0.000000,0.120867,-0.120867,0.000000,0.000000,0.060434
0.000000,0.120779,-0.120779,0.000000,0.000000,0.060390
0.000000,0.120691,-0.120691,0.000000,0.000000,0.060346
0.000000,0.120604,-0.120604,0.000000,0.000000,0.060302
0.000000,0.120516,-0.120516,0.000000,0.000000,0.060258
0.000000,0.120428,-0.120428,0.000000,0.000000,0.060214
0.000000,0.120340,-0.120340,0.000000,0.000000,0.060170
0.000000,0.120252,-0.120252,0.000000,0.000000,0.060126
0.000000,0.120164,-0.120164,0.000000,0.000000,0.060082
0.000000,0.120076,-0.120076,0.000000,0.000000,0.060038
0.000000,0.119988,-0.119988,0.000000,0.000000,0.059994
0.000000,0.119900,-0.119900,0.000000,0.000000,0.059950
0.000000,0.119812,-0.119812,0.000000,0.000000,0.059906
0.000000,0.119724,-0.119724,0.000000,0.000000,0.059862
0.000000,0.119636,-0.119636,0.000000,0.000000,0.059818
0.000000,0.119548,-0.119548,0.000000,0.000000,0.059774
0.000000,0.119460,-0.119460,0.000000,0.000000,0.059730
0.000000,0.119372,-0.119372,0.000000,0.000000,0.059686
0.000000,0.119284,-0.119284,0.000000,0.000000,0.059642
0.000000,0.119196,-0.119196,0.000000,0.000000,0.059598
0.000000,0.119108,-0.119108,0.000000,0.000000,0.059554
0.000000,0.119020,-0.119020,0.000000,0.000000,0.059510
0.000000,0.118932,-0.118932,0.000000,0.000000,0.059466
0.000000,0.118844,-0.118844,0.000000,0.000000,0.059422
0.000000,0.118755,-0.118755,0.000000,0.000000,0.059378
0.000000,0.118667,-0.118667,0.000000,0.000000,0.059334
0.000000,0.118579,-0.118579,0.000000,0.000000,0.059290
0.000000,0.118491,-0.118491,0.000000,0.000000,0.059245
0.000000,0.118403,-0.118403,0.000000,0.000000,0.059201
0.000000,0.118314,-0.118314,0.000000,0.000000,0.059157
0.000000,0.118226,-0.118226,0.000000,0.000000,0.059113
0.000000,0.118138,-0.118138,0.000000,0.000000,0.059069
0.000000,0.118050,-0.118050,0.000000,0.000000,0.059025
0.000000,0.117961,-0.117961,0.000000,0.000000,0.058981
0.000000,0.117873,-0.117873,0.000000,0.000000,0.058936
0.000000,0.117785,-0.117785,0.000000,0.000000,0.058892
0.000000,0.117696,-0.117696,0.000000,0.000000,0.058848
0.000000,0.117608,-0.117608,0.000000,0.000000,0.058804
0.000000,0.117520,-0.117520,0.000000,0.000000,0.058760
0.000000,0.117431,-0.117431,0.000000,0.000000,0.058716
0.000000,0.117343,-0.117343,0.000000,0.000000,0.058671
0.000000,0.117254,-0.117254,0.000000,0.000000,0.058627
0.000000,0.117166,-0.117166,0.000000,0.000000,0.058583
0.000000,0.117077,-0.117077,0.000000,0.000000,0.058539
0.000000,0.116989,-0.116989,0.000000,0.000000,0.058494
0.000000,0.116901,-0.116901,0.000000,0.000000,0.058450
0.000000,0.116812,-0.116812,0.000000,0.000000,0.058406
0.000000,0.116724,-0.116724,0.000000,0.000000,0.058362
0.000000,0.116635,-0.116635,0.000000,0.000000,0.058318
0.000000,0.116546,-0.116546,0.000000,0.000000,0.058273
0.000000,0.116458,-0.116458,0.000000,0.000000,0.058229
0.000000,0.116369,-0.116369,0.000000,0.000000,0.058185
0.000000,0.116281,-0.116281,0.000000,0.000000,0.058140
0.000000,0.116192,-0.116192,0.000000,0.000000,0.058096
0.000000,0.116104,-0.116104,0.000000,0.000000,0.058052
0.000000,0.116015,-0.116015,0.000000,0.000000,0.058008
0.000000,0.115926,-0.115926,0.000000,0.000000,0.057963
0.000000,0.115838,-0.115838,0.000000,0.000000,0.057919
0.000000,0.115749,-0.115749,0.000000,0.000000,0.057875
0.000000,0.115661,-0.115661,0.000000,0.000000,0.057830
0.000000,0.115572,-0.115572,0.000000,0.000000,0.057786
0.000000,0.115483,-0.115483,0.000000,0.000000,0.057742
0.000000,0.115394,-0.115394,0.000000,0.000000,0.057697
0.000000,0.115306,-0.115306,0.000000,0.000000,0.057653
0.000000,0.115217,-0.115217,0.000000,0.000000,0.057609
0.000000,0.115128,-0.115128,0.000000,0.000000,0.057564
0.000000,0.115040,-0.115040,0.000000,0.000000,0.057520
0.000000,0.114951,-0.114951,0.000000,0.000000,0.057475
0.000000,0.114862,-0.114862,0.000000,0.000000,0.057431
0.000000,0.114773,-0.114773,0.000000,0.000000,0.057387
0.000000,0.114684,-0.114684,0.000000,0.000000,0.057342
0.000000,0.114596,-0.114596,0.000000,0.000000,0.057298
0.000000,0.114507,-0.114507,0.000000,0.000000,0.057253
0.000000,0.114418,-0.114418,0.000000,0.000000,0.057209
0.000000,0.114329,-0.114329,0.000000,0.000000,0.057165
0.000000,0.114240,-0.114240,0.000000,0.000000,0.057120
0.000000,0.114152,-0.114152,0.000000,0.000000,0.057076
0.000000,0.114063,-0.114063,0.000000,0.000000,0.057031
0.000000,0.113974,-0.113974,0.000000,0.000000,0.056987
0.000000,0.113885,-0.113885,0.000000,0.000000,0.056942
0.000000,0.113796,-0.113796,0.000000,0.000000,0.056898
0.000000,0.113707,-0.113707,0.000000,0.000000,0.056854
0.000000,0.113618,-0.113618,0.000000,0.000000,0.056809
0.000000,0.113529,-0.113529,0.000000,0.000000,0.056765
0.000000,0.113440,-0.113440,0.000000,0.000000,0.056720
0.000000,0.113351,-0.113351,0.000000,0.000000,0.056676
0.000000,0.113262,-0.113262,0.000000,0.000000,0.056631
0.000000,0.113173,-0.113173,0.000000,0.000000,0.056587
0.000000,0.113084,-0.113084,0.000000,0.000000,0.056542
0.000000,0.112995,-0.112995,0.000000,0.000000,0.056498
0.000000,0.112906,-0.112906,0.000000,0.000000,0.056453
0.000000,0.112817,-0.112817,0.000000,0.000000,0.056409
0.000000,0.112728,-0.112728,0.000000,0.000000,0.056364
0.000000,0.112639,-0.112639,0.000000,0.000000,0.056320
0.000000,0.112550,-0.112550,0.000000,0.000000,0.056275
0.000000,0.112461,-0.112461,0.000000,0.000000,0.056231
0.000000,0.112372,-0.112372,0.000000,0.000000,0.056186
0.000000,0.112283,-0.112283,0.000000,0.000000,0.056141
0.000000,0.112194,-0.112194,0.000000,0.000000,0.056097
0.000000,0.112105,-0.112105,0.000000,0.000000,0.056052
0.000000,0.112016,-0.112016,0.000000,0.000000,0.056008
0.000000,0.111926,-0.111926,0.000000,0.000000,0.055963
0.000000,0.111837,-0.111837,0.000000,0.000000,0.055919
0.000000,0.111748,-0.111748,0.000000,0.000000,0.055874
0.000000,0.111659,-0.111659,0.000000,0.000000,0.055830
0.000000,0.111570,-0.111570,0.000000,0.000000,0.055785
0.000000,0.111481,-0.111481,0.000000,0.000000,0.055740
0.000000,0.111392,-0.111392,0.000000,0.000000,0.055696
0.000000,0.111302,-0.111302,0.000000,0.000000,0.055651
0.000000,0.111213,-0.111213,0.000000,0.000000,0.055607
0.000000,0.111124,-0.111124,0.000000,0.000000,0.055562
0.000000,0.111035,-0.111035,0.000000,0.000000,0.055517
0.000000,0.110946,-0.110946,0.000000,0.000000,0.055473
0.000000,0.110856,-0.110856,0.000000,0.000000,0.055428
0.000000,0.110767,-0.110767,0.000000,0.000000,0.055384
0.000000,0.110678,-0.110678,0.000000,0.000000,0.055339
0.000000,0.110589,-0.110589,0.000000,0.000000,0.055294
0.000000,0.110499,-0.110499,0.000000,0.000000,0.055250
0.000000,0.110410,-0.110410,0.000000,0.000000,0.055205
0.000000,0.110321,-0.110321,0.000000,0.000000,0.055160
0.000000,0.110231,-0.110231,0.000000,0.000000,0.055116
0.000000,0.110142,-0.110142,0.000000,0.000000,0.055071
0.000000,0.110053,-0.110053,0.000000,0.000000,0.055026
0.000000,0.109963,-0.109963,0.000000,0.000000,0.054982
0.000000,0.109874,-0.109874,0.000000,0.000000,0.054937
0.000000,0.109785,-0.109785,0.000000,0.000000,0.054892
0.000000,0.109695,-0.109695,0.000000,0.000000,0.054848
0.000000,0.109606,-0.109606,0.000000,0.000000,0.054803
0.000000,0.109517,-0.109517,0.000000,0.000000,0.054758
0.000000,0.109427,-0.109427,0.000000,0.000000,0.054714
0.000000,0.109338,-0.109338,0.000000,0.000000,0.054669
0.000000,0.109249,-0.109249,0.000000,0.000000,0.054624
0.000000,0.109159,-0.109159,0.000000,0.000000,0.054580
0.000000,0.109070,-0.109070,0.000000,0.000000,0.054535
0.000000,0.108980,-0.108980,0.000000,0.000000,0.054490
0.000000,0.108891,-0.108891,0.000000,0.000000,0.054446
0.000000,0.108802,-0.108802,0.000000,0.000000,0.054401
0.000000,0.108712,-0.108712,0.000000,0.000000,0.054356
0.000000,0.108623,-0.108623,0.000000,0.000000,0.054311
0.000000,0.108533,-0.108533,0.000000,0.000000,0.054267
0.000000,0.108444,-0.108444,0.000000,0.000000,0.054222
0.000000,0.108354,-0.108354,0.000000,0.000000,0.054177
0.000000,0.108265,-0.108265,0.000000,0.000000,0.054132
0.000000,0.108176,-0.108176,0.000000,0.000000,0.054088
0.000000,0.108086,-0.108086,0.000000,0.000000,0.054043
0.000000,0.107997,-0.107997,0.000000,0.000000,0.053998
0.000000,0.107907,-0.107907,0.000000,0.000000,0.053954
0.000000,0.107818,-0.107818,0.000000,0.000000,0.053909
0.000000,0.107728,-0.107728,0.000000,0.000000,0.053864
0.000000,0.107639,-0.107639,0.000000,0.000000,0.053819
0.000000,0.107549,-0.107549,0.000000,0.000000,0.053775
0.000000,0.107460,-0.107460,0.000000,0.000000,0.053730
0.000000,0.107370,-0.107370,0.000000,0.000000,0.053685
0.000000,0.107281,-0.107281,0.000000,0.000000,0.053640
0.000000,0.107191,-0.107191,0.000000,0.000000,0.053595
0.000000,0.107101,-0.107101,0.000000,0.000000,0.053551
0.000000,0.107012,-0.107012,0.000000,0.000000,0.053506
0.000000,0.106922,-0.106922,0.000000,0.000000,0.053461
0.000000,0.106833,-0.106833,0.000000,0.000000,0.053416
0.000000,0.106743,-0.106743,0.000000,0.000000,0.053372
0.000000,0.106654,-0.106654,0.000000,0.000000,0.053327
0.000000,0.106564,-0.106564,0.000000,0.000000,0.053282
0.000000,0.106475,-0.106475,0.000000,0.000000,0.053237
0.000000,0.106385,-0.106385,0.000000,0.000000,0.053192
0.000000,0.106295,-0.106295,0.000000,0.000000,0.053148
0.000000,0.106206,-0.106206,0.000000,0.000000,0.053103
0.000000,0.106116,-0.106116,0.000000,0.000000,0.053058
0.000000,0.106027,-0.106027,0.000000,0.000000,0.053013
0.000000,0.105937,-0.105937,0.000000,0.000000,0.052968
0.000000,0.105847,-0.105847,0.000000,0.000000,0.052924
0.000000,0.105758,-0.105758,0.000000,0.000000,0.052879
0.000000,0.105668,-0.105668,0.000000,0.000000,0.052834
0.000000,0.105578,-0.105578,0.000000,0.000000,0.052789
0.000000,0.105489,-0.105489,0.000000,0.000000,0.052744
0.000000,0.105399,-0.105399,0.000000,0.000000,0.052700
0.000000,0.105310,-0.105310,0.000000,0.000000,0.052655
0.000000,0.105220,-0.105220,0.000000,0.000000,0.052610
0.000000,0.105130,-0.105130,0.000000,0.000000,0.052565
0.000000,0.105041,-0.105041,0.000000,0.000000,0.052520
0.000000,0.104951,-0.104951,0.000000,0.000000,0.052475
0.000000,0.104861,-0.104861,0.000000,0.000000,0.052431
0.000000,0.104772,-0.104772,0.000000,0.000000,0.052386
0.000000,0.104682,-0.104682,0.000000,0.000000,0.052341
0.000000,0.104592,-0.104592,0.000000,0.000000,0.052296
0.000000,0.104503,-0.104503,0.000000,0.000000,0.052251
0.000000,0.104413,-0.104413,0.000000,0.000000,0.052206
0.000000,0.104323,-0.104323,0.000000,0.000000,0.052162
0.000000,0.104234,-0.104234,0.000000,0.000000,0.052117
0.000000,0.104144,-0.104144,0.000000,0.000000,0.052072
0.000000,0.104054,-0.104054,0.000000,0.000000,0.052027
0.000000,0.103964,-0.103964,0.000000,0.000000,0.051982
0.000000,0.103875,-0.103875,0.000000,0.000000,0.051937
0.000000,0.103785,-0.103785,0.000000,0.000000,0.051893
0.000000,0.103695,-0.103695,0.000000,0.000000,0.051848
0.000000,0.103606,-0.103606,0.000000,0.000000,0.051803
0.000000,0.103516,-0.103516,0.000000,0.000000,0.051758
0.000000,0.103426,-0.103426,0.000000,0.000000,0.051713
0.000000,0.103337,-0.103337,0.000000,0.000000,0.051668
0.000000,0.103247,-0.103247,0.000000,0.000000,0.051623
0.000000,0.103157,-0.103157,0.000000,0.000000,0.051579
0.000000,0.103067,-0.103067,0.000000,0.000000,0.051534
0.000000,0.102978,-0.102978,0.000000,0.000000,0.051489
0.000000,0.102888,-0.102888,0.000000,0.000000,0.051444
0.000000,0.102798,-0.102798,0.000000,0.000000,0.051399
0.000000,0.102708,-0.102708,0.000000,0.000000,0.051354
0.000000,0.102619,-0.102619,0.000000,0.000000,0.051309
0.000000,0.102529,-0.102529,0.000000,0.000000,0.051264
0.000000,0.102439,-0.102439,0.000000,0.000000,0.051220
0.000000,0.102349,-0.102349,0.000000,0.000000,0.051175
0.000000,0.102260,-0.102260,0.000000,0.000000,0.051130
0.000000,0.102170,-0.102170,0.000000,0.000000,0.051085
0.000000,0.102080,-0.102080,0.000000,0.000000,0.051040
0.000000,0.101990,-0.101990,0.000000,0.000000,0.050995
0.000000,0.101901,-0.101901,0.000000,0.000000,0.050950
0.000000,0.101811,-0.101811,0.000000,0.000000,0.050905
0.000000,0.101721,-0.101721,0.000000,0.000000,0.050861
0.000000,0.101631,-0.101631,0.000000,0.000000,0.050816
0.000000,0.101542,-0.101542,0.000000,0.000000,0.050771
0.000000,0.101452,-0.101452,0.000000,0.000000,0.050726
0.000000,0.101362,-0.101362,0.000000,0.000000,0.050681
0.000000,0.101272,-0.101272,0.000000,0.000000,0.050636
0.000000,0.101183,-0.101183,0.000000,0.000000,0.050591
0.000000,0.101093,-0.101093,0.000000,0.000000,0.050546
0.000000,0.101003,-0.101003,0.000000,0.000000,0.050502
0.000000,0.100913,-0.100913,0.000000,0.000000,0.050457
0.000000,0.100824,-0.100824,0.000000,0.000000,0.050412
0.000000,0.100734,-0.100734,0.000000,0.000000,0.050367
0.000000,0.100644,-0.100644,0.000000,0.000000,0.050322
0.000000,0.100554,-0.100554,0.000000,0.000000,0.050277
0.000000,0.100465,-0.100465,0.000000,0.000000,0.050232
0.000000,0.100375,-0.100375,0.000000,0.000000,0.050187
0.000000,0.100285,-0.100285,0.000000,0.000000,0.050143
0.000000,0.100195,-0.100195,0.000000,0.000000,0.050098
0.000000,0.100105,-0.100105,0.000000,0.000000,0.050053
0.000000,0.100016,-0.100016,0.000000,0.000000,0.050008
0.000000,0.099926,-0.099926,0.000000,0.000000,0.049963
0.000000,0.099836,-0.099836,0.000000,0.000000,0.049918
0.000000,0.099746,-0.099746,0.000000,0.000000,0.049873
0.000000,0.099657,-0.099657,0.000000,0.000000,0.049828
0.000000,0.099567,-0.099567,0.000000,0.000000,0.049783
0.000000,0.099477,-0.099477,0.000000,0.000000,0.049739
0.000000,0.099387,-0.099387,0.000000,0.000000,0.049694
0.000000,0.099298,-0.099298,0.000000,0.000000,0.049649
0.000000,0.099208,-0.099208,0.000000,0.000000,0.049604
0.000000,0.099118,-0.099118,0.000000,0.000000,0.049559
0.000000,0.099028,-0.099028,0.000000,0.000000,0.049514
0.000000,0.098939,-0.098939,0.000000,0.000000,0.049469
0.000000,0.098849,-0.098849,0.000000,0.000000,0.049424
0.000000,0.098759,-0.098759,0.000000,0.000000,0.049379
0.000000,0.098669,-0.098669,0.000000,0.000000,0.049335
0.000000,0.098579,-0.098579,0.000000,0.000000,0.049290
0.000000,0.098490,-0.098490,0.000000,0.000000,0.049245
0.000000,0.098400,-0.098400,0.000000,0.000000,0.049200
0.000000,0.098310,-0.098310,0.000000,0.000000,0.049155
0.000000,0.098220,-0.098220,0.000000,0.000000,0.049110
0.000000,0.098131,-0.098131,0.000000,0.000000,0.049065
0.000000,0.098041,-0.098041,0.000000,0.000000,0.049020
0.000000,0.097951,-0.097951,0.000000,0.000000,0.048976
0.000000,0.097861,-0.097861,0.000000,0.000000,0.048931
0.000000,0.097772,-0.097772,0.000000,0.000000,0.048886
0.000000,0.097682,-0.097682,0.000000,0.000000,0.048841
0.000000,0.097592,-0.097592,0.000000,0.000000,0.048796
0.000000,0.097502,-0.097502,0.000000,0.000000,0.048751
0.000000,0.097413,-0.097413,0.000000,0.000000,0.048706
0.000000,0.097323,-0.097323,0.000000,0.000000,0.048661
0.000000,0.097233,-0.097233,0.000000,0.000000,0.048617
0.000000,0.097143,-0.097143,0.000000,0.000000,0.048572
0.000000,0.097054,-0.097054,0.000000,0.000000,0.048527
0.000000,0.096964,-0.096964,0.000000,0.000000,0.048482
0.000000,0.096874,-0.096874,0.000000,0.000000,0.048437
0.000000,0.096785,-0.096785,0.000000,0.000000,0.048392
0.000000,0.096695,-0.096695,0.000000,0.000000,0.048347
0.000000,0.096605,-0.096605,0.000000,0.000000,0.048303
0.000000,0.096515,-0.096515,0.000000,0.000000,0.048258
0.000000,0.096426,-0.096426,0.000000,0.000000,0.048213
0.000000,0.096336,-0.096336,0.000000,0.000000,0.048168
0.000000,0.096246,-0.096246,0.000000,0.000000,0.048123
0.000000,0.096157,-0.096157,0.000000,0.000000,0.048078
0.000000,0.096067,-0.096067,0.000000,0.000000,0.048033
0.000000,0.095977,-0.095977,0.000000,0.000000,0.047989
0.000000,0.095888,-0.095888,0.000000,0.000000,0.047944
0.000000,0.095798,-0.095798,0.000000,0.000000,0.047899
0.000000,0.095708,-0.095708,0.000000,0.000000,0.047854
0.000000,0.095618,-0.095618,0.000000,0.000000,0.047809
0.000000,0.095529,-0.095529,0.000000,0.000000,0.047764
0.000000,0.095439,-0.095439,0.000000,0.000000,0.047720
0.000000,0.095349,-0.095349,0.000000,0.000000,0.047675
0.000000,0.095260,-0.095260,0.000000,0.000000,0.047630
0.000000,0.095170,-0.095170,0.000000,0.000000,0.047585
0.000000,0.095080,-0.095080,0.000000,0.000000,0.047540
0.000000,0.094991,-0.094991,0.000000,0.000000,0.047495
0.000000,0.094901,-0.094901,0.000000,0.000000,0.047451
0.000000,0.094811,-0.094811,0.000000,0.000000,0.047406
0.000000,0.094722,-0.094722,0.000000,0.000000,0.047361
0.000000,0.094632,-0.094632,0.000000,0.000000,0.047316
0.000000,0.094543,-0.094543,0.000000,0.000000,0.047271
0.000000,0.094453,-0.094453,0.000000,0.000000,0.047226
0.000000,0.094363,-0.094363,0.000000,0.000000,0.047182
0.000000,0.094274,-0.094274,0.000000,0.000000,0.047137
0.000000,0.094184,-0.094184,0.000000,0.000000,0.047092
0.000000,0.094094,-0.094094,0.000000,0.000000,0.047047
0.000000,0.094005,-0.094005,0.000000,0.000000,0.047002
0.000000,0.093915,-0.093915,0.000000,0.000000,0.046958
0.000000,0.093826,-0.093826,0.000000,0.000000,0.046913
0.000000,0.093736,-0.093736,0.000000,0.000000,0.046868
0.000000,0.093646,-0.093646,0.000000,0.000000,0.046823
0.000000,0.093557,-0.093557,0.000000,0.000000,0.046778
0.000000,0.093467,-0.093467,0.000000,0.000000,0.046734
0.000000,0.093378,-0.093378,0.000000,0.000000,0.046689
0.000000,0.093288,-0.093288,0.000000,0.000000,0.046644
0.000000,0.093199,-0.093199,0.000000,0.000000,0.046599
0.000000,0.093109,-0.093109,0.000000,0.000000,0.046554
0.000000,0.093019,-0.093019,0.000000,0.000000,0.046510
0.000000,0.092930,-0.092930,0.000000,0.000000,0.046465
0.000000,0.092840,-0.092840,0.000000,0.000000,0.046420
0.000000,0.092751,-0.092751,0.000000,0.000000,0.046375
0.000000,0.092661,-0.092661,0.000000,0.000000,0.046331
0.000000,0.092572,-0.092572,0.000000,0.000000,0.046286
0.000000,0.092482,-0.092482,0.000000,0.000000,0.046241
0.000000,0.092393,-0.092393,0.000000,0.000000,0.046196
0.000000,0.092303,-0.092303,0.000000,0.000000,0.046152
0.000000,0.092214,-0.092214,0.000000,0.000000,0.046107
0.000000,0.092124,-0.092124,0.000000,0.000000,0.046062
0.000000,0.092035,-0.092035,0.000000,0.000000,0.046017
0.000000,0.091945,-0.091945,0.000000,0.000000,0.045973
0.000000,0.091856,-0.091856,0.000000,0.000000,0.045928
0.000000,0.091766,-0.091766,0.000000,0.000000,0.045883
0.000000,0.091677,-0.091677,0.000000,0.000000,0.045838
0.000000,0.091587,-0.091587,0.000000,0.000000,0.045794
0.000000,0.091498,-0.091498,0.000000,0.000000,0.045749
0.000000,0.091409,-0.091409,0.000000,0.000000,0.045704
0.000000,0.091319,-0.091319,0.000000,0.000000,0.045660
0.000000,0.091230,-0.091230,0.000000,0.000000,0.045615
0.000000,0.091140,-0.091140,0.000000,0.000000,0.045570
0.000000,0.091051,-0.091051,0.000000,0.000000,0.045525
0.000000,0.090961,-0.090961,0.000000,0.000000,0.045481
0.000000,0.090872,-0.090872,0.000000,0.000000,0.045436
0.000000,0.090783,-0.090783,0.000000,0.000000,0.045391
0.000000,0.090693,-0.090693,0.000000,0.000000,0.045347
0.000000,0.090604,-0.090604,0.000000,0.000000,0.045302
0.000000,0.090515,-0.090515,0.000000,0.000000,0.045257
0.000000,0.090425,-0.090425,0.000000,0.000000,0.045213
0.000000,0.090336,-0.090336,0.000000,0.000000,0.045168
0.000000,0.090246,-0.090246,0.000000,0.000000,0.045123
0.000000,0.090157,-0.090157,0.000000,0.000000,0.045079
0.000000,0.090068,-0.090068,0.000000,0.000000,0.045034
0.000000,0.089978,-0.089978,0.000000,0.000000,0.044989
0.000000,0.089889,-0.089889,0.000000,0.000000,0.044945
0.000000,0.089800,-0.089800,0.000000,0.000000,0.044900
0.000000,0.089711,-0.089711,0.000000,0.000000,0.044855
0.000000,0.089621,-0.089621,0.000000,0.000000,0.044811
0.000000,0.089532,-0.089532,0.000000,0.000000,0.044766
0.000000,0.089443,-0.089443,0.000000,0.000000,0.044721
0.000000,0.089353,-0.089353,0.000000,0.000000,0.044677
0.000000,0.089264,-0.089264,0.000000,0.000000,0.044632
0.000000,0.089175,-0.089175,0.000000,0.000000,0.044587
0.000000,0.089086,-0.089086,0.000000,0.000000,0.044543
0.000000,0.088996,-0.088996,0.000000,0.000000,0.044498
0.000000,0.088907,-0.088907,0.000000,0.000000,0.044454
0.000000,0.088818,-0.088818,0.000000,0.000000,0.044409
0.000000,0.088729,-0.088729,0.000000,0.000000,0.044364
0.000000,0.088640,-0.088640,0.000000,0.000000,0.044320
0.000000,0.088550,-0.088550,0.000000,0.000000,0.044275
0.000000,0.088461,-0.088461,0.000000,0.000000,0.044231
0.000000,0.088372,-0.088372,0.000000,0.000000,0.044186
0.000000,0.088283,-0.088283,0.000000,0.000000,0.044141
0.000000,0.088194,-0.088194,0.000000,0.000000,0.044097
0.000000,0.088105,-0.088105,0.000000,0.000000,0.044052
0.000000,0.088016,-0.088016,0.000000,0.000000,0.044008
0.000000,0.087926,-0.087926,0.000000,0.000000,0.043963
0.000000,0.087837,-0.087837,0.000000,0.000000,0.043919
0.000000,0.087748,-0.087748,0.000000,0.000000,0.043874
0.000000,0.087659,-0.087659,0.000000,0.000000,0.043830
0.000000,0.087570,-0.087570,0.000000,0.000000,0.043785
0.000000,0.087481,-0.087481,0.000000,0.000000,0.043741
0.000000,0.087392,-0.087392,0.000000,0.000000,0.043696
0.000000,0.087303,-0.087303,0.000000,0.000000,0.043651
0.000000,0.087214,-0.087214,0.000000,0.000000,0.043607
0.000000,0.087125,-0.087125,0.000000,0.000000,0.043562
0.000000,0.087036,-0.087036,0.000000,0.000000,0.043518
0.000000,0.086947,-0.086947,0.000000,0.000000,0.043473
0.000000,0.086858,-0.086858,0.000000,0.000000,0.043429
0.000000,0.086769,-0.086769,0.000000,0.000000,0.043384
0.000000,0.086680,-0.086680,0.000000,0.000000,0.043340
0.000000,0.086591,-0.086591,0.000000,0.000000,0.043295
0.000000,0.086502,-0.086502,0.000000,0.000000,0.043251
0.000000,0.086413,-0.086413,0.000000,0.000000,0.043207
0.000000,0.086324,-0.086324,0.000000,0.000000,0.043162
0.000000,0.086235,-0.086235,0.000000,0.000000,0.043118
0.000000,0.086146,-0.086146,0.000000,0.000000,0.043073
0.000000,0.086057,-0.086057,0.000000,0.000000,0.043029
0.000000,0.085968,-0.085968,0.000000,0.000000,0.042984
0.000000,0.085880,-0.085880,0.000000,0.000000,0.042940
0.000000,0.085791,-0.085791,0.000000,0.000000,0.042895
0.000000,0.085702,-0.085702,0.000000,0.000000,0.042851
0.000000,0.085613,-0.085613,0.000000,0.000000,0.042807
0.000000,0.085524,-0.085524,0.000000,0.000000,0.042762
0.000000,0.085435,-0.085435,0.000000,0.000000,0.042718
0.000000,0.085347,-0.085347,0.000000,0.000000,0.042673
0.000000,0.085258,-0.085258,0.000000,0.000000,0.042629
0.000000,0.085169,-0.085169,0.000000,0.000000,0.042585
0.000000,0.085080,-0.085080,0.000000,0.000000,0.042540
0.000000,0.084991,-0.084991,0.000000,0.000000,0.042496
0.000000,0.084903,-0.084903,0.000000,0.000000,0.042451
0.000000,0.084814,-0.084814,0.000000,0.000000,0.042407
0.000000,0.084725,-0.084725,0.000000,0.000000,0.042363
0.000000,0.084637,-0.084637,0.000000,0.000000,0.042318
0.000000,0.084548,-0.084548,0.000000,0.000000,0.042274
0.000000,0.084459,-0.084459,0.000000,0.000000,0.042230
0.000000,0.084371,-0.084371,0.000000,0.000000,0.042185
0.000000,0.084282,-0.084282,0.000000,0.000000,0.042141
0.000000,0.084193,-0.084193,0.000000,0.000000,0.042097
0.000000,0.084105,-0.084105,0.000000,0.000000,0.042052
0.000000,0.084016,-0.084016,0.000000,0.000000,0.042008
0.000000,0.083927,-0.083927,0.000000,0.000000,0.041964
0.000000,0.083839,-0.083839,0.000000,0.000000,0.041919
0.000000,0.083750,-0.083750,0.000000,0.000000,0.041875
0.000000,0.083662,-0.083662,0.000000,0.000000,0.041831
0.000000,0.083573,-0.083573,0.000000,0.000000,0.041787
0.000000,0.083485,-0.083485,0.000000,0.000000,0.041742
0.000000,0.083396,-0.083396,0.000000,0.000000,0.041698
0.000000,0.083307,-0.083307,0.000000,0.000000,0.041654
0.000000,0.083219,-0.083219,0.000000,0.000000,0.041609
0.000000,0.083130,-0.083130,0.000000,0.000000,0.041565
0.000000,0.083042,-0.083042,0.000000,0.000000,0.041521
0.000000,0.082954,-0.082954,0.000000,0.000000,0.041477
0.000000,0.082865,-0.082865,0.000000,0.000000,0.041433
0.000000,0.082777,-0.082777,0.000000,0.000000,0.041388
0.000000,0.082688,-0.082688,0.000000,0.000000,0.041344
0.000000,0.082600,-0.082600,0.000000,0.000000,0.041300
0.000000,0.082511,-0.082511,0.000000,0.000000,0.041256
0.000000,0.082423,-0.082423,0.000000,0.000000,0.041212
0.000000,0.082335,-0.082335,0.000000,0.000000,0.041167
0.000000,0.082246,-0.082246,0.000000,0.000000,0.041123
0.000000,0.082158,-0.082158,0.000000,0.000000,0.041079
0.000000,0.082070,-0.082070,0.000000,0.000000,0.041035
0.000000,0.081981,-0.081981,0.000000,0.000000,0.040991
0.000000,0.081893,-0.081893,0.000000,0.000000,0.040947
0.000000,0.081805,-0.081805,0.000000,0.000000,0.040902
0.000000,0.081717,-0.081717,0.000000,0.000000,0.040858
0.000000,0.081628,-0.081628,0.000000,0.000000,0.040814
0.000000,0.081540,-0.081540,0.000000,0.000000,0.040770
0.000000,0.081452,-0.081452,0.000000,0.000000,0.040726
0.000000,0.081364,-0.081364,0.000000,0.000000,0.040682
0.000000,0.081275,-0.081275,0.000000,0.000000,0.040638
0.000000,0.081187,-0.081187,0.000000,0.000000,0.040594
0.000000,0.081099,-0.081099,0.000000,0.000000,0.040550
0.000000,0.081011,-0.081011,0.000000,0.000000,0.040505
0.000000,0.080923,-0.080923,0.000000,0.000000,0.040461
0.000000,0.080835,-0.080835,0.000000,0.000000,0.040417
0.000000,0.080747,-0.080747,0.000000,0.000000,0.040373
0.000000,0.080659,-0.080659,0.000000,0.000000,0.040329
0.000000,0.080570,-0.080570,0.000000,0.000000,0.040285
0.000000,0.080482,-0.080482,0.000000,0.000000,0.040241
0.000000,0.080394,-0.080394,0.000000,0.000000,0.040197
0.000000,0.080306,-0.080306,0.000000,0.000000,0.040153
0.000000,0.080218,-0.080218,0.000000,0.000000,0.040109
0.000000,0.080130,-0.080130,0.000000,0.000000,0.040065
0.000000,0.080042,-0.080042,0.000000,0.000000,0.040021
0.000000,0.079954,-0.079954,0.000000,0.000000,0.039977
0.000000,0.079867,-0.079867,0.000000,0.000000,0.039933
0.000000,0.079779,-0.079779,0.000000,0.000000,0.039889
0.000000,0.079691,-0.079691,0.000000,0.000000,0.039845
0.000000,0.079603,-0.079603,0.000000,0.000000,0.039801
0.000000,0.079515,-0.079515,0.000000,0.000000,0.039757
0.000000,0.079427,-0.079427,0.000000,0.000000,0.039714
0.000000,0.079339,-0.079339,0.000000,0.000000,0.039670
0.000000,0.079251,-0.079251,0.000000,0.000000,0.039626
0.000000,0.079164,-0.079164,0.000000,0.000000,0.039582
0.000000,0.079076,-0.079076,0.000000,0.000000,0.039538
0.000000,0.078988,-0.078988,0.000000,0.000000,0.039494
0.000000,0.078900,-0.078900,0.000000,0.000000,0.039450
0.000000,0.078813,-0.078813,0.000000,0.000000,0.039406
0.000000,0.078725,-0.078725,0.000000,0.000000,0.039362
0.000000,0.078637,-0.078637,0.000000,0.000000,0.039319
0.000000,0.078549,-0.078549,0.000000,0.000000,0.039275
0.000000,0.078462,-0.078462,0.000000,0.000000,0.039231
0.000000,0.078374,-0.078374,0.000000,0.000000,0.039187
0.000000,0.078286,-0.078286,0.000000,0.000000,0.039143
0.000000,0.078199,-0.078199,0.000000,0.000000,0.039099
0.000000,0.078111,-0.078111,0.000000,0.000000,0.039056
0.000000,0.078024,-0.078024,0.000000,0.000000,0.039012
0.000000,0.077936,-0.077936,0.000000,0.000000,0.038968
0.000000,0.077849,-0.077849,0.000000,0.000000,0.038924
0.000000,0.077761,-0.077761,0.000000,0.000000,0.038881
0.000000,0.077674,-0.077674,0.000000,0.000000,0.038837
0.000000,0.077586,-0.077586,0.000000,0.000000,0.038793
0.000000,0.077499,-0.077499,0.000000,0.000000,0.038749
0.000000,0.077411,-0.077411,0.000000,0.000000,0.038706
0.000000,0.077324,-0.077324,0.000000,0.000000,0.038662
0.000000,0.077236,-0.077236,0.000000,0.000000,0.038618
0.000000,0.077149,-0.077149,0.000000,0.000000,0.038574
0.000000,0.077061,-0.077061,0.000000,0.000000,0.038531
0.000000,0.076974,-0.076974,0.000000,0.000000,0.038487
0.000000,0.076887,-0.076887,0.000000,0.000000,0.038443
0.000000,0.076799,-0.076799,0.000000,0.000000,0.038400
0.000000,0.076712,-0.076712,0.000000,0.000000,0.038356
0.000000,0.076625,-0.076625,0.000000,0.000000,0.038312
0.000000,0.076538,-0.076538,0.000000,0.000000,0.038269
0.000000,0.076450,-0.076450,0.000000,0.000000,0.038225
0.000000,0.076363,-0.076363,0.000000,0.000000,0.038182
0.000000,0.076276,-0.076276,0.000000,0.000000,0.038138
0.000000,0.076189,-0.076189,0.000000,0.000000,0.038094
0.000000,0.076101,-0.076101,0.000000,0.000000,0.038051
0.000000,0.076014,-0.076014,0.000000,0.000000,0.038007
0.000000,0.075927,-0.075927,0.000000,0.000000,0.037964
0.000000,0.075840,-0.075840,0.000000,0.000000,0.037920
0.000000,0.075753,-0.075753,0.000000,0.000000,0.037876
0.000000,0.075666,-0.075666,0.000000,0.000000,0.037833
0.000000,0.075579,-0.075579,0.000000,0.000000,0.037789
0.000000,0.075492,-0.075492,0.000000,0.000000,0.037746
0.000000,0.075405,-0.075405,0.000000,0.000000,0.037702
0.000000,0.075318,-0.075318,0.000000,0.000000,0.037659
0.000000,0.075231,-0.075231,0.000000,0.000000,0.037615
0.000000,0.075144,-0.075144,0.000000,0.000000,0.037572
0.000000,0.075057,-0.075057,0.000000,0.000000,0.037528
0.000000,0.074970,-0.074970,0.000000,0.000000,0.037485
0.000000,0.074883,-0.074883,0.000000,0.000000,0.037442
0.000000,0.074796,-0.074796,0.000000,0.000000,0.037398
0.000000,0.074709,-0.074709,0.000000,0.000000,0.037355
0.000000,0.074622,-0.074622,0.000000,0.000000,0.037311
0.000000,0.074536,-0.074536,0.000000,0.000000,0.037268
0.000000,0.074449,-0.074449,0.000000,0.000000,0.037224
0.000000,0.074362,-0.074362,0.000000,0.000000,0.037181
0.000000,0.074275,-0.074275,0.000000,0.000000,0.037138
0.000000,0.074189,-0.074189,0.000000,0.000000,0.037094
0.000000,0.074102,-0.074102,0.000000,0.000000,0.037051
0.000000,0.074015,-0.074015,0.000000,0.000000,0.037008
0.000000,0.073928,-0.073928,0.000000,0.000000,0.036964
0.000000,0.073842,-0.073842,0.000000,0.000000,0.036921
0.000000,0.073755,-0.073755,0.000000,0.000000,0.036878
0.000000,0.073669,-0.073669,0.000000,0.000000,0.036834
0.000000,0.073582,-0.073582,0.000000,0.000000,0.036791
0.000000,0.073495,-0.073495,0.000000,0.000000,0.036748
0.000000,0.073409,-0.073409,0.000000,0.000000,0.036704
0.000000,0.073322,-0.073322,0.000000,0.000000,0.036661
0.000000,0.073236,-0.073236,0.000000,0.000000,0.036618
0.000000,0.073149,-0.073149,0.000000,0.000000,0.036575
0.000000,0.073063,-0.073063,0.000000,0.000000,0.036531
0.000000,0.072976,-0.072976,0.000000,0.000000,0.036488
0.000000,0.072890,-0.072890,0.000000,0.000000,0.036445
0.000000,0.072804,-0.072804,0.000000,0.000000,0.036402
0.000000,0.072717,-0.072717,0.000000,0.000000,0.036359
0.000000,0.072631,-0.072631,0.000000,0.000000,0.036315
0.000000,0.072545,-0.072545,0.000000,0.000000,0.036272
0.000000,0.072458,-0.072458,0.000000,0.000000,0.036229
0.000000,0.072372,-0.072372,0.000000,0.000000,0.036186
0.000000,0.072286,-0.072286,0.000000,0.000000,0.036143
0.000000,0.072199,-0.072199,0.000000,0.000000,0.036100
0.000000,0.072113,-0.072113,0.000000,0.000000,0.036057
0.000000,0.072027,-0.072027,0.000000,0.000000,0.036014
0.000000,0.071941,-0.071941,0.000000,0.000000,0.035970
0.000000,0.071855,-0.071855,0.000000,0.000000,0.035927
0.000000,0.071769,-0.071769,0.000000,0.000000,0.035884
0.000000,0.071683,-0.071683,0.000000,0.000000,0.035841
0.000000,0.071596,-0.071596,0.000000,0.000000,0.035798
0.000000,0.071510,-0.071510,0.000000,0.000000,0.035755
0.000000,0.071424,-0.071424,0.000000,0.000000,0.035712
0.000000,0.071338,-0.071338,0.000000,0.000000,0.035669
0.000000,0.071252,-0.071252,0.000000,0.000000,0.035626
0.000000,0.071166,-0.071166,0.000000,0.000000,0.035583
0.000000,0.071080,-0.071080,0.000000,0.000000,0.035540
0.000000,0.070994,-0.070994,0.000000,0.000000,0.035497
0.000000,0.070909,-0.070909,0.000000,0.000000,0.035454
0.000000,0.070823,-0.070823,0.000000,0.000000,0.035411
0.000000,0.070737,-0.070737,0.000000,0.000000,0.035368
0.000000,0.070651,-0.070651,0.000000,0.000000,0.035326
0.000000,0.070565,-0.070565,0.000000,0.000000,0.035283
0.000000,0.070479,-0.070479,0.000000,0.000000,0.035240
0.000000,0.070394,-0.070394,0.000000,0.000000,0.035197
0.000000,0.070308,-0.070308,0.000000,0.000000,0.035154
0.000000,0.070222,-0.070222,0.000000,0.000000,0.035111
0.000000,0.070137,-0.070137,0.000000,0.000000,0.035068
0.000000,0.070051,-0.070051,0.000000,0.000000,0.035025
0.000000,0.069965,-0.069965,0.000000,0.000000,0.034983
0.000000,0.069880,-0.069880,0.000000,0.000000,0.034940
0.000000,0.069794,-0.069794,0.000000,0.000000,0.034897
0.000000,0.069709,-0.069709,0.000000,0.000000,0.034854
0.000000,0.069623,-0.069623,0.000000,0.000000,0.034811
0.000000,0.069537,-0.069537,0.000000,0.000000,0.034769
0.000000,0.069452,-0.069452,0.000000,0.000000,0.034726
0.000000,0.069367,-0.069367,0.000000,0.000000,0.034683
0.000000,0.069281,-0.069281,0.000000,0.000000,0.034641
0.000000,0.069196,-0.069196,0.000000,0.000000,0.034598
0.000000,0.069110,-0.069110,0.000000,0.000000,0.034555
0.000000,0.069025,-0.069025,0.000000,0.000000,0.034512
0.000000,0.068940,-0.068940,0.000000,0.000000,0.034470
0.000000,0.068854,-0.068854,0.000000,0.000000,0.034427
0.000000,0.068769,-0.068769,0.000000,0.000000,0.034384
0.000000,0.068684,-0.068684,0.000000,0.000000,0.034342
0.000000,0.068598,-0.068598,0.000000,0.000000,0.034299
0.000000,0.068513,-0.068513,0.000000,0.000000,0.034257
0.000000,0.068428,-0.068428,0.000000,0.000000,0.034214
0.000000,0.068343,-0.068343,0.000000,0.000000,0.034171
0.000000,0.068258,-0.068258,0.000000,0.000000,0.034129
0.000000,0.068173,-0.068173,0.000000,0.000000,0.034086
0.000000,0.068088,-0.068088,0.000000,0.000000,0.034044
0.000000,0.068002,-0.068002,0.000000,0.000000,0.034001
0.000000,0.067917,-0.067917,0.000000,0.000000,0.033959
0.000000,0.067832,-0.067832,0.000000,0.000000,0.033916
0.000000,0.067747,-0.067747,0.000000,0.000000,0.033874
0.000000,0.067662,-0.067662,0.000000,0.000000,0.033831
0.000000,0.067578,-0.067578,0.000000,0.000000,0.033789
0.000000,0.067493,-0.067493,0.000000,0.000000,0.033746
0.000000,0.067408,-0.067408,0.000000,0.000000,0.033704
0.000000,0.067323,-0.067323,0.000000,0.000000,0.033661
0.000000,0.067238,-0.067238,0.000000,0.000000,0.033619
0.000000,0.067153,-0.067153,0.000000,0.000000,0.033577
0.000000,0.067068,-0.067068,0.000000,0.000000,0.033534
0.000000,0.066984,-0.066984,0.000000,0.000000,0.033492
0.000000,0.066899,-0.066899,0.000000,0.000000,0.033450
0.000000,0.066814,-0.066814,0.000000,0.000000,0.033407
0.000000,0.066730,-0.066730,0.000000,0.000000,0.033365
0.000000,0.066645,-0.066645,0.000000,0.000000,0.033323
0.000000,0.066560,-0.066560,0.000000,0.000000,0.033280
0.000000,0.066476,-0.066476,0.000000,0.000000,0.033238
0.000000,0.066391,-0.066391,0.000000,0.000000,0.033196
0.000000,0.066307,-0.066307,0.000000,0.000000,0.033153
0.000000,0.066222,-0.066222,0.000000,0.000000,0.033111
0.000000,0.066138,-0.066138,0.000000,0.000000,0.033069
0.000000,0.066053,-0.066053,0.000000,0.000000,0.033027
0.000000,0.065969,-0.065969,0.000000,0.000000,0.032984
0.000000,0.065884,-0.065884,0.000000,0.000000,0.032942
0.000000,0.065800,-0.065800,0.000000,0.000000,0.032900
0.000000,0.065716,-0.065716,0.000000,0.000000,0.032858
0.000000,0.065631,-0.065631,0.000000,0.000000,0.032816
0.000000,0.065547,-0.065547,0.000000,0.000000,0.032774
0.000000,0.065463,-0.065463,0.000000,0.000000,0.032731
0.000000,0.065379,-0.065379,0.000000,0.000000,0.032689
0.000000,0.065294,-0.065294,0.000000,0.000000,0.032647
0.000000,0.065210,-0.065210,0.000000,0.000000,0.032605
0.000000,0.065126,-0.065126,0.000000,0.000000,0.032563
0.000000,0.065042,-0.065042,0.000000,0.000000,0.032521
0.000000,0.064958,-0.064958,0.000000,0.000000,0.032479
0.000000,0.064874,-0.064874,0.000000,0.000000,0.032437
0.000000,0.064790,-0.064790,0.000000,0.000000,0.032395
0.000000,0.064706,-0.064706,0.000000,0.000000,0.032353
0.000000,0.064622,-0.064622,0.000000,0.000000,0.032311
0.000000,0.064538,-0.064538,0.000000,0.000000,0.032269
0.000000,0.064454,-0.064454,0.000000,0.000000,0.032227
0.000000,0.064370,-0.064370,0.000000,0.000000,0.032185
0.000000,0.064286,-0.064286,0.000000,0.000000,0.032143
0.000000,0.064202,-0.064202,0.000000,0.000000,0.032101
0.000000,0.064119,-0.064119,0.000000,0.000000,0.032059
0.000000,0.064035,-0.064035,0.000000,0.000000,0.032017
0.000000,0.063951,-0.063951,0.000000,0.000000,0.031976
0.000000,0.063867,-0.063867,0.000000,0.000000,0.031934
0.000000,0.063784,-0.063784,0.000000,0.000000,0.031892
0.000000,0.063700,-0.063700,0.000000,0.000000,0.031850
0.000000,0.063616,-0.063616,0.000000,0.000000,0.031808
0.000000,0.063533,-0.063533,0.000000,0.000000,0.031766
0.000000,0.063449,-0.063449,0.000000,0.000000,0.031725
0.000000,0.063366,-0.063366,0.000000,0.000000,0.031683
0.000000,0.063282,-0.063282,0.000000,0.000000,0.031641
0.000000,0.063199,-0.063199,0.000000,0.000000,0.031599
0.000000,0.063115,-0.063115,0.000000,0.000000,0.031558
0.000000,0.063032,-0.063032,0.000000,0.000000,0.031516
0.000000,0.062948,-0.062948,0.000000,0.000000,0.031474
0.000000,0.062865,-0.062865,0.000000,0.000000,0.031433
0.000000,0.062782,-0.062782,0.000000,0.000000,0.031391
0.000000,0.062698,-0.062698,0.000000,0.000000,0.031349
0.000000,0.062615,-0.062615,0.000000,0.000000,0.031308
0.000000,0.062532,-0.062532,0.000000,0.000000,0.031266
0.000000,0.062449,-0.062449,0.000000,0.000000,0.031224
0.000000,0.062365,-0.062365,0.000000,0.000000,0.031183
0.000000,0.062282,-0.062282,0.000000,0.000000,0.031141
0.000000,0.062199,-0.062199,0.000000,0.000000,0.031100
0.000000,0.062116,-0.062116,0.000000,0.000000,0.031058
0.000000,0.062033,-0.062033,0.000000,0.000000,0.031017
0.000000,0.061950,-0.061950,0.000000,0.000000,0.030975
0.000000,0.061867,-0.061867,0.000000,0.000000,0.030933
0.000000,0.061784,-0.061784,0.000000,0.000000,0.030892
0.000000,0.061701,-0.061701,0.000000,0.000000,0.030851
0.000000,0.061618,-0.061618,0.000000,0.000000,0.030809
0.000000,0.061535,-0.061535,0.000000,0.000000,0.030768
0.000000,0.061452,-0.061452,0.000000,0.000000,0.030726
0.000000,0.061370,-0.061370,0.000000,0.000000,0.030685
0.000000,0.061287,-0.061287,0.000000,0.000000,0.030643
0.000000,0.061204,-0.061204,0.000000,0.000000,0.030602
0.000000,0.061121,-0.061121,0.000000,0.000000,0.030561
0.000000,0.061039,-0.061039,0.000000,0.000000,0.030519
0.000000,0.060956,-0.060956,0.000000,0.000000,0.030478
0.000000,0.060873,-0.060873,0.000000,0.000000,0.030437
0.000000,0.060791,-0.060791,0.000000,0.000000,0.030395
0.000000,0.060708,-0.060708,0.000000,0.000000,0.030354
0.000000,0.060626,-0.060626,0.000000,0.000000,0.030313
0.000000,0.060543,-0.060543,0.000000,0.000000,0.030272
0.000000,0.060461,-0.060461,0.000000,0.000000,0.030230
0.000000,0.060378,-0.060378,0.000000,0.000000,0.030189
0.000000,0.060296,-0.060296,0.000000,0.000000,0.030148
0.000000,0.060214,-0.060214,0.000000,0.000000,0.030107
0.000000,0.060131,-0.060131,0.000000,0.000000,0.030066
0.000000,0.060049,-0.060049,0.000000,0.000000,0.030024
0.000000,0.059967,-0.059967,0.000000,0.000000,0.029983
0.000000,0.059884,-0.059884,0.000000,0.000000,0.029942
0.000000,0.059802,-0.059802,0.000000,0.000000,0.029901
0.000000,0.059720,-0.059720,0.000000,0.000000,0.029860
0.000000,0.059638,-0.059638,0.000000,0.000000,0.029819
0.000000,0.059556,-0.059556,0.000000,0.000000,0.029778
0.000000,0.059474,-0.059474,0.000000,0.000000,0.029737
0.000000,0.059392,-0.059392,0.000000,0.000000,0.029696
0.000000,0.059310,-0.059310,0.000000,0.000000,0.029655
0.000000,0.059228,-0.059228,0.000000,0.000000,0.029614
0.000000,0.059146,-0.059146,0.000000,0.000000,0.029573
0.000000,0.059064,-0.059064,0.000000,0.000000,0.029532
0.000000,0.058982,-0.058982,0.000000,0.000000,0.029491
0.000000,0.058900,-0.058900,0.000000,0.000000,0.029450
0.000000,0.058818,-0.058818,0.000000,0.000000,0.029409
0.000000,0.058736,-0.058736,0.000000,0.000000,0.029368
0.000000,0.058655,-0.058655,0.000000,0.000000,0.029327
0.000000,0.058573,-0.058573,0.000000,0.000000,0.029286
0.000000,0.058491,-0.058491,0.000000,0.000000,0.029246
0.000000,0.058410,-0.058410,0.000000,0.000000,0.029205
0.000000,0.058328,-0.058328,0.000000,0.000000,0.029164
0.000000,0.058246,-0.058246,0.000000,0.000000,0.029123
0.000000,0.058165,-0.058165,0.000000,0.000000,0.029082
0.000000,0.058083,-0.058083,0.000000,0.000000,0.029042
0.000000,0.058002,-0.058002,0.000000,0.000000,0.029001
0.000000,0.057920,-0.057920,0.000000,0.000000,0.028960
0.000000,0.057839,-0.057839,0.000000,0.000000,0.028919
0.000000,0.057757,-0.057757,0.000000,0.000000,0.028879
0.000000,0.057676,-0.057676,0.000000,0.000000,0.028838
0.000000,0.057595,-0.057595,0.000000,0.000000,0.028797
0.000000,0.057514,-0.057514,0.000000,0.000000,0.028757
0.000000,0.057432,-0.057432,0.000000,0.000000,0.028716
0.000000,0.057351,-0.057351,0.000000,0.000000,0.028676
0.000000,0.057270,-0.057270,0.000000,0.000000,0.028635
0.000000,0.057189,-0.057189,0.000000,0.000000,0.028594
0.000000,0.057108,-0.057108,0.000000,0.000000,0.028554
0.000000,0.057027,-0.057027,0.000000,0.000000,0.028513
0.000000,0.056946,-0.056946,0.000000,0.000000,0.028473
0.000000,0.056865,-0.056865,0.000000,0.000000,0.028432
0.000000,0.056784,-0.056784,0.000000,0.000000,0.028392
0.000000,0.056703,-0.056703,0.000000,0.000000,0.028351
0.000000,0.056622,-0.056622,0.000000,0.000000,0.028311
0.000000,0.056541,-0.056541,0.000000,0.000000,0.028270
0.000000,0.056460,-0.056460,0.000000,0.000000,0.028230
0.000000,0.056379,-0.056379,0.000000,0.000000,0.028190
0.000000,0.056298,-0.056298,0.000000,0.000000,0.028149
0.000000,0.056218,-0.056218,0.000000,0.000000,0.028109
0.000000,0.056137,-0.056137,0.000000,0.000000,0.028069
0.000000,0.056056,-0.056056,0.000000,0.000000,0.028028
0.000000,0.055976,-0.055976,0.000000,0.000000,0.027988
0.000000,0.055895,-0.055895,0.000000,0.000000,0.027948
0.000000,0.055815,-0.055815,0.000000,0.000000,0.027907
0.000000,0.055734,-0.055734,0.000000,0.000000,0.027867
0.000000,0.055654,-0.055654,0.000000,0.000000,0.027827
0.000000,0.055573,-0.055573,0.000000,0.000000,0.027787
0.000000,0.055493,-0.055493,0.000000,0.000000,0.027746
0.000000,0.055412,-0.055412,0.000000,0.000000,0.027706
0.000000,0.055332,-0.055332,0.000000,0.000000,0.027666
0.000000,0.055252,-0.055252,0.000000,0.000000,0.027626
0.000000,0.055172,-0.055172,0.000000,0.000000,0.027586
0.000000,0.055091,-0.055091,0.000000,0.000000,0.027546
0.000000,0.055011,-0.055011,0.000000,0.000000,0.027506
0.000000,0.054931,-0.054931,0.000000,0.000000,0.027465
0.000000,0.054851,-0.054851,0.000000,0.000000,0.027425
0.000000,0.054771,-0.054771,0.000000,0.000000,0.027385
0.000000,0.054691,-0.054691,0.000000,0.000000,0.027345
0.000000,0.054611,-0.054611,0.000000,0.000000,0.027305
0.000000,0.054531,-0.054531,0.000000,0.000000,0.027265
0.000000,0.054451,-0.054451,0.000000,0.000000,0.027225
0.000000,0.054371,-0.054371,0.000000,0.000000,0.027185
0.000000,0.054291,-0.054291,0.000000,0.000000,0.027146
0.000000,0.054211,-0.054211,0.000000,0.000000,0.027106
0.000000,0.054131,-0.054131,0.000000,0.000000,0.027066
0.000000,0.054052,-0.054052,0.000000,0.000000,0.027026
0.000000,0.053972,-0.053972,0.000000,0.000000,0.026986
0.000000,0.053892,-0.053892,0.000000,0.000000,0.026946
0.000000,0.053813,-0.053813,0.000000,0.000000,0.026906
0.000000,0.053733,-0.053733,0.000000,0.000000,0.026867
0.000000,0.053654,-0.053654,0.000000,0.000000,0.026827
0.000000,0.053574,-0.053574,0.000000,0.000000,0.026787
0.000000,0.053495,-0.053495,0.000000,0.000000,0.026747
0.000000,0.053415,-0.053415,0.000000,0.000000,0.026708
0.000000,0.053336,-0.053336,0.000000,0.000000,0.026668
0.000000,0.053256,-0.053256,0.000000,0.000000,0.026628
0.000000,0.053177,-0.053177,0.000000,0.000000,0.026588
0.000000,0.053098,-0.053098,0.000000,0.000000,0.026549
0.000000,0.053018,-0.053018,0.000000,0.000000,0.026509
0.000000,0.052939,-0.052939,0.000000,0.000000,0.026470
0.000000,0.052860,-0.052860,0.000000,0.000000,0.026430
0.000000,0.052781,-0.052781,0.000000,0.000000,0.026390
0.000000,0.052702,-0.052702,0.000000,0.000000,0.026351
0.000000,0.052623,-0.052623,0.000000,0.000000,0.026311
0.000000,0.052544,-0.052544,0.000000,0.000000,0.026272
0.000000,0.052465,-0.052465,0.000000,0.000000,0.026232
0.000000,0.052386,-0.052386,0.000000,0.000000,0.026193
0.000000,0.052307,-0.052307,0.000000,0.000000,0.026153
0.000000,0.052228,-0.052228,0.000000,0.000000,0.026114
0.000000,0.052149,-0.052149,0.000000,0.000000,0.026074
0.000000,0.052070,-0.052070,0.000000,0.000000,0.026035
0.000000,0.051991,-0.051991,0.000000,0.000000,0.025996
0.000000,0.051913,-0.051913,0.000000,0.000000,0.025956
0.000000,0.051834,-0.051834,0.000000,0.000000,0.025917
0.000000,0.051755,-0.051755,0.000000,0.000000,0.025878
0.000000,0.051677,-0.051677,0.000000,0.000000,0.025838
0.000000,0.051598,-0.051598,0.000000,0.000000,0.025799
0.000000,0.051520,-0.051520,0.000000,0.000000,0.025760
0.000000,0.051441,-0.051441,0.000000,0.000000,0.025721
0.000000,0.051363,-0.051363,0.000000,0.000000,0.025681
0.000000,0.051284,-0.051284,0.000000,0.000000,0.025642
0.000000,0.051206,-0.051206,0.000000,0.000000,0.025603
0.000000,0.051128,-0.051128,0.000000,0.000000,0.025564
0.000000,0.051049,-0.051049,0.000000,0.000000,0.025525
0.000000,0.050971,-0.050971,0.000000,0.000000,0.025485
0.000000,0.050893,-0.050893,0.000000,0.000000,0.025446
0.000000,0.050815,-0.050815,0.000000,0.000000,0.025407
0.000000,0.050736,-0.050736,0.000000,0.000000,0.025368
0.000000,0.050658,-0.050658,0.000000,0.000000,0.025329
0.000000,0.050580,-0.050580,0.000000,0.000000,0.025290
0.000000,0.050502,-0.050502,0.000000,0.000000,0.025251
0.000000,0.050424,-0.050424,0.000000,0.000000,0.025212
0.000000,0.050346,-0.050346,0.000000,0.000000,0.025173
0.000000,0.050268,-0.050268,0.000000,0.000000,0.025134
0.000000,0.050191,-0.050191,0.000000,0.000000,0.025095
0.000000,0.050113,-0.050113,0.000000,0.000000,0.025056
0.000000,0.050035,-0.050035,0.000000,0.000000,0.025017
0.000000,0.049957,-0.049957,0.000000,0.000000,0.024979
0.000000,0.049880,-0.049880,0.000000,0.000000,0.024940
0.000000,0.049802,-0.049802,0.000000,0.000000,0.024901
0.000000,0.049724,-0.049724,0.000000,0.000000,0.024862
0.000000,0.049647,-0.049647,0.000000,0.000000,0.024823
0.000000,0.049569,-0.049569,0.000000,0.000000,0.024785
0.000000,0.049492,-0.049492,0.000000,0.000000,0.024746
0.000000,0.049414,-0.049414,0.000000,0.000000,0.024707
0.000000,0.049337,-0.049337,0.000000,0.000000,0.024668
0.000000,0.049259,-0.049259,0.000000,0.000000,0.024630
0.000000,0.049182,-0.049182,0.000000,0.000000,0.024591
0.000000,0.049105,-0.049105,0.000000,0.000000,0.024552
0.000000,0.049028,-0.049028,0.000000,0.000000,0.024514
0.000000,0.048950,-0.048950,0.000000,0.000000,0.024475
0.000000,0.048873,-0.048873,0.000000,0.000000,0.024437
0.000000,0.048796,-0.048796,0.000000,0.000000,0.024398
0.000000,0.048719,-0.048719,0.000000,0.000000,0.024359
0.000000,0.048642,-0.048642,0.000000,0.000000,0.024321
0.000000,0.048565,-0.048565,0.000000,0.000000,0.024282
0.000000,0.048488,-0.048488,0.000000,0.000000,0.024244
0.000000,0.048411,-0.048411,0.000000,0.000000,0.024205
0.000000,0.048334,-0.048334,0.000000,0.000000,0.024167
0.000000,0.048257,-0.048257,0.000000,0.000000,0.024129
0.000000,0.048180,-0.048180,0.000000,0.000000,0.024090
0.000000,0.048104,-0.048104,0.000000,0.000000,0.024052
0.000000,0.048027,-0.048027,0.000000,0.000000,0.024014
0.000000,0.047950,-0.047950,0.000000,0.000000,0.023975
0.000000,0.047874,-0.047874,0.000000,0.000000,0.023937
0.000000,0.047797,-0.047797,0.000000,0.000000,0.023899
0.000000,0.047721,-0.047721,0.000000,0.000000,0.023860
0.000000,0.047644,-0.047644,0.000000,0.000000,0.023822
0.000000,0.047568,-0.047568,0.000000,0.000000,0.023784
0.000000,0.047491,-0.047491,0.000000,0.000000,0.023746
0.000000,0.047415,-0.047415,0.000000,0.000000,0.023707
0.000000,0.047338,-0.047338,0.000000,0.000000,0.023669
0.000000,0.047262,-0.047262,0.000000,0.000000,0.023631
0.000000,0.047186,-0.047186,0.000000,0.000000,0.023593
0.000000,0.047110,-0.047110,0.000000,0.000000,0.023555
0.000000,0.047034,-0.047034,0.000000,0.000000,0.023517
0.000000,0.046957,-0.046957,0.000000,0.000000,0.023479
0.000000,0.046881,-0.046881,0.000000,0.000000,0.023441
0.000000,0.046805,-0.046805,0.000000,0.000000,0.023403
0.000000,0.046729,-0.046729,0.000000,0.000000,0.023365
0.000000,0.046653,-0.046653,0.000000,0.000000,0.023327
0.000000,0.046577,-0.046577,0.000000,0.000000,0.023289
0.000000,0.046502,-0.046502,0.000000,0.000000,0.023251
0.000000,0.046426,-0.046426,0.000000,0.000000,0.023213
0.000000,0.046350,-0.046350,0.000000,0.000000,0.023175
0.000000,0.046274,-0.046274,0.000000,0.000000,0.023137
0.000000,0.046199,-0.046199,0.000000,0.000000,0.023099
0.000000,0.046123,-0.046123,0.000000,0.000000,0.023061
0.000000,0.046047,-0.046047,0.000000,0.000000,0.023024
0.000000,0.045972,-0.045972,0.000000,0.000000,0.022986
0.000000,0.045896,-0.045896,0.000000,0.000000,0.022948
0.000000,0.045821,-0.045821,0.000000,0.000000,0.022910
0.000000,0.045745,-0.045745,0.000000,0.000000,0.022873
0.000000,0.045670,-0.045670,0.000000,0.000000,0.022835
0.000000,0.045595,-0.045595,0.000000,0.000000,0.022797
0.000000,0.045519,-0.045519,0.000000,0.000000,0.022760
0.000000,0.045444,-0.045444,0.000000,0.000000,0.022722
0.000000,0.045369,-0.045369,0.000000,0.000000,0.022684
0.000000,0.045294,-0.045294,0.000000,0.000000,0.022647
0.000000,0.045219,-0.045219,0.000000,0.000000,0.022609
0.000000,0.045144,-0.045144,0.000000,0.000000,0.022572
0.000000,0.045068,-0.045068,0.000000,0.000000,0.022534
0.000000,0.044993,-0.044993,0.000000,0.000000,0.022497
0.000000,0.044919,-0.044919,0.000000,0.000000,0.022459
0.000000,0.044844,-0.044844,0.000000,0.000000,0.022422
0.000000,0.044769,-0.044769,0.000000,0.000000,0.022384
0.000000,0.044694,-0.044694,0.000000,0.000000,0.022347
0.000000,0.044619,-0.044619,0.000000,0.000000,0.022310
0.000000,0.044544,-0.044544,0.000000,0.000000,0.022272
0.000000,0.044470,-0.044470,0.000000,0.000000,0.022235
0.000000,0.044395,-0.044395,0.000000,0.000000,0.022198
0.000000,0.044321,-0.044321,0.000000,0.000000,0.022160
0.000000,0.044246,-0.044246,0.000000,0.000000,0.022123
0.000000,0.044172,-0.044172,0.000000,0.000000,0.022086
0.000000,0.044097,-0.044097,0.000000,0.000000,0.022049
0.000000,0.044023,-0.044023,0.000000,0.000000,0.022011
0.000000,0.043948,-0.043948,0.000000,0.000000,0.021974
0.000000,0.043874,-0.043874,0.000000,0.000000,0.021937
0.000000,0.043800,-0.043800,0.000000,0.000000,0.021900
0.000000,0.043725,-0.043725,0.000000,0.000000,0.021863
0.000000,0.043651,-0.043651,0.000000,0.000000,0.021826
0.000000,0.043577,-0.043577,0.000000,0.000000,0.021789
0.000000,0.043503,-0.043503,0.000000,0.000000,0.021752
0.000000,0.043429,-0.043429,0.000000,0.000000,0.021715
0.000000,0.043355,-0.043355,0.000000,0.000000,0.021678
0.000000,0.043281,-0.043281,0.000000,0.000000,0.021641
0.000000,0.043207,-0.043207,0.000000,0.000000,0.021604
0.000000,0.043133,-0.043133,0.000000,0.000000,0.021567
0.000000,0.043059,-0.043059,0.000000,0.000000,0.021530
0.000000,0.042986,-0.042986,0.000000,0.000000,0.021493
0.000000,0.042912,-0.042912,0.000000,0.000000,0.021456
0.000000,0.042838,-0.042838,0.000000,0.000000,0.021419
0.000000,0.042765,-0.042765,0.000000,0.000000,0.021382
0.000000,0.042691,-0.042691,0.000000,0.000000,0.021346
0.000000,0.042618,-0.042618,0.000000,0.000000,0.021309
0.000000,0.042544,-0.042544,0.000000,0.000000,0.021272
0.000000,0.042471,-0.042471,0.000000,0.000000,0.021235
0.000000,0.042397,-0.042397,0.000000,0.000000,0.021199
0.000000,0.042324,-0.042324,0.000000,0.000000,0.021162
0.000000,0.042251,-0.042251,0.000000,0.000000,0.021125
0.000000,0.042177,-0.042177,0.000000,0.000000,0.021089
0.000000,0.042104,-0.042104,0.000000,0.000000,0.021052
0.000000,0.042031,-0.042031,0.000000,0.000000,0.021015
0.000000,0.041958,-0.041958,0.000000,0.000000,0.020979
0.000000,0.041885,-0.041885,0.000000,0.000000,0.020942
0.000000,0.041812,-0.041812,0.000000,0.000000,0.020906
0.000000,0.041739,-0.041739,0.000000,0.000000,0.020869
0.000000,0.041666,-0.041666,0.000000,0.000000,0.020833
0.000000,0.041593,-0.041593,0.000000,0.000000,0.020796
0.000000,0.041520,-0.041520,0.000000,0.000000,0.020760
0.000000,0.041447,-0.041447,0.000000,0.000000,0.020724
0.000000,0.041374,-0.041374,0.000000,0.000000,0.020687
0.000000,0.041302,-0.041302,0.000000,0.000000,0.020651
0.000000,0.041229,-0.041229,0.000000,0.000000,0.020615
0.000000,0.041156,-0.041156,0.000000,0.000000,0.020578
0.000000,0.041084,-0.041084,0.000000,0.000000,0.020542
0.000000,0.041011,-0.041011,0.000000,0.000000,0.020506
0.000000,0.040939,-0.040939,0.000000,0.000000,0.020469
0.000000,0.040867,-0.040867,0.000000,0.000000,0.020433
0.000000,0.040794,-0.040794,0.000000,0.000000,0.020397
0.000000,0.040722,-0.040722,0.000000,0.000000,0.020361
0.000000,0.040650,-0.040650,0.000000,0.000000,0.020325
0.000000,0.040577,-0.040577,0.000000,0.000000,0.020289
0.000000,0.040505,-0.040505,0.000000,0.000000,0.020253
0.000000,0.040433,-0.040433,0.000000,0.000000,0.020217
0.000000,0.040361,-0.040361,0.000000,0.000000,0.020180
0.000000,0.040289,-0.040289,0.000000,0.000000,0.020144
0.000000,0.040217,-0.040217,0.000000,0.000000,0.020108
0.000000,0.040145,-0.040145,0.000000,0.000000,0.020073
0.000000,0.040073,-0.040073,0.000000,0.000000,0.020037
0.000000,0.040001,-0.040001,0.000000,0.000000,0.020001
0.000000,0.039929,-0.039929,0.000000,0.000000,0.019965
0.000000,0.039858,-0.039858,0.000000,0.000000,0.019929
0.000000,0.039786,-0.039786,0.000000,0.000000,0.019893
0.000000,0.039714,-0.039714,0.000000,0.000000,0.019857
0.000000,0.039643,-0.039643,0.000000,0.000000,0.019821
0.000000,0.039571,-0.039571,0.000000,0.000000,0.019786
0.000000,0.039500,-0.039500,0.000000,0.000000,0.019750
0.000000,0.039428,-0.039428,0.000000,0.000000,0.019714
0.000000,0.039357,-0.039357,0.000000,0.000000,0.019678
0.000000,0.039286,-0.039286,0.000000,0.000000,0.019643
0.000000,0.039214,-0.039214,0.000000,0.000000,0.019607
0.000000,0.039143,-0.039143,0.000000,0.000000,0.019571
0.000000,0.039072,-0.039072,0.000000,0.000000,0.019536
0.000000,0.039001,-0.039001,0.000000,0.000000,0.019500
0.000000,0.038930,-0.038930,0.000000,0.000000,0.019465
0.000000,0.038858,-0.038858,0.000000,0.000000,0.019429
0.000000,0.038787,-0.038787,0.000000,0.000000,0.019394
0.000000,0.038716,-0.038716,0.000000,0.000000,0.019358
0.000000,0.038646,-0.038646,0.000000,0.000000,0.019323
0.000000,0.038575,-0.038575,0.000000,0.000000,0.019287
0.000000,0.038504,-0.038504,0.000000,0.000000,0.019252
0.000000,0.038433,-0.038433,0.000000,0.000000,0.019217
0.000000,0.038362,-0.038362,0.000000,0.000000,0.019181
0.000000,0.038292,-0.038292,0.000000,0.000000,0.019146
0.000000,0.038221,-0.038221,0.000000,0.000000,0.019111
0.000000,0.038151,-0.038151,0.000000,0.000000,0.019075
0.000000,0.038080,-0.038080,0.000000,0.000000,0.019040
0.000000,0.038010,-0.038010,0.000000,0.000000,0.019005
0.000000,0.037939,-0.037939,0.000000,0.000000,0.018970
0.000000,0.037869,-0.037869,0.000000,0.000000,0.018934
0.000000,0.037799,-0.037799,0.000000,0.000000,0.018899
0.000000,0.037728,-0.037728,0.000000,0.000000,0.018864
0.000000,0.037658,-0.037658,0.000000,0.000000,0.018829
0.000000,0.037588,-0.037588,0.000000,0.000000,0.018794
0.000000,0.037518,-0.037518,0.000000,0.000000,0.018759
0.000000,0.037448,-0.037448,0.000000,0.000000,0.018724
0.000000,0.037378,-0.037378,0.000000,0.000000,0.018689
0.000000,0.037308,-0.037308,0.000000,0.000000,0.018654
0.000000,0.037238,-0.037238,0.000000,0.000000,0.018619
0.000000,0.037168,-0.037168,0.000000,0.000000,0.018584
0.000000,0.037098,-0.037098,0.000000,0.000000,0.018549
0.000000,0.037028,-0.037028,0.000000,0.000000,0.018514
0.000000,0.036959,-0.036959,0.000000,0.000000,0.018479
0.000000,0.036889,-0.036889,0.000000,0.000000,0.018445
0.000000,0.036819,-0.036819,0.000000,0.000000,0.018410
0.000000,0.036750,-0.036750,0.000000,0.000000,0.018375
0.000000,0.036680,-0.036680,0.000000,0.000000,0.018340
0.000000,0.036611,-0.036611,0.000000,0.000000,0.018305
0.000000,0.036541,-0.036541,0.000000,0.000000,0.018271
0.000000,0.036472,-0.036472,0.000000,0.000000,0.018236
0.000000,0.036403,-0.036403,0.000000,0.000000,0.018201
0.000000,0.036334,-0.036334,0.000000,0.000000,0.018167
0.000000,0.036264,-0.036264,0.000000,0.000000,0.018132
0.000000,0.036195,-0.036195,0.000000,0.000000,0.018098
0.000000,0.036126,-0.036126,0.000000,0.000000,0.018063
0.000000,0.036057,-0.036057,0.000000,0.000000,0.018029
0.000000,0.035988,-0.035988,0.000000,0.000000,0.017994
0.000000,0.035919,-0.035919,0.000000,0.000000,0.017960
0.000000,0.035850,-0.035850,0.000000,0.000000,0.017925
0.000000,0.035781,-0.035781,0.000000,0.000000,0.017891
0.000000,0.035713,-0.035713,0.000000,0.000000,0.017856
0.000000,0.035644,-0.035644,0.000000,0.000000,0.017822
0.000000,0.035575,-0.035575,0.000000,0.000000,0.017788
0.000000,0.035507,-0.035507,0.000000,0.000000,0.017753
0.000000,0.035438,-0.035438,0.000000,0.000000,0.017719
0.000000,0.035369,-0.035369,0.000000,0.000000,0.017685
0.000000,0.035301,-0.035301,0.000000,0.000000,0.017651
0.000000,0.035233,-0.035233,0.000000,0.000000,0.017616
0.000000,0.035164,-0.035164,0.000000,0.000000,0.017582
0.000000,0.035096,-0.035096,0.000000,0.000000,0.017548
0.000000,0.035028,-0.035028,0.000000,0.000000,0.017514
0.000000,0.034959,-0.034959,0.000000,0.000000,0.017480
0.000000,0.034891,-0.034891,0.000000,0.000000,0.017446
0.000000,0.034823,-0.034823,0.000000,0.000000,0.017412
0.000000,0.034755,-0.034755,0.000000,0.000000,0.017378
0.000000,0.034687,-0.034687,0.000000,0.000000,0.017344
0.000000,0.034619,-0.034619,0.000000,0.000000,0.017310
0.000000,0.034551,-0.034551,0.000000,0.000000,0.017276
0.000000,0.034483,-0.034483,0.000000,0.000000,0.017242
0.000000,0.034416,-0.034416,0.000000,0.000000,0.017208
0.000000,0.034348,-0.034348,0.000000,0.000000,0.017174
0.000000,0.034280,-0.034280,0.000000,0.000000,0.017140
0.000000,0.034213,-0.034213,0.000000,0.000000,0.017106
0.000000,0.034145,-0.034145,0.000000,0.000000,0.017072
0.000000,0.034077,-0.034077,0.000000,0.000000,0.017039
0.000000,0.034010,-0.034010,0.000000,0.000000,0.017005
0.000000,0.033943,-0.033943,0.000000,0.000000,0.016971
0.000000,0.033875,-0.033875,0.000000,0.000000,0.016938
0.000000,0.033808,-0.033808,0.000000,0.000000,0.016904
0.000000,0.033741,-0.033741,0.000000,0.000000,0.016870
0.000000,0.033673,-0.033673,0.000000,0.000000,0.016837
0.000000,0.033606,-0.033606,0.000000,0.000000,0.016803
0.000000,0.033539,-0.033539,0.000000,0.000000,0.016770
0.000000,0.033472,-0.033472,0.000000,0.000000,0.016736
0.000000,0.033405,-0.033405,0.000000,0.000000,0.016703
0.000000,0.033338,-0.033338,0.000000,0.000000,0.016669
0.000000,0.033271,-0.033271,0.000000,0.000000,0.016636
0.000000,0.033204,-0.033204,0.000000,0.000000,0.016602
0.000000,0.033138,-0.033138,0.000000,0.000000,0.016569
0.000000,0.033071,-0.033071,0.000000,0.000000,0.016535
0.000000,0.033004,-0.033004,0.000000,0.000000,0.016502
0.000000,0.032938,-0.032938,0.000000,0.000000,0.016469
0.000000,0.032871,-0.032871,0.000000,0.000000,0.016436
0.000000,0.032805,-0.032805,0.000000,0.000000,0.016402
0.000000,0.032738,-0.032738,0.000000,0.000000,0.016369
0.000000,0.032672,-0.032672,0.000000,0.000000,0.016336
0.000000,0.032605,-0.032605,0.000000,0.000000,0.016303
0.000000,0.032539,-0.032539,0.000000,0.000000,0.016270
0.000000,0.032473,-0.032473,0.000000,0.000000,0.016236
0.000000,0.032407,-0.032407,0.000000,0.000000,0.016203
0.000000,0.032341,-0.032341,0.000000,0.000000,0.016170
0.000000,0.032274,-0.032274,0.000000,0.000000,0.016137
0.000000,0.032208,-0.032208,0.000000,0.000000,0.016104
0.000000,0.032142,-0.032142,0.000000,0.000000,0.016071
0.000000,0.032077,-0.032077,0.000000,0.000000,0.016038
0.000000,0.032011,-0.032011,0.000000,0.000000,0.016005
0.000000,0.031945,-0.031945,0.000000,0.000000,0.015972
0.000000,0.031879,-0.031879,0.000000,0.000000,0.015940
0.000000,0.031813,-0.031813,0.000000,0.000000,0.015907
0.000000,0.031748,-0.031748,0.000000,0.000000,0.015874
0.000000,0.031682,-0.031682,0.000000,0.000000,0.015841
0.000000,0.031617,-0.031617,0.000000,0.000000,0.015808
0.000000,0.031551,-0.031551,0.000000,0.000000,0.015776
0.000000,0.031486,-0.031486,0.000000,0.000000,0.015743
0.000000,0.031420,-0.031420,0.000000,0.000000,0.015710
0.000000,0.031355,-0.031355,0.000000,0.000000,0.015678
0.000000,0.031290,-0.031290,0.000000,0.000000,0.015645
0.000000,0.031225,-0.031225,0.000000,0.000000,0.015612
0.000000,0.031160,-0.031160,0.000000,0.000000,0.015580
0.000000,0.031094,-0.031094,0.000000,0.000000,0.015547
0.000000,0.031029,-0.031029,0.000000,0.000000,0.015515
0.000000,0.030964,-0.030964,0.000000,0.000000,0.015482
0.000000,0.030900,-0.030900,0.000000,0.000000,0.015450
0.000000,0.030835,-0.030835,0.000000,0.000000,0.015417
0.000000,0.030770,-0.030770,0.000000,0.000000,0.015385
0.000000,0.030705,-0.030705,0.000000,0.000000,0.015353
0.000000,0.030640,-0.030640,0.000000,0.000000,0.015320
0.000000,0.030576,-0.030576,0.000000,0.000000,0.015288
0.000000,0.030511,-0.030511,0.000000,0.000000,0.015256
0.000000,0.030447,-0.030447,0.000000,0.000000,0.015223
0.000000,0.030382,-0.030382,0.000000,0.000000,0.015191
0.000000,0.030318,-0.030318,0.000000,0.000000,0.015159
0.000000,0.030253,-0.030253,0.000000,0.000000,0.015127
0.000000,0.030189,-0.030189,0.000000,0.000000,0.015095
0.000000,0.030125,-0.030125,0.000000,0.000000,0.015062
0.000000,0.030061,-0.030061,0.000000,0.000000,0.015030
0.000000,0.029997,-0.029997,0.000000,0.000000,0.014998
0.000000,0.029933,-0.029933,0.000000,0.000000,0.014966
0.000000,0.029869,-0.029869,0.000000,0.000000,0.014934
0.000000,0.029805,-0.029805,0.000000,0.000000,0.014902
0.000000,0.029741,-0.029741,0.000000,0.000000,0.014870
0.000000,0.029677,-0.029677,0.000000,0.000000,0.014838
0.000000,0.029613,-0.029613,0.000000,0.000000,0.014806
0.000000,0.029549,-0.029549,0.000000,0.000000,0.014775
0.000000,0.029486,-0.029486,0.000000,0.000000,0.014743
0.000000,0.029422,-0.029422,0.000000,0.000000,0.014711
0.000000,0.029358,-0.029358,0.000000,0.000000,0.014679
0.000000,0.029295,-0.029295,0.000000,0.000000,0.014647
0.000000,0.029231,-0.029231,0.000000,0.000000,0.014616
0.000000,0.029168,-0.029168,0.000000,0.000000,0.014584
0.000000,0.029105,-0.029105,0.000000,0.000000,0.014552
0.000000,0.029041,-0.029041,0.000000,0.000000,0.014521
0.000000,0.028978,-0.028978,0.000000,0.000000,0.014489
0.000000,0.028915,-0.028915,0.000000,0.000000,0.014458
0.000000,0.028852,-0.028852,0.000000,0.000000,0.014426
0.000000,0.028789,-0.028789,0.000000,0.000000,0.014394
0.000000,0.028726,-0.028726,0.000000,0.000000,0.014363
0.000000,0.028663,-0.028663,0.000000,0.000000,0.014331
0.000000,0.028600,-0.028600,0.000000,0.000000,0.014300
0.000000,0.028537,-0.028537,0.000000,0.000000,0.014269
0.000000,0.028474,-0.028474,0.000000,0.000000,0.014237
0.000000,0.028412,-0.028412,0.000000,0.000000,0.014206
0.000000,0.028349,-0.028349,0.000000,0.000000,0.014175
0.000000,0.028287,-0.028287,0.000000,0.000000,0.014143
0.000000,0.028224,-0.028224,0.000000,0.000000,0.014112
0.000000,0.028161,-0.028161,0.000000,0.000000,0.014081
0.000000,0.028099,-0.028099,0.000000,0.000000,0.014050
0.000000,0.028037,-0.028037,0.000000,0.000000,0.014018
0.000000,0.027974,-0.027974,0.000000,0.000000,0.013987
0.000000,0.027912,-0.027912,0.000000,0.000000,0.013956
0.000000,0.027850,-0.027850,0.000000,0.000000,0.013925
0.000000,0.027788,-0.027788,0.000000,0.000000,0.013894
0.000000,0.027726,-0.027726,0.000000,0.000000,0.013863
0.000000,0.027664,-0.027664,0.000000,0.000000,0.013832
0.000000,0.027602,-0.027602,0.000000,0.000000,0.013801
0.000000,0.027540,-0.027540,0.000000,0.000000,0.013770
0.000000,0.027478,-0.027478,0.000000,0.000000,0.013739
0.000000,0.027416,-0.027416,0.000000,0.000000,0.013708
0.000000,0.027355,-0.027355,0.000000,0.000000,0.013677
0.000000,0.027293,-0.027293,0.000000,0.000000,0.013646
0.000000,0.027231,-0.027231,0.000000,0.000000,0.013616
0.000000,0.027170,-0.027170,0.000000,0.000000,0.013585
0.000000,0.027108,-0.027108,0.000000,0.000000,0.013554
0.000000,0.027047,-0.027047,0.000000,0.000000,0.013523
0.000000,0.026986,-0.026986,0.000000,0.000000,0.013493
0.000000,0.026924,-0.026924,0.000000,0.000000,0.013462
0.000000,0.026863,-0.026863,0.000000,0.000000,0.013431
0.000000,0.026802,-0.026802,0.000000,0.000000,0.013401
0.000000,0.026741,-0.026741,0.000000,0.000000,0.013370
0.000000,0.026680,-0.026680,0.000000,0.000000,0.013340
0.000000,0.026619,-0.026619,0.000000,0.000000,0.013309
0.000000,0.026558,-0.026558,0.000000,0.000000,0.013279
0.000000,0.026497,-0.026497,0.000000,0.000000,0.013248
0.000000,0.026436,-0.026436,0.000000,0.000000,0.013218
0.000000,0.026375,-0.026375,0.000000,0.000000,0.013188
0.000000,0.026314,-0.026314,0.000000,0.000000,0.013157
0.000000,0.026254,-0.026254,0.000000,0.000000,0.013127
0.000000,0.026193,-0.026193,0.000000,0.000000,0.013097
0.000000,0.026133,-0.026133,0.000000,0.000000,0.013066
0.000000,0.026072,-0.026072,0.000000,0.000000,0.013036
0.000000,0.026012,-0.026012,0.000000,0.000000,0.013006
0.000000,0.025951,-0.025951,0.000000,0.000000,0.012976
0.000000,0.025891,-0.025891,0.000000,0.000000,0.012945
0.000000,0.025831,-0.025831,0.000000,0.000000,0.012915
0.000000,0.025771,-0.025771,0.000000,0.000000,0.012885
0.000000,0.025710,-0.025710,0.000000,0.000000,0.012855
0.000000,0.025650,-0.025650,0.000000,0.000000,0.012825
0.000000,0.025590,-0.025590,0.000000,0.000000,0.012795
0.000000,0.025530,-0.025530,0.000000,0.000000,0.012765
0.000000,0.025471,-0.025471,0.000000,0.000000,0.012735
0.000000,0.025411,-0.025411,0.000000,0.000000,0.012705
0.000000,0.025351,-0.025351,0.000000,0.000000,0.012675
0.000000,0.025291,-0.025291,0.000000,0.000000,0.012646
0.000000,0.025232,-0.025232,0.000000,0.000000,0.012616
0.000000,0.025172,-0.025172,0.000000,0.000000,0.012586
0.000000,0.025113,-0.025113,0.000000,0.000000,0.012556
0.000000,0.025053,-0.025053,0.000000,0.000000,0.012527
0.000000,0.024994,-0.024994,0.000000,0.000000,0.012497
0.000000,0.024934,-0.024934,0.000000,0.000000,0.012467
0.000000,0.024875,-0.024875,0.000000,0.000000,0.012438
0.000000,0.024816,-0.024816,0.000000,0.000000,0.012408
0.000000,0.024757,-0.024757,0.000000,0.000000,0.012378
0.000000,0.024698,-0.024698,0.000000,0.000000,0.012349
0.000000,0.024639,-0.024639,0.000000,0.000000,0.012319
0.000000,0.024580,-0.024580,0.000000,0.000000,0.012290
0.000000,0.024521,-0.024521,0.000000,0.000000,0.012260
0.000000,0.024462,-0.024462,0.000000,0.000000,0.012231
0.000000,0.024403,-0.024403,0.000000,0.000000,0.012202
0.000000,0.024344,-0.024344,0.000000,0.000000,0.012172
0.000000,0.024286,-0.024286,0.000000,0.000000,0.012143
0.000000,0.024227,-0.024227,0.000000,0.000000,0.012113
0.000000,0.024168,-0.024168,0.000000,0.000000,0.012084
0.000000,0.024110,-0.024110,0.000000,0.000000,0.012055
0.000000,0.024052,-0.024052,0.000000,0.000000,0.012026
0.000000,0.023993,-0.023993,0.000000,0.000000,0.011997
0.000000,0.023935,-0.023935,0.000000,0.000000,0.011967
0.000000,0.023877,-0.023877,0.000000,0.000000,0.011938
0.000000,0.023818,-0.023818,0.000000,0.000000,0.011909
0.000000,0.023760,-0.023760,0.000000,0.000000,0.011880
0.000000,0.023702,-0.023702,0.000000,0.000000,0.011851
0.000000,0.023644,-0.023644,0.000000,0.000000,0.011822
0.000000,0.023586,-0.023586,0.000000,0.000000,0.011793
0.000000,0.023528,-0.023528,0.000000,0.000000,0.011764
0.000000,0.023471,-0.023471,0.000000,0.000000,0.011735
0.000000,0.023413,-0.023413,0.000000,0.000000,0.011706
0.000000,0.023355,-0.023355,0.000000,0.000000,0.011678
0.000000,0.023298,-0.023298,0.000000,0.000000,0.011649
0.000000,0.023240,-0.023240,0.000000,0.000000,0.011620
0.000000,0.023182,-0.023182,0.000000,0.000000,0.011591
0.000000,0.023125,-0.023125,0.000000,0.000000,0.011563
0.000000,0.023068,-0.023068,0.000000,0.000000,0.011534
0.000000,0.023010,-0.023010,0.000000,0.000000,0.011505
0.000000,0.022953,-0.022953,0.000000,0.000000,0.011477
0.000000,0.022896,-0.022896,0.000000,0.000000,0.011448
0.000000,0.022839,-0.022839,0.000000,0.000000,0.011419
0.000000,0.022782,-0.022782,0.000000,0.000000,0.011391
0.000000,0.022725,-0.022725,0.000000,0.000000,0.011362
0.000000,0.022668,-0.022668,0.000000,0.000000,0.011334
0.000000,0.022611,-0.022611,0.000000,0.000000,0.011305
0.000000,0.022554,-0.022554,0.000000,0.000000,0.011277
0.000000,0.022497,-0.022497,0.000000,0.000000,0.011249
0.000000,0.022441,-0.022441,0.000000,0.000000,0.011220
0.000000,0.022384,-0.022384,0.000000,0.000000,0.011192
0.000000,0.022327,-0.022327,0.000000,0.000000,0.011164
0.000000,0.022271,-0.022271,0.000000,0.000000,0.011135
0.000000,0.022214,-0.022214,0.000000,0.000000,0.011107
0.000000,0.022158,-0.022158,0.000000,0.000000,0.011079
0.000000,0.022102,-0.022102,0.000000,0.000000,0.011051
0.000000,0.022045,-0.022045,0.000000,0.000000,0.011023
0.000000,0.021989,-0.021989,0.000000,0.000000,0.010995
0.000000,0.021933,-0.021933,0.000000,0.000000,0.010967
0.000000,0.021877,-0.021877,0.000000,0.000000,0.010939
0.000000,0.021821,-0.021821,0.000000,0.000000,0.010911
0.000000,0.021765,-0.021765,0.000000,0.000000,0.010883
0.000000,0.021709,-0.021709,0.000000,0.000000,0.010855
0.000000,0.021653,-0.021653,0.000000,0.000000,0.010827
0.000000,0.021598,-0.021598,0.000000,0.000000,0.010799
0.000000,0.021542,-0.021542,0.000000,0.000000,0.010771
0.000000,0.021486,-0.021486,0.000000,0.000000,0.010743
0.000000,0.021431,-0.021431,0.000000,0.000000,0.010715
0.000000,0.021375,-0.021375,0.000000,0.000000,0.010688
0.000000,0.021320,-0.021320,0.000000,0.000000,0.010660
0.000000,0.021264,-0.021264,0.000000,0.000000,0.010632
0.000000,0.021209,-0.021209,0.000000,0.000000,0.010605
0.000000,0.021154,-0.021154,0.000000,0.000000,0.010577
0.000000,0.021099,-0.021099,0.000000,0.000000,0.010549
0.000000,0.021044,-0.021044,0.000000,0.000000,0.010522
0.000000,0.020989,-0.020989,0.000000,0.000000,0.010494
0.000000,0.020934,-0.020934,0.000000,0.000000,0.010467
0.000000,0.020879,-0.020879,0.000000,0.000000,0.010439
0.000000,0.020824,-0.020824,0.000000,0.000000,0.010412
0.000000,0.020769,-0.020769,0.000000,0.000000,0.010384
0.000000,0.020714,-0.020714,0.000000,0.000000,0.010357
0.000000,0.020660,-0.020660,0.000000,0.000000,0.010330
0.000000,0.020605,-0.020605,0.000000,0.000000,0.010302
0.000000,0.020550,-0.020550,0.000000,0.000000,0.010275
0.000000,0.020496,-0.020496,0.000000,0.000000,0.010248
0.000000,0.020441,-0.020441,0.000000,0.000000,0.010221
0.000000,0.020387,-0.020387,0.000000,0.000000,0.010194
0.000000,0.020333,-0.020333,0.000000,0.000000,0.010166
0.000000,0.020279,-0.020279,0.000000,0.000000,0.010139
0.000000,0.020224,-0.020224,0.000000,0.000000,0.010112
0.000000,0.020170,-0.020170,0.000000,0.000000,0.010085
0.000000,0.020116,-0.020116,0.000000,0.000000,0.010058
0.000000,0.020062,-0.020062,0.000000,0.000000,0.010031
0.000000,0.020008,-0.020008,0.000000,0.000000,0.010004
0.000000,0.019955,-0.019955,0.000000,0.000000,0.009977
0.000000,0.019901,-0.019901,0.000000,0.000000,0.009950
0.000000,0.019847,-0.019847,0.000000,0.000000,0.009924
0.000000,0.019793,-0.019793,0.000000,0.000000,0.009897
0.000000,0.019740,-0.019740,0.000000,0.000000,0.009870
0.000000,0.019686,-0.019686,0.000000,0.000000,0.009843
0.000000,0.019633,-0.019633,0.000000,0.000000,0.009816
0.000000,0.019580,-0.019580,0.000000,0.000000,0.009790
0.000000,0.019526,-0.019526,0.000000,0.000000,0.009763
0.000000,0.019473,-0.019473,0.000000,0.000000,0.009736
0.000000,0.019420,-0.019420,0.000000,0.000000,0.009710
0.000000,0.019367,-0.019367,0.000000,0.000000,0.009683
0.000000,0.019314,-0.019314,0.000000,0.000000,0.009657
0.000000,0.019261,-0.019261,0.000000,0.000000,0.009630
0.000000,0.019208,-0.019208,0.000000,0.000000,0.009604
0.000000,0.019155,-0.019155,0.000000,0.000000,0.009577
0.000000,0.019102,-0.019102,0.000000,0.000000,0.009551
0.000000,0.019049,-0.019049,0.000000,0.000000,0.009525
0.000000,0.018997,-0.018997,0.000000,0.000000,0.009498
0.000000,0.018944,-0.018944,0.000000,0.000000,0.009472
0.000000,0.018891,-0.018891,0.000000,0.000000,0.009446
0.000000,0.018839,-0.018839,0.000000,0.000000,0.009419
0.000000,0.018787,-0.018787,0.000000,0.000000,0.009393
0.000000,0.018734,-0.018734,0.000000,0.000000,0.009367
0.000000,0.018682,-0.018682,0.000000,0.000000,0.009341
0.000000,0.018630,-0.018630,0.000000,0.000000,0.009315
0.000000,0.018578,-0.018578,0.000000,0.000000,0.009289
0.000000,0.018525,-0.018525,0.000000,0.000000,0.009263
0.000000,0.018473,-0.018473,0.000000,0.000000,0.009237
0.000000,0.018422,-0.018422,0.000000,0.000000,0.009211
0.000000,0.018370,-0.018370,0.000000,0.000000,0.009185
0.000000,0.018318,-0.018318,0.000000,0.000000,0.009159
0.000000,0.018266,-0.018266,0.000000,0.000000,0.009133
0.000000,0.018214,-0.018214,0.000000,0.000000,0.009107
0.000000,0.018163,-0.018163,0.000000,0.000000,0.009081
0.000000,0.018111,-0.018111,0.000000,0.000000,0.009056
0.000000,0.018060,-0.018060,0.000000,0.000000,0.009030
0.000000,0.018008,-0.018008,0.000000,0.000000,0.009004
0.000000,0.017957,-0.017957,0.000000,0.000000,0.008978
0.000000,0.017906,-0.017906,0.000000,0.000000,0.008953
0.000000,0.017854,-0.017854,0.000000,0.000000,0.008927
0.000000,0.017803,-0.017803,0.000000,0.000000,0.008902
0.000000,0.017752,-0.017752,0.000000,0.000000,0.008876
0.000000,0.017701,-0.017701,0.000000,0.000000,0.008851
0.000000,0.017650,-0.017650,0.000000,0.000000,0.008825
0.000000,0.017599,-0.017599,0.000000,0.000000,0.008800
0.000000,0.017548,-0.017548,0.000000,0.000000,0.008774
0.000000,0.017498,-0.017498,0.000000,0.000000,0.008749
0.000000,0.017447,-0.017447,0.000000,0.000000,0.008723
0.000000,0.017396,-0.017396,0.000000,0.000000,0.008698
0.000000,0.017346,-0.017346,0.000000,0.000000,0.008673
0.000000,0.017295,-0.017295,0.000000,0.000000,0.008648
0.000000,0.017245,-0.017245,0.000000,0.000000,0.008622
0.000000,0.017195,-0.017195,0.000000,0.000000,0.008597
0.000000,0.017144,-0.017144,0.000000,0.000000,0.008572
0.000000,0.017094,-0.017094,0.000000,0.000000,0.008547
0.000000,0.017044,-0.017044,0.000000,0.000000,0.008522
0.000000,0.016994,-0.016994,0.000000,0.000000,0.008497
0.000000,0.016944,-0.016944,0.000000,0.000000,0.008472
0.000000,0.016894,-0.016894,0.000000,0.000000,0.008447
0.000000,0.016844,-0.016844,0.000000,0.000000,0.008422
0.000000,0.016794,-0.016794,0.000000,0.000000,0.008397
0.000000,0.016744,-0.016744,0.000000,0.000000,0.008372
0.000000,0.016695,-0.016695,0.000000,0.000000,0.008347
0.000000,0.016645,-0.016645,0.000000,0.000000,0.008322
0.000000,0.016595,-0.016595,0.000000,0.000000,0.008298
0.000000,0.016546,-0.016546,0.000000,0.000000,0.008273
0.000000,0.016496,-0.016496,0.000000,0.000000,0.008248
0.000000,0.016447,-0.016447,0.000000,0.000000,0.008224
0.000000,0.016398,-0.016398,0.000000,0.000000,0.008199
0.000000,0.016349,-0.016349,0.000000,0.000000,0.008174
0.000000,0.016299,-0.016299,0.000000,0.000000,0.008150
0.000000,0.016250,-0.016250,0.000000,0.000000,0.008125
0.000000,0.016201,-0.016201,0.000000,0.000000,0.008101
0.000000,0.016152,-0.016152,0.000000,0.000000,0.008076
0.000000,0.016103,-0.016103,0.000000,0.000000,0.008052
0.000000,0.016055,-0.016055,0.000000,0.000000,0.008027
0.000000,0.016006,-0.016006,0.000000,0.000000,0.008003
0.000000,0.015957,-0.015957,0.000000,0.000000,0.007979
0.000000,0.015909,-0.015909,0.000000,0.000000,0.007954
0.000000,0.015860,-0.015860,0.000000,0.000000,0.007930
0.000000,0.015812,-0.015812,0.000000,0.000000,0.007906
0.000000,0.015763,-0.015763,0.000000,0.000000,0.007882
0.000000,0.015715,-0.015715,0.000000,0.000000,0.007857
0.000000,0.015667,-0.015667,0.000000,0.000000,0.007833
0.000000,0.015618,-0.015618,0.000000,0.000000,0.007809
0.000000,0.015570,-0.015570,0.000000,0.000000,0.007785
0.000000,0.015522,-0.015522,0.000000,0.000000,0.007761
0.000000,0.015474,-0.015474,0.000000,0.000000,0.007737
0.000000,0.015426,-0.015426,0.000000,0.000000,0.007713
0.000000,0.015378,-0.015378,0.000000,0.000000,0.007689
0.000000,0.015331,-0.015331,0.000000,0.000000,0.007665
0.000000,0.015283,-0.015283,0.000000,0.000000,0.007641
0.000000,0.015235,-0.015235,0.000000,0.000000,0.007618
0.000000,0.015188,-0.015188,0.000000,0.000000,0.007594
0.000000,0.015140,-0.015140,0.000000,0.000000,0.007570
0.000000,0.015093,-0.015093,0.000000,0.000000,0.007546
0.000000,0.015045,-0.015045,0.000000,0.000000,0.007523
0.000000,0.014998,-0.014998,0.000000,0.000000,0.007499
0.000000,0.014951,-0.014951,0.000000,0.000000,0.007475
0.000000,0.014903,-0.014903,0.000000,0.000000,0.007452
0.000000,0.014856,-0.014856,0.000000,0.000000,0.007428
0.000000,0.014809,-0.014809,0.000000,0.000000,0.007405
0.000000,0.014762,-0.014762,0.000000,0.000000,0.007381
0.000000,0.014715,-0.014715,0.000000,0.000000,0.007358
0.000000,0.014669,-0.014669,0.000000,0.000000,0.007334
0.000000,0.014622,-0.014622,0.000000,0.000000,0.007311
0.000000,0.014575,-0.014575,0.000000,0.000000,0.007288
0.000000,0.014528,-0.014528,0.000000,0.000000,0.007264
0.000000,0.014482,-0.014482,0.000000,0.000000,0.007241
0.000000,0.014435,-0.014435,0.000000,0.000000,0.007218
0.000000,0.014389,-0.014389,0.000000,0.000000,0.007194
0.000000,0.014343,-0.014343,0.000000,0.000000,0.007171
0.000000,0.014296,-0.014296,0.000000,0.000000,0.007148
0.000000,0.014250,-0.014250,0.000000,0.000000,0.007125
0.000000,0.014204,-0.014204,0.000000,0.000000,0.007102
0.000000,0.014158,-0.014158,0.000000,0.000000,0.007079
0.000000,0.014112,-0.014112,0.000000,0.000000,0.007056
0.000000,0.014066,-0.014066,0.000000,0.000000,0.007033
0.000000,0.014020,-0.014020,0.000000,0.000000,0.007010
0.000000,0.013974,-0.013974,0.000000,0.000000,0.006987
0.000000,0.013929,-0.013929,0.000000,0.000000,0.006964
0.000000,0.013883,-0.013883,0.000000,0.000000,0.006941
0.000000,0.013837,-0.013837,0.000000,0.000000,0.006919
0.000000,0.013792,-0.013792,0.000000,0.000000,0.006896
0.000000,0.013746,-0.013746,0.000000,0.000000,0.006873
0.000000,0.013701,-0.013701,0.000000,0.000000,0.006850
0.000000,0.013656,-0.013656,0.000000,0.000000,0.006828
0.000000,0.013610,-0.013610,0.000000,0.000000,0.006805
0.000000,0.013565,-0.013565,0.000000,0.000000,0.006783
0.000000,0.013520,-0.013520,0.000000,0.000000,0.006760
0.000000,0.013475,-0.013475,0.000000,0.000000,0.006737
0.000000,0.013430,-0.013430,0.000000,0.000000,0.006715
0.000000,0.013385,-0.013385,0.000000,0.000000,0.006693
0.000000,0.013340,-0.013340,0.000000,0.000000,0.006670
0.000000,0.013296,-0.013296,0.000000,0.000000,0.006648
0.000000,0.013251,-0.013251,0.000000,0.000000,0.006625
0.000000,0.013206,-0.013206,0.000000,0.000000,0.006603
0.000000,0.013162,-0.013162,0.000000,0.000000,0.006581
0.000000,0.013117,-0.013117,0.000000,0.000000,0.006559
0.000000,0.013073,-0.013073,0.000000,0.000000,0.006536
0.000000,0.013028,-0.013028,0.000000,0.000000,0.006514
0.000000,0.012984,-0.012984,0.000000,0.000000,0.006492
0.000000,0.012940,-0.012940,0.000000,0.000000,0.006470
0.000000,0.012896,-0.012896,0.000000,0.000000,0.006448
0.000000,0.012852,-0.012852,0.000000,0.000000,0.006426
0.000000,0.012808,-0.012808,0.000000,0.000000,0.006404
0.000000,0.012764,-0.012764,0.000000,0.000000,0.006382
0.000000,0.012720,-0.012720,0.000000,0.000000,0.006360
0.000000,0.012676,-0.012676,0.000000,0.000000,0.006338
0.000000,0.012633,-0.012633,0.000000,0.000000,0.006316
0.000000,0.012589,-0.012589,0.000000,0.000000,0.006294
0.000000,0.012545,-0.012545,0.000000,0.000000,0.006273
0.000000,0.012502,-0.012502,0.000000,0.000000,0.006251
0.000000,0.012458,-0.012458,0.000000,0.000000,0.006229
0.000000,0.012415,-0.012415,0.000000,0.000000,0.006208
0.000000,0.012372,-0.012372,0.000000,0.000000,0.006186
0.000000,0.012329,-0.012329,0.000000,0.000000,0.006164
0.000000,0.012285,-0.012285,0.000000,0.000000,0.006143
0.000000,0.012242,-0.012242,0.000000,0.000000,0.006121
0.000000,0.012199,-0.012199,0.000000,0.000000,0.006100
0.000000,0.012156,-0.012156,0.000000,0.000000,0.006078
0.000000,0.012114,-0.012114,0.000000,0.000000,0.006057
0.000000,0.012071,-0.012071,0.000000,0.000000,0.006035
0.000000,0.012028,-0.012028,0.000000,0.000000,0.006014
0.000000,0.011985,-0.011985,0.000000,0.000000,0.005993
0.000000,0.011943,-0.011943,0.000000,0.000000,0.005971
0.000000,0.011900,-0.011900,0.000000,0.000000,0.005950
0.000000,0.011858,-0.011858,0.000000,0.000000,0.005929
0.000000,0.011815,-0.011815,0.000000,0.000000,0.005908
0.000000,0.011773,-0.011773,0.000000,0.000000,0.005887
0.000000,0.011731,-0.011731,0.000000,0.000000,0.005865
0.000000,0.011689,-0.011689,0.000000,0.000000,0.005844
0.000000,0.011647,-0.011647,0.000000,0.000000,0.005823
0.000000,0.011605,-0.011605,0.000000,0.000000,0.005802
0.000000,0.011563,-0.011563,0.000000,0.000000,0.005781
0.000000,0.011521,-0.011521,0.000000,0.000000,0.005760
0.000000,0.011479,-0.011479,0.000000,0.000000,0.005740
0.000000,0.011437,-0.011437,0.000000,0.000000,0.005719
0.000000,0.011396,-0.011396,0.000000,0.000000,0.005698
0.000000,0.011354,-0.011354,0.000000,0.000000,0.005677
0.000000,0.011313,-0.011313,0.000000,0.000000,0.005656
0.000000,0.011271,-0.011271,0.000000,0.000000,0.005636
0.000000,0.011230,-0.011230,0.000000,0.000000,0.005615
0.000000,0.011189,-0.011189,0.000000,0.000000,0.005594
0.000000,0.011147,-0.011147,0.000000,0.000000,0.005574
0.000000,0.011106,-0.011106,0.000000,0.000000,0.005553
0.000000,0.011065,-0.011065,0.000000,0.000000,0.005533
0.000000,0.011024,-0.011024,0.000000,0.000000,0.005512
0.000000,0.010983,-0.010983,0.000000,0.000000,0.005492
0.000000,0.010942,-0.010942,0.000000,0.000000,0.005471
0.000000,0.010901,-0.010901,0.000000,0.000000,0.005451
0.000000,0.010861,-0.010861,0.000000,0.000000,0.005430
0.000000,0.010820,-0.010820,0.000000,0.000000,0.005410
0.000000,0.010780,-0.010780,0.000000,0.000000,0.005390
0.000000,0.010739,-0.010739,0.000000,0.000000,0.005370
0.000000,0.010699,-0.010699,0.000000,0.000000,0.005349
0.000000,0.010658,-0.010658,0.000000,0.000000,0.005329
0.000000,0.010618,-0.010618,0.000000,0.000000,0.005309
0.000000,0.010578,-0.010578,0.000000,0.000000,0.005289
0.000000,0.010538,-0.010538,0.000000,0.000000,0.005269
0.000000,0.010498,-0.010498,0.000000,0.000000,0.005249
0.000000,0.010458,-0.010458,0.000000,0.000000,0.005229
0.000000,0.010418,-0.010418,0.000000,0.000000,0.005209
0.000000,0.010378,-0.010378,0.000000,0.000000,0.005189
0.000000,0.010338,-0.010338,0.000000,0.000000,0.005169
0.000000,0.010298,-0.010298,0.000000,0.000000,0.005149
0.000000,0.010259,-0.010259,0.000000,0.000000,0.005129
0.000000,0.010219,-0.010219,0.000000,0.000000,0.005110
0.000000,0.010180,-0.010180,0.000000,0.000000,0.005090
0.000000,0.010140,-0.010140,0.000000,0.000000,0.005070
0.000000,0.010101,-0.010101,0.000000,0.000000,0.005050
0.000000,0.010061,-0.010061,0.000000,0.000000,0.005031
0.000000,0.010022,-0.010022,0.000000,0.000000,0.005011
0.000000,0.009983,-0.009983,0.000000,0.000000,0.004992
0.000000,0.009944,-0.009944,0.000000,0.000000,0.004972
0.000000,0.009905,-0.009905,0.000000,0.000000,0.004953
0.000000,0.009866,-0.009866,0.000000,0.000000,0.004933
0.000000,0.009827,-0.009827,0.000000,0.000000,0.004914
0.000000,0.009789,-0.009789,0.000000,0.000000,0.004894
0.000000,0.009750,-0.009750,0.000000,0.000000,0.004875
0.000000,0.009711,-0.009711,0.000000,0.000000,0.004856
0.000000,0.009673,-0.009673,0.000000,0.000000,0.004836
0.000000,0.009634,-0.009634,0.000000,0.000000,0.004817
0.000000,0.009596,-0.009596,0.000000,0.000000,0.004798
0.000000,0.009557,-0.009557,0.000000,0.000000,0.004779
0.000000,0.009519,-0.009519,0.000000,0.000000,0.004760
0.000000,0.009481,-0.009481,0.000000,0.000000,0.004740
0.000000,0.009443,-0.009443,0.000000,0.000000,0.004721
0.000000,0.009405,-0.009405,0.000000,0.000000,0.004702
0.000000,0.009367,-0.009367,0.000000,0.000000,0.004683
0.000000,0.009329,-0.009329,0.000000,0.000000,0.004664
0.000000,0.009291,-0.009291,0.000000,0.000000,0.004646
0.000000,0.009253,-0.009253,0.000000,0.000000,0.004627
0.000000,0.009216,-0.009216,0.000000,0.000000,0.004608
0.000000,0.009178,-0.009178,0.000000,0.000000,0.004589
0.000000,0.009141,-0.009141,0.000000,0.000000,0.004570
0.000000,0.009103,-0.009103,0.000000,0.000000,0.004552
0.000000,0.009066,-0.009066,0.000000,0.000000,0.004533
0.000000,0.009028,-0.009028,0.000000,0.000000,0.004514
0.000000,0.008991,-0.008991,0.000000,0.000000,0.004496
0.000000,0.008954,-0.008954,0.000000,0.000000,0.004477
0.000000,0.008917,-0.008917,0.000000,0.000000,0.004458
0.000000,0.008880,-0.008880,0.000000,0.000000,0.004440
0.000000,0.008843,-0.008843,0.000000,0.000000,0.004421
0.000000,0.008806,-0.008806,0.000000,0.000000,0.004403
0.000000,0.008769,-0.008769,0.000000,0.000000,0.004385
0.000000,0.008733,-0.008733,0.000000,0.000000,0.004366
0.000000,0.008696,-0.008696,0.000000,0.000000,0.004348
0.000000,0.008659,-0.008659,0.000000,0.000000,0.004330
0.000000,0.008623,-0.008623,0.000000,0.000000,0.004311
0.000000,0.008586,-0.008586,0.000000,0.000000,0.004293
0.000000,0.008550,-0.008550,0.000000,0.000000,0.004275
0.000000,0.008514,-0.008514,0.000000,0.000000,0.004257
0.000000,0.008478,-0.008478,0.000000,0.000000,0.004239
0.000000,0.008441,-0.008441,0.000000,0.000000,0.004221
0.000000,0.008405,-0.008405,0.000000,0.000000,0.004203
0.000000,0.008369,-0.008369,0.000000,0.000000,0.004185
0.000000,0.008333,-0.008333,0.000000,0.000000,0.004167
0.000000,0.008298,-0.008298,0.000000,0.000000,0.004149
0.000000,0.008262,-0.008262,0.000000,0.000000,0.004131
0.000000,0.008226,-0.008226,0.000000,0.000000,0.004113
0.000000,0.008191,-0.008191,0.000000,0.000000,0.004095
0.000000,0.008155,-0.008155,0.000000,0.000000,0.004077
0.000000,0.008120,-0.008120,0.000000,0.000000,0.004060
0.000000,0.008084,-0.008084,0.000000,0.000000,0.004042
0.000000,0.008049,-0.008049,0.000000,0.000000,0.004024
0.000000,0.008014,-0.008014,0.000000,0.000000,0.004007
0.000000,0.007978,-0.007978,0.000000,0.000000,0.003989
0.000000,0.007943,-0.007943,0.000000,0.000000,0.003972
0.000000,0.007908,-0.007908,0.000000,0.000000,0.003954
0.000000,0.007873,-0.007873,0.000000,0.000000,0.003937
0.000000,0.007838,-0.007838,0.000000,0.000000,0.003919
0.000000,0.007804,-0.007804,0.000000,0.000000,0.003902
0.000000,0.007769,-0.007769,0.000000,0.000000,0.003884
0.000000,0.007734,-0.007734,0.000000,0.000000,0.003867
0.000000,0.007700,-0.007700,0.000000,0.000000,0.003850
0.000000,0.007665,-0.007665,0.000000,0.000000,0.003833
0.000000,0.007631,-0.007631,0.000000,0.000000,0.003815
0.000000,0.007596,-0.007596,0.000000,0.000000,0.003798
0.000000,0.007562,-0.007562,0.000000,0.000000,0.003781
0.000000,0.007528,-0.007528,0.000000,0.000000,0.003764
0.000000,0.007494,-0.007494,0.000000,0.000000,0.003747
0.000000,0.007460,-0.007460,0.000000,0.000000,0.003730
0.000000,0.007426,-0.007426,0.000000,0.000000,0.003713
0.000000,0.007392,-0.007392,0.000000,0.000000,0.003696
0.000000,0.007358,-0.007358,0.000000,0.000000,0.003679
0.000000,0.007324,-0.007324,0.000000,0.000000,0.003662
0.000000,0.007291,-0.007291,0.000000,0.000000,0.003645
0.000000,0.007257,-0.007257,0.000000,0.000000,0.003628
0.000000,0.007223,-0.007223,0.000000,0.000000,0.003612
0.000000,0.007190,-0.007190,0.000000,0.000000,0.003595
0.000000,0.007157,-0.007157,0.000000,0.000000,0.003578
0.000000,0.007123,-0.007123,0.000000,0.000000,0.003562
0.000000,0.007090,-0.007090,0.000000,0.000000,0.003545
0.000000,0.007057,-0.007057,0.000000,0.000000,0.003528
0.000000,0.007024,-0.007024,0.000000,0.000000,0.003512
0.000000,0.006991,-0.006991,0.000000,0.000000,0.003495
0.000000,0.006958,-0.006958,0.000000,0.000000,0.003479
0.000000,0.006925,-0.006925,0.000000,0.000000,0.003462
0.000000,0.006892,-0.006892,0.000000,0.000000,0.003446
0.000000,0.006859,-0.006859,0.000000,0.000000,0.003430
0.000000,0.006827,-0.006827,0.000000,0.000000,0.003413
0.000000,0.006794,-0.006794,0.000000,0.000000,0.003397
0.000000,0.006762,-0.006762,0.000000,0.000000,0.003381
0.000000,0.006729,-0.006729,0.000000,0.000000,0.003365
0.000000,0.006697,-0.006697,0.000000,0.000000,0.003348
0.000000,0.006665,-0.006665,0.000000,0.000000,0.003332
0.000000,0.006633,-0.006633,0.000000,0.000000,0.003316
0.000000,0.006600,-0.006600,0.000000,0.000000,0.003300
0.000000,0.006568,-0.006568,0.000000,0.000000,0.003284
0.000000,0.006536,-0.006536,0.000000,0.000000,0.003268
0.000000,0.006505,-0.006505,0.000000,0.000000,0.003252
0.000000,0.006473,-0.006473,0.000000,0.000000,0.003236
0.000000,0.006441,-0.006441,0.000000,0.000000,0.003221
0.000000,0.006409,-0.006409,0.000000,0.000000,0.003205
0.000000,0.006378,-0.006378,0.000000,0.000000,0.003189
0.000000,0.006346,-0.006346,0.000000,0.000000,0.003173
0.000000,0.006315,-0.006315,0.000000,0.000000,0.003157
0.000000,0.006283,-0.006283,0.000000,0.000000,0.003142
0.000000,0.006252,-0.006252,0.000000,0.000000,0.003126
0.000000,0.006221,-0.006221,0.000000,0.000000,0.003110
0.000000,0.006190,-0.006190,0.000000,0.000000,0.003095
0.000000,0.006159,-0.006159,0.000000,0.000000,0.003079
0.000000,0.006128,-0.006128,0.000000,0.000000,0.003064
0.000000,0.006097,-0.006097,0.000000,0.000000,0.003048
0.000000,0.006066,-0.006066,0.000000,0.000000,0.003033
0.000000,0.006035,-0.006035,0.000000,0.000000,0.003018
0.000000,0.006005,-0.006005,0.000000,0.000000,0.003002
0.000000,0.005974,-0.005974,0.000000,0.000000,0.002987
0.000000,0.005944,-0.005944,0.000000,0.000000,0.002972
0.000000,0.005913,-0.005913,0.000000,0.000000,0.002957
0.000000,0.005883,-0.005883,0.000000,0.000000,0.002941
0.000000,0.005852,-0.005852,0.000000,0.000000,0.002926
0.000000,0.005822,-0.005822,0.000000,0.000000,0.002911
0.000000,0.005792,-0.005792,0.000000,0.000000,0.002896
0.000000,0.005762,-0.005762,0.000000,0.000000,0.002881
0.000000,0.005732,-0.005732,0.000000,0.000000,0.002866
0.000000,0.005702,-0.005702,0.000000,0.000000,0.002851
0.000000,0.005672,-0.005672,0.000000,0.000000,0.002836
0.000000,0.005642,-0.005642,0.000000,0.000000,0.002821
0.000000,0.005613,-0.005613,0.000000,0.000000,0.002806
0.000000,0.005583,-0.005583,0.000000,0.000000,0.002792
0.000000,0.005554,-0.005554,0.000000,0.000000,0.002777
0.000000,0.005524,-0.005524,0.000000,0.000000,0.002762
0.000000,0.005495,-0.005495,0.000000,0.000000,0.002747
0.000000,0.005465,-0.005465,0.000000,0.000000,0.002733
0.000000,0.005436,-0.005436,0.000000,0.000000,0.002718
0.000000,0.005407,-0.005407,0.000000,0.000000,0.002704
0.000000,0.005378,-0.005378,0.000000,0.000000,0.002689
0.000000,0.005349,-0.005349,0.000000,0.000000,0.002674
0.000000,0.005320,-0.005320,0.000000,0.000000,0.002660
0.000000,0.005291,-0.005291,0.000000,0.000000,0.002646
0.000000,0.005262,-0.005262,0.000000,0.000000,0.002631
0.000000,0.005234,-0.005234,0.000000,0.000000,0.002617
0.000000,0.005205,-0.005205,0.000000,0.000000,0.002603
0.000000,0.005177,-0.005177,0.000000,0.000000,0.002588
0.000000,0.005148,-0.005148,0.000000,0.000000,0.002574
0.000000,0.005120,-0.005120,0.000000,0.000000,0.002560
0.000000,0.005091,-0.005091,0.000000,0.000000,0.002546
0.000000,0.005063,-0.005063,0.000000,0.000000,0.002532
0.000000,0.005035,-0.005035,0.000000,0.000000,0.002517
0.000000,0.005007,-0.005007,0.000000,0.000000,0.002503
0.000000,0.004979,-0.004979,0.000000,0.000000,0.002489
0.000000,0.004951,-0.004951,0.000000,0.000000,0.002475
0.000000,0.004923,-0.004923,0.000000,0.000000,0.002462
0.000000,0.004895,-0.004895,0.000000,0.000000,0.002448
0.000000,0.004868,-0.004868,0.000000,0.000000,0.002434
0.000000,0.004840,-0.004840,0.000000,0.000000,0.002420
0.000000,0.004812,-0.004812,0.000000,0.000000,0.002406
0.000000,0.004785,-0.004785,0.000000,0.000000,0.002392
0.000000,0.004758,-0.004758,0.000000,0.000000,0.002379
0.000000,0.004730,-0.004730,0.000000,0.000000,0.002365
0.000000,0.004703,-0.004703,0.000000,0.000000,0.002351
0.000000,0.004676,-0.004676,0.000000,0.000000,0.002338
0.000000,0.004649,-0.004649,0.000000,0.000000,0.002324
0.000000,0.004622,-0.004622,0.000000,0.000000,0.002311
0.000000,0.004595,-0.004595,0.000000,0.000000,0.002297
0.000000,0.004568,-0.004568,0.000000,0.000000,0.002284
0.000000,0.004541,-0.004541,0.000000,0.000000,0.002271
0.000000,0.004514,-0.004514,0.000000,0.000000,0.002257
0.000000,0.004488,-0.004488,0.000000,0.000000,0.002244
0.000000,0.004461,-0.004461,0.000000,0.000000,0.002231
0.000000,0.004435,-0.004435,0.000000,0.000000,0.002217
0.000000,0.004408,-0.004408,0.000000,0.000000,0.002204
0.000000,0.004382,-0.004382,0.000000,0.000000,0.002191
0.000000,0.004356,-0.004356,0.000000,0.000000,0.002178
0.000000,0.004330,-0.004330,0.000000,0.000000,0.002165
0.000000,0.004304,-0.004304,0.000000,0.000000,0.002152
0.000000,0.004278,-0.004278,0.000000,0.000000,0.002139
0.000000,0.004252,-0.004252,0.000000,0.000000,0.002126
0.000000,0.004226,-0.004226,0.000000,0.000000,0.002113
0.000000,0.004200,-0.004200,0.000000,0.000000,0.002100
0.000000,0.004174,-0.004174,0.000000,0.000000,0.002087
0.000000,0.004149,-0.004149,0.000000,0.000000,0.002074
0.000000,0.004123,-0.004123,0.000000,0.000000,0.002062
0.000000,0.004098,-0.004098,0.000000,0.000000,0.002049
0.000000,0.004072,-0.004072,0.000000,0.000000,0.002036
0.000000,0.004047,-0.004047,0.000000,0.000000,0.002023
0.000000,0.004022,-0.004022,0.000000,0.000000,0.002011
0.000000,0.003997,-0.003997,0.000000,0.000000,0.001998
0.000000,0.003971,-0.003971,0.000000,0.000000,0.001986
0.000000,0.003946,-0.003946,0.000000,0.000000,0.001973
0.000000,0.003921,-0.003921,0.000000,0.000000,0.001961
0.000000,0.003897,-0.003897,0.000000,0.000000,0.001948
0.000000,0.003872,-0.003872,0.000000,0.000000,0.001936
0.000000,0.003847,-0.003847,0.000000,0.000000,0.001924
0.000000,0.003823,-0.003823,0.000000,0.000000,0.001911
0.000000,0.003798,-0.003798,0.000000,0.000000,0.001899
0.000000,0.003774,-0.003774,0.000000,0.000000,0.001887
0.000000,0.003749,-0.003749,0.000000,0.000000,0.001875
0.000000,0.003725,-0.003725,0.000000,0.000000,0.001862
0.000000,0.003701,-0.003701,0.000000,0.000000,0.001850
0.000000,0.003676,-0.003676,0.000000,0.000000,0.001838
0.000000,0.003652,-0.003652,0.000000,0.000000,0.001826
0.000000,0.003628,-0.003628,0.000000,0.000000,0.001814
0.000000,0.003604,-0.003604,0.000000,0.000000,0.001802
0.000000,0.003581,-0.003581,0.000000,0.000000,0.001790
0.000000,0.003557,-0.003557,0.000000,0.000000,0.001778
0.000000,0.003533,-0.003533,0.000000,0.000000,0.001767
0.000000,0.003510,-0.003510,0.000000,0.000000,0.001755
0.000000,0.003486,-0.003486,0.000000,0.000000,0.001743
0.000000,0.003463,-0.003463,0.000000,0.000000,0.001731
0.000000,0.003439,-0.003439,0.000000,0.000000,0.001720
0.000000,0.003416,-0.003416,0.000000,0.000000,0.001708
0.000000,0.003393,-0.003393,0.000000,0.000000,0.001696
0.000000,0.003369,-0.003369,0.000000,0.000000,0.001685
0.000000,0.003346,-0.003346,0.000000,0.000000,0.001673
0.000000,0.003323,-0.003323,0.000000,0.000000,0.001662
0.000000,0.003301,-0.003301,0.000000,0.000000,0.001650
0.000000,0.003278,-0.003278,0.000000,0.000000,0.001639
0.000000,0.003255,-0.003255,0.000000,0.000000,0.001627
0.000000,0.003232,-0.003232,0.000000,0.000000,0.001616
0.000000,0.003210,-0.003210,0.000000,0.000000,0.001605
0.000000,0.003187,-0.003187,0.000000,0.000000,0.001594
0.000000,0.003165,-0.003165,0.000000,0.000000,0.001582
0.000000,0.003142,-0.003142,0.000000,0.000000,0.001571
0.000000,0.003120,-0.003120,0.000000,0.000000,0.001560
0.000000,0.003098,-0.003098,0.000000,0.000000,0.001549
0.000000,0.003076,-0.003076,0.000000,0.000000,0.001538
0.000000,0.003054,-0.003054,0.000000,0.000000,0.001527
0.000000,0.003032,-0.003032,0.000000,0.000000,0.001516
0.000000,0.003010,-0.003010,0.000000,0.000000,0.001505
0.000000,0.002988,-0.002988,0.000000,0.000000,0.001494
0.000000,0.002966,-0.002966,0.000000,0.000000,0.001483
0.000000,0.002945,-0.002945,0.000000,0.000000,0.001472
0.000000,0.002923,-0.002923,0.000000,0.000000,0.001461
0.000000,0.002901,-0.002901,0.000000,0.000000,0.001451
0.000000,0.002880,-0.002880,0.000000,0.000000,0.001440
0.000000,0.002859,-0.002859,0.000000,0.000000,0.001429
0.000000,0.002837,-0.002837,0.000000,0.000000,0.001419
0.000000,0.002816,-0.002816,0.000000,0.000000,0.001408
0.000000,0.002795,-0.002795,0.000000,0.000000,0.001398
0.000000,0.002774,-0.002774,0.000000,0.000000,0.001387
0.000000,0.002753,-0.002753,0.000000,0.000000,0.001377
0.000000,0.002732,-0.002732,0.000000,0.000000,0.001366
0.000000,0.002711,-0.002711,0.000000,0.000000,0.001356
0.000000,0.002691,-0.002691,0.000000,0.000000,0.001345
0.000000,0.002670,-0.002670,0.000000,0.000000,0.001335
0.000000,0.002649,-0.002649,0.000000,0.000000,0.001325
0.000000,0.002629,-0.002629,0.000000,0.000000,0.001314
0.000000,0.002609,-0.002609,0.000000,0.000000,0.001304
0.000000,0.002588,-0.002588,0.000000,0.000000,0.001294
0.000000,0.002568,-0.002568,0.000000,0.000000,0.001284
0.000000,0.002548,-0.002548,0.000000,0.000000,0.001274
0.000000,0.002528,-0.002528,0.000000,0.000000,0.001264
0.000000,0.002508,-0.002508,0.000000,0.000000,0.001254
0.000000,0.002488,-0.002488,0.000000,0.000000,0.001244
0.000000,0.002468,-0.002468,0.000000,0.000000,0.001234
0.000000,0.002448,-0.002448,0.000000,0.000000,0.001224
0.000000,0.002428,-0.002428,0.000000,0.000000,0.001214
0.000000,0.002409,-0.002409,0.000000,0.000000,0.001204
0.000000,0.002389,-0.002389,0.000000,0.000000,0.001195
0.000000,0.002370,-0.002370,0.000000,0.000000,0.001185
0.000000,0.002350,-0.002350,0.000000,0.000000,0.001175
0.000000,0.002331,-0.002331,0.000000,0.000000,0.001166
0.000000,0.002312,-0.002312,0.000000,0.000000,0.001156
0.000000,0.002293,-0.002293,0.000000,0.000000,0.001146
0.000000,0.002274,-0.002274,0.000000,0.000000,0.001137
0.000000,0.002255,-0.002255,0.000000,0.000000,0.001127
0.000000,0.002236,-0.002236,0.000000,0.000000,0.001118
0.000000,0.002217,-0.002217,0.000000,0.000000,0.001108
0.000000,0.002198,-0.002198,0.000000,0.000000,0.001099
0.000000,0.002179,-0.002179,0.000000,0.000000,0.001090
0.000000,0.002161,-0.002161,0.000000,0.000000,0.001080
0.000000,0.002142,-0.002142,0.000000,0.000000,0.001071
0.000000,0.002124,-0.002124,0.000000,0.000000,0.001062
0.000000,0.002106,-0.002106,0.000000,0.000000,0.001053
0.000000,0.002087,-0.002087,0.000000,0.000000,0.001044
0.000000,0.002069,-0.002069,0.000000,0.000000,0.001035
0.000000,0.002051,-0.002051,0.000000,0.000000,0.001025
0.000000,0.002033,-0.002033,0.000000,0.000000,0.001016
0.000000,0.002015,-0.002015,0.000000,0.000000,0.001007
0.000000,0.001997,-0.001997,0.000000,0.000000,0.000999
0.000000,0.001979,-0.001979,0.000000,0.000000,0.000990
0.000000,0.001961,-0.001961,0.000000,0.000000,0.000981
0.000000,0.001944,-0.001944,0.000000,0.000000,0.000972
0.000000,0.001926,-0.001926,0.000000,0.000000,0.000963
0.000000,0.001909,-0.001909,0.000000,0.000000,0.000954
0.000000,0.001891,-0.001891,0.000000,0.000000,0.000946
0.000000,0.001874,-0.001874,0.000000,0.000000,0.000937
0.000000,0.001857,-0.001857,0.000000,0.000000,0.000928
0.000000,0.001840,-0.001840,0.000000,0.000000,0.000920
0.000000,0.001822,-0.001822,0.000000,0.000000,0.000911
0.000000,0.001805,-0.001805,0.000000,0.000000,0.000903
0.000000,0.001788,-0.001788,0.000000,0.000000,0.000894
0.000000,0.001772,-0.001772,0.000000,0.000000,0.000886
0.000000,0.001755,-0.001755,0.000000,0.000000,0.000877
0.000000,0.001738,-0.001738,0.000000,0.000000,0.000869
0.000000,0.001722,-0.001722,0.000000,0.000000,0.000861
0.000000,0.001705,-0.001705,0.000000,0.000000,0.000852
0.000000,0.001689,-0.001689,0.000000,0.000000,0.000844
0.000000,0.001672,-0.001672,0.000000,0.000000,0.000836
0.000000,0.001656,-0.001656,0.000000,0.000000,0.000828
0.000000,0.001640,-0.001640,0.000000,0.000000,0.000820
0.000000,0.001623,-0.001623,0.000000,0.000000,0.000812
0.000000,0.001607,-0.001607,0.000000,0.000000,0.000804
0.000000,0.001591,-0.001591,0.000000,0.000000,0.000796
0.000000,0.001575,-0.001575,0.000000,0.000000,0.000788
0.000000,0.001560,-0.001560,0.000000,0.000000,0.000780
0.000000,0.001544,-0.001544,0.000000,0.000000,0.000772
0.000000,0.001528,-0.001528,0.000000,0.000000,0.000764
0.000000,0.001513,-0.001513,0.000000,0.000000,0.000756
0.000000,0.001497,-0.001497,0.000000,0.000000,0.000749
0.000000,0.001482,-0.001482,0.000000,0.000000,0.000741
0.000000,0.001466,-0.001466,0.000000,0.000000,0.000733
0.000000,0.001451,-0.001451,0.000000,0.000000,0.000726
0.000000,0.001436,-0.001436,0.000000,0.000000,0.000718
0.000000,0.001421,-0.001421,0.000000,0.000000,0.000710
0.000000,0.001406,-0.001406,0.000000,0.000000,0.000703
0.000000,0.001391,-0.001391,0.000000,0.000000,0.000695
0.000000,0.001376,-0.001376,0.000000,0.000000,0.000688
0.000000,0.001361,-0.001361,0.000000,0.000000,0.000681
0.000000,0.001346,-0.001346,0.000000,0.000000,0.000673
0.000000,0.001332,-0.001332,0.000000,0.000000,0.000666
0.000000,0.001317,-0.001317,0.000000,0.000000,0.000659
0.000000,0.001303,-0.001303,0.000000,0.000000,0.000651
0.000000,0.001288,-0.001288,0.000000,0.000000,0.000644
0.000000,0.001274,-0.001274,0.000000,0.000000,0.000637
0.000000,0.001260,-0.001260,0.000000,0.000000,0.000630
0.000000,0.001245,-0.001245,0.000000,0.000000,0.000623
0.000000,0.001231,-0.001231,0.000000,0.000000,0.000616
0.000000,0.001217,-0.001217,0.000000,0.000000,0.000609
0.000000,0.001203,-0.001203,0.000000,0.000000,0.000602
0.000000,0.001190,-0.001190,0.000000,0.000000,0.000595
0.000000,0.001176,-0.001176,0.000000,0.000000,0.000588
0.000000,0.001162,-0.001162,0.000000,0.000000,0.000581
0.000000,0.001149,-0.001149,0.000000,0.000000,0.000574
0.000000,0.001135,-0.001135,0.000000,0.000000,0.000568
0.000000,0.001122,-0.001122,0.000000,0.000000,0.000561
0.000000,0.001108,-0.001108,0.000000,0.000000,0.000554
0.000000,0.001095,-0.001095,0.000000,0.000000,0.000547
0.000000,0.001082,-0.001082,0.000000,0.000000,0.000541
0.000000,0.001069,-0.001069,0.000000,0.000000,0.000534
0.000000,0.001056,-0.001056,0.000000,0.000000,0.000528
0.000000,0.001043,-0.001043,0.000000,0.000000,0.000521
0.000000,0.001030,-0.001030,0.000000,0.000000,0.000515
0.000000,0.001017,-0.001017,0.000000,0.000000,0.000508
0.000000,0.001004,-0.001004,0.000000,0.000000,0.000502
0.000000,0.000992,-0.000992,0.000000,0.000000,0.000496
0.000000,0.000979,-0.000979,0.000000,0.000000,0.000489
0.000000,0.000966,-0.000966,0.000000,0.000000,0.000483
0.000000,0.000954,-0.000954,0.000000,0.000000,0.000477
0.000000,0.000942,-0.000942,0.000000,0.000000,0.000471
0.000000,0.000929,-0.000929,0.000000,0.000000,0.000465
0.000000,0.000917,-0.000917,0.000000,0.000000,0.000459
0.000000,0.000905,-0.000905,0.000000,0.000000,0.000453
0.000000,0.000893,-0.000893,0.000000,0.000000,0.000447
0.000000,0.000881,-0.000881,0.000000,0.000000,0.000441
0.000000,0.000869,-0.000869,0.000000,0.000000,0.000435
0.000000,0.000858,-0.000858,0.000000,0.000000,0.000429
0.000000,0.000846,-0.000846,0.000000,0.000000,0.000423
0.000000,0.000834,-0.000834,0.000000,0.000000,0.000417
0.000000,0.000823,-0.000823,0.000000,0.000000,0.000411
0.000000,0.000811,-0.000811,0.000000,0.000000,0.000406
0.000000,0.000800,-0.000800,0.000000,0.000000,0.000400
0.000000,0.000789,-0.000789,0.000000,0.000000,0.000394
0.000000,0.000777,-0.000777,0.000000,0.000000,0.000389
0.000000,0.000766,-0.000766,0.000000,0.000000,0.000383
0.000000,0.000755,-0.000755,0.000000,0.000000,0.000378
0.000000,0.000744,-0.000744,0.000000,0.000000,0.000372
0.000000,0.000733,-0.000733,0.000000,0.000000,0.000367
0.000000,0.000723,-0.000723,0.000000,0.000000,0.000361
0.000000,0.000712,-0.000712,0.000000,0.000000,0.000356
0.000000,0.000701,-0.000701,0.000000,0.000000,0.000351
0.000000,0.000691,-0.000691,0.000000,0.000000,0.000345
0.000000,0.000680,-0.000680,0.000000,0.000000,0.000340
0.000000,0.000670,-0.000670,0.000000,0.000000,0.000335
0.000000,0.000659,-0.000659,0.000000,0.000000,0.000330
0.000000,0.000649,-0.000649,0.000000,0.000000,0.000325
0.000000,0.000639,-0.000639,0.000000,0.000000,0.000319
0.000000,0.000629,-0.000629,0.000000,0.000000,0.000314
0.000000,0.000619,-0.000619,0.000000,0.000000,0.000309
0.000000,0.000609,-0.000609,0.000000,0.000000,0.000304
0.000000,0.000599,-0.000599,0.000000,0.000000,0.000300
0.000000,0.000589,-0.000589,0.000000,0.000000,0.000295
0.000000,0.000580,-0.000580,0.000000,0.000000,0.000290
0.000000,0.000570,-0.000570,0.000000,0.000000,0.000285
0.000000,0.000561,-0.000561,0.000000,0.000000,0.000280
0.000000,0.000551,-0.000551,0.000000,0.000000,0.000276
0.000000,0.000542,-0.000542,0.000000,0.000000,0.000271
0.000000,0.000532,-0.000532,0.000000,0.000000,0.000266
0.000000,0.000523,-0.000523,0.000000,0.000000,0.000262
0.000000,0.000514,-0.000514,0.000000,0.000000,0.000257
0.000000,0.000505,-0.000505,0.000000,0.000000,0.000252
0.000000,0.000496,-0.000496,0.000000,0.000000,0.000248
0.000000,0.000487,-0.000487,0.000000,0.000000,0.000244
0.000000,0.000478,-0.000478,0.000000,0.000000,0.000239
0.000000,0.000470,-0.000470,0.000000,0.000000,0.000235
0.000000,0.000461,-0.000461,0.000000,0.000000,0.000230
0.000000,0.000452,-0.000452,0.000000,0.000000,0.000226
0.000000,0.000444,-0.000444,0.000000,0.000000,0.000222
0.000000,0.000435,-0.000435,0.000000,0.000000,0.000218
0.000000,0.000427,-0.000427,0.000000,0.000000,0.000214
0.000000,0.000419,-0.000419,0.000000,0.000000,0.000209
0.000000,0.000411,-0.000411,0.000000,0.000000,0.000205
0.000000,0.000403,-0.000403,0.000000,0.000000,0.000201
0.000000,0.000395,-0.000395,0.000000,0.000000,0.000197
0.000000,0.000387,-0.000387,0.000000,0.000000,0.000193
0.000000,0.000379,-0.000379,0.000000,0.000000,0.000189
0.000000,0.000371,-0.000371,0.000000,0.000000,0.000186
0.000000,0.000363,-0.000363,0.000000,0.000000,0.000182
0.000000,0.000356,-0.000356,0.000000,0.000000,0.000178
0.000000,0.000348,-0.000348,0.000000,0.000000,0.000174
0.000000,0.000341,-0.000341,0.000000,0.000000,0.000170
0.000000,0.000333,-0.000333,0.000000,0.000000,0.000167
0.000000,0.000326,-0.000326,0.000000,0.000000,0.000163
0.000000,0.000319,-0.000319,0.000000,0.000000,0.000159
0.000000,0.000312,-0.000312,0.000000,0.000000,0.000156
0.000000,0.000305,-0.000305,0.000000,0.000000,0.000152
0.000000,0.000298,-0.000298,0.000000,0.000000,0.000149
0.000000,0.000291,-0.000291,0.000000,0.000000,0.000145
0.000000,0.000284,-0.000284,0.000000,0.000000,0.000142
0.000000,0.000277,-0.000277,0.000000,0.000000,0.000139
0.000000,0.000271,-0.000271,0.000000,0.000000,0.000135
0.000000,0.000264,-0.000264,0.000000,0.000000,0.000132
0.000000,0.000258,-0.000258,0.000000,0.000000,0.000129
0.000000,0.000251,-0.000251,0.000000,0.000000,0.000126
0.000000,0.000245,-0.000245,0.000000,0.000000,0.000123
0.000000,0.000239,-0.000239,0.000000,0.000000,0.000119
0.000000,0.000233,-0.000233,0.000000,0.000000,0.000116
0.000000,0.000227,-0.000227,0.000000,0.000000,0.000113
0.000000,0.000221,-0.000221,0.000000,0.000000,0.000110
0.000000,0.000215,-0.000215,0.000000,0.000000,0.000107
0.000000,0.000209,-0.000209,0.000000,0.000000,0.000104
0.000000,0.000203,-0.000203,0.000000,0.000000,0.000102
0.000000,0.000197,-0.000197,0.000000,0.000000,0.000099
0.000000,0.000192,-0.000192,0.000000,0.000000,0.000096
0.000000,0.000186,-0.000186,0.000000,0.000000,0.000093
0.000000,0.000181,-0.000181,0.000000,0.000000,0.000090
0.000000,0.000175,-0.000175,0.000000,0.000000,0.000088
0.000000,0.000170,-0.000170,0.000000,0.000000,0.000085
0.000000,0.000165,-0.000165,0.000000,0.000000,0.000082
0.000000,0.000160,-0.000160,0.000000,0.000000,0.000080
0.000000,0.000155,-0.000155,0.000000,0.000000,0.000077
0.000000,0.000150,-0.000150,0.000000,0.000000,0.000075
0.000000,0.000145,-0.000145,0.000000,0.000000,0.000073
0.000000,0.000140,-0.000140,0.000000,0.000000,0.000070
0.000000,0.000136,-0.000136,0.000000,0.000000,0.000068
0.000000,0.000131,-0.000131,0.000000,0.000000,0.000065
0.000000,0.000126,-0.000126,0.000000,0.000000,0.000063
0.000000,0.000122,-0.000122,0.000000,0.000000,0.000061
0.000000,0.000117,-0.000117,0.000000,0.000000,0.000059
0.000000,0.000113,-0.000113,0.000000,0.000000,0.000057
0.000000,0.000109,-0.000109,0.000000,0.000000,0.000054
0.000000,0.000105,-0.000105,0.000000,0.000000,0.000052
0.000000,0.000101,-0.000101,0.000000,0.000000,0.000050
0.000000,0.000097,-0.000097,0.000000,0.000000,0.000048
0.000000,0.000093,-0.000093,0.000000,0.000000,0.000046
0.000000,0.000089,-0.000089,0.000000,0.000000,0.000044
0.000000,0.000085,-0.000085,0.000000,0.000000,0.000043
0.000000,0.000082,-0.000082,0.000000,0.000000,0.000041
0.000000,0.000078,-0.000078,0.000000,0.000000,0.000039
0.000000,0.000074,-0.000074,0.000000,0.000000,0.000037
0.000000,0.000071,-0.000071,0.000000,0.000000,0.000036
0.000000,0.000068,-0.000068,0.000000,0.000000,0.000034
0.000000,0.000064,-0.000064,0.000000,0.000000,0.000032
0.000000,0.000061,-0.000061,0.000000,0.000000,0.000031
0.000000,0.000058,-0.000058,0.000000,0.000000,0.000029
0.000000,0.000055,-0.000055,0.000000,0.000000,0.000028
0.000000,0.000052,-0.000052,0.000000,0.000000,0.000026
0.000000,0.000049,-0.000049,0.000000,0.000000,0.000025
0.000000,0.000047,-0.000047,0.000000,0.000000,0.000023
0.000000,0.000044,-0.000044,0.000000,0.000000,0.000022
0.000000,0.000041,-0.000041,0.000000,0.000000,0.000021
0.000000,0.000039,-0.000039,0.000000,0.000000,0.000019
0.000000,0.000036,-0.000036,0.000000,0.000000,0.000018
0.000000,0.000034,-0.000034,0.000000,0.000000,0.000017
0.000000,0.000032,-0.000032,0.000000,0.000000,0.000016
0.000000,0.000029,-0.000029,0.000000,0.000000,0.000015
0.000000,0.000027,-0.000027,0.000000,0.000000,0.000014
0.000000,0.000025,-0.000025,0.000000,0.000000,0.000013
0.000000,0.000023,-0.000023,0.000000,0.000000,0.000012
0.000000,0.000021,-0.000021,0.000000,0.000000,0.000011
0.000000,0.000020,-0.000020,0.000000,0.000000,0.000010
0.000000,0.000018,-0.000018,0.000000,0.000000,0.000009
0.000000,0.000016,-0.000016,0.000000,0.000000,0.000008
0.000000,0.000015,-0.000015,0.000000,0.000000,0.000007
0.000000,0.000013,-0.000013,0.000000,0.000000,0.000007
0.000000,0.000012,-0.000012,0.000000,0.000000,0.000006
0.000000,0.000010,-0.000010,0.000000,0.000000,0.000005
0.000000,0.000009,-0.000009,0.000000,0.000000,0.000005
0.000000,0.000008,-0.000008,0.000000,0.000000,0.000004
0.000000,0.000007,-0.000007,0.000000,0.000000,0.000003
0.000000,0.000006,-0.000006,0.000000,0.000000,0.000003
0.000000,0.000005,-0.000005,0.000000,0.000000,0.000002
0.000000,0.000004,-0.000004,0.000000,0.000000,0.000002
0.000000,0.000003,-0.000003,0.000000,0.000000,0.000002
0.000000,0.000003,-0.000003,0.000000,0.000000,0.000001
0.000000,0.000002,-0.000002,0.000000,0.000000,0.000001
0.000000,0.000001,-0.000001,0.000000,0.000000,0.000001
0.000000,0.000001,-0.000001,0.000000,0.000000,0.000001
0.000000,0.000001,-0.000001,0.000000,0.000000,0.000000
0.000000,0.000000,-0.000000,0.000000,0.000000,0.000000
0.000000,0.000000,-0.000000,0.000000,0.000000,0.000000
0.000000,0.000000,-0.000000,0.000000,0.000000,0.000000
0.000000,0.000000,0.000000,0.000000,0.000000,0.000000
